-- phpMyAdmin SQL Dump
-- version 3.4.5deb1
-- http://www.phpmyadmin.net
--
-- Host: localhost
-- Generation Time: Nov 21, 2013 at 01:26 PM
-- Server version: 5.1.66
-- PHP Version: 5.3.6-13ubuntu3.10

SET SQL_MODE="NO_AUTO_VALUE_ON_ZERO";
SET time_zone = "+00:00";


/*!40101 SET @OLD_CHARACTER_SET_CLIENT=@@CHARACTER_SET_CLIENT */;
/*!40101 SET @OLD_CHARACTER_SET_RESULTS=@@CHARACTER_SET_RESULTS */;
/*!40101 SET @OLD_COLLATION_CONNECTION=@@COLLATION_CONNECTION */;
/*!40101 SET NAMES utf8 */;

--
-- Database: `sylius_dev`
--

-- --------------------------------------------------------

--
-- Table structure for table `sylius_address`
--

CREATE TABLE IF NOT EXISTS `sylius_address` (
  `id` int(11) NOT NULL AUTO_INCREMENT,
  `country_id` int(11) DEFAULT NULL,
  `province_id` int(11) DEFAULT NULL,
  `first_name` varchar(255) COLLATE utf8_unicode_ci NOT NULL,
  `last_name` varchar(255) COLLATE utf8_unicode_ci NOT NULL,
  `street` varchar(255) COLLATE utf8_unicode_ci NOT NULL,
  `company` varchar(255) COLLATE utf8_unicode_ci DEFAULT NULL,
  `city` varchar(255) COLLATE utf8_unicode_ci NOT NULL,
  `postcode` varchar(255) COLLATE utf8_unicode_ci NOT NULL,
  `created_at` datetime NOT NULL,
  `updated_at` datetime DEFAULT NULL,
  PRIMARY KEY (`id`),
  KEY `IDX_B97FF058F92F3E70` (`country_id`),
  KEY `IDX_B97FF058E946114A` (`province_id`)
) ENGINE=InnoDB  DEFAULT CHARSET=utf8 COLLATE=utf8_unicode_ci AUTO_INCREMENT=101 ;

--
-- Dumping data for table `sylius_address`
--

INSERT INTO `sylius_address` (`id`, `country_id`, `province_id`, `first_name`, `last_name`, `street`, `company`, `city`, `postcode`, `created_at`, `updated_at`) VALUES
(1, 90, NULL, 'Rossie', 'Zulauf', '08462 Selina River', NULL, 'New Nick', '81597-9915', '2013-11-11 20:21:05', '2013-11-11 20:21:05'),
(2, 50, NULL, 'Llewellyn', 'Doyle', '925 Garth Inlet Suite 951', NULL, 'Port Norberttown', '31061', '2013-11-11 20:21:05', '2013-11-11 20:21:05'),
(3, 83, NULL, 'Elisabeth', 'Schuster', '13176 Labadie Plaza Suite 053', NULL, 'O''Connerfurt', '82810', '2013-11-11 20:21:05', '2013-11-11 20:21:05'),
(4, 217, NULL, 'Christine', 'Wuckert', '755 Kohler Lakes', NULL, 'Kohlerfort', '18736-5531', '2013-11-11 20:21:05', '2013-11-11 20:21:05'),
(5, 116, NULL, 'Oscar', 'Rutherford', '6166 Emma Camp Suite 494', NULL, 'Altown', '88276-9531', '2013-11-11 20:21:05', '2013-11-11 20:21:05'),
(6, 90, NULL, 'Phoebe', 'Lemke', '77525 Serena Coves Suite 918', NULL, 'South Zane', '14021-1046', '2013-11-11 20:21:05', '2013-11-11 20:21:05'),
(7, 185, NULL, 'Talia', 'Fahey', '02357 D''Amore Causeway Apt. 521', NULL, 'Port Magnoliaville', '54651-2067', '2013-11-11 20:21:05', '2013-11-11 20:21:05'),
(8, 109, NULL, 'Annabell', 'Halvorson', '371 Fabiola Loop', NULL, 'Coleshire', '47524', '2013-11-11 20:21:05', '2013-11-11 20:21:05'),
(9, 50, NULL, 'Arely', 'Erdman', '7806 Hoeger Route Apt. 650', NULL, 'New Augustton', '52308', '2013-11-11 20:21:05', '2013-11-11 20:21:05'),
(10, 190, NULL, 'Torrance', 'Lang', '7744 Damien Turnpike', NULL, 'Schadenport', '84054-9233', '2013-11-11 20:21:05', '2013-11-11 20:21:05'),
(11, 83, NULL, 'Alva', 'Hammes', '1251 Kayley Walks Apt. 700', NULL, 'Rathfort', '61550-2071', '2013-11-11 20:21:05', '2013-11-11 20:21:05'),
(12, 113, NULL, 'Bernadine', 'Bailey', '2647 Maiya Flat', NULL, 'Vellaberg', '31984-5803', '2013-11-11 20:21:05', '2013-11-11 20:21:05'),
(13, 90, NULL, 'Milan', 'Altenwerth', '469 Mann Alley Suite 434', NULL, 'Bauchstad', '27784', '2013-11-11 20:21:05', '2013-11-11 20:21:05'),
(14, 90, NULL, 'Oren', 'Grant', '7625 Ava Club', NULL, 'Charliemouth', '88269-8394', '2013-11-11 20:21:05', '2013-11-11 20:21:05'),
(15, 185, NULL, 'Linda', 'Williamson', '875 Gregorio Lane Suite 284', NULL, 'Gaylordmouth', '76448', '2013-11-11 20:21:05', '2013-11-11 20:21:05'),
(16, 109, NULL, 'Jalon', 'Emard', '24423 Halvorson Streets', NULL, 'North Chaseside', '81782-2345', '2013-11-11 20:21:05', '2013-11-11 20:21:05'),
(17, 148, NULL, 'Margret', 'Gleichner', '07304 Abigail View Suite 618', NULL, 'West Christianmouth', '11484', '2013-11-11 20:21:05', '2013-11-11 20:21:06'),
(18, 113, NULL, 'Rhiannon', 'Mertz', '618 Maryam Groves Apt. 987', NULL, 'Port Carmela', '16203-7886', '2013-11-11 20:21:05', '2013-11-11 20:21:06'),
(19, 113, NULL, 'Geraldine', 'Roob', '539 Bo Trail Apt. 332', NULL, 'Lake Harry', '29254', '2013-11-11 20:21:06', '2013-11-11 20:21:06'),
(20, 247, 5, 'Gerson', 'Pacocha', '4342 Keebler Pass', NULL, 'Genesisberg', '70580-6868', '2013-11-11 20:21:06', '2013-11-11 20:21:06'),
(21, 190, NULL, 'Esther', 'Collier', '03369 Hills Street', NULL, 'Rueckertown', '18364', '2013-11-11 20:21:06', '2013-11-11 20:21:06'),
(22, 109, NULL, 'Giovanni', 'Brekke', '9463 Yoshiko Avenue Apt. 743', NULL, 'New Josiah', '62499-4774', '2013-11-11 20:21:06', '2013-11-11 20:21:06'),
(23, 90, NULL, 'Dianna', 'Price', '2186 Ferry Mountains', NULL, 'Madgeborough', '20127', '2013-11-11 20:21:06', '2013-11-11 20:21:06'),
(24, 109, NULL, 'Katelyn', 'Mraz', '1381 Gibson Burg Apt. 650', NULL, 'Schinnerbury', '45781-6356', '2013-11-11 20:21:06', '2013-11-11 20:21:06'),
(25, 116, NULL, 'Rowena', 'Rice', '5084 Yasmine Lights Apt. 512', NULL, 'Davonburgh', '53491', '2013-11-11 20:21:06', '2013-11-11 20:21:06'),
(26, 190, NULL, 'Savion', 'Nolan', '57427 Joyce Cove Suite 531', NULL, 'North Margaretteton', '53619', '2013-11-11 20:21:06', '2013-11-11 20:21:06'),
(27, 90, NULL, 'Milan', 'Boyle', '8288 Teagan Ford Apt. 295', NULL, 'Wilmerport', '55787', '2013-11-11 20:21:06', '2013-11-11 20:21:06'),
(28, 190, NULL, 'Brando', 'Rosenbaum', '1966 Kling Garden', NULL, 'Gudrunberg', '61105-2054', '2013-11-11 20:21:06', '2013-11-11 20:21:06'),
(29, 109, NULL, 'Garnet', 'Champlin', '3148 Fay Streets', NULL, 'South Elliott', '31161', '2013-11-11 20:21:06', '2013-11-11 20:21:06'),
(30, 41, NULL, 'Jeanie', 'Raynor', '113 Anderson Falls', NULL, 'North Madisenberg', '35020-5609', '2013-11-11 20:21:06', '2013-11-11 20:21:06'),
(31, 41, NULL, 'Erich', 'Osinski', '6645 Bode Gardens Suite 345', NULL, 'South Curtshire', '02375', '2013-11-11 20:21:06', '2013-11-11 20:21:06'),
(32, 116, NULL, 'Jordy', 'Wisozk', '47969 Mya Valleys', NULL, 'East Kareem', '68185-7369', '2013-11-11 20:21:06', '2013-11-11 20:21:06'),
(33, 190, NULL, 'Justice', 'Prohaska', '1855 Mante Via', NULL, 'West Lexieshire', '86946-7551', '2013-11-11 20:21:06', '2013-11-11 20:21:06'),
(34, 83, NULL, 'Freeman', 'Ondricka', '0691 Bogan Shoals', NULL, 'Lake Corineborough', '36747-9306', '2013-11-11 20:21:06', '2013-11-11 20:21:06'),
(35, 190, NULL, 'Friedrich', 'Cronin', '6249 Fritsch Ways', NULL, 'North Trey', '30520-1097', '2013-11-11 20:21:06', '2013-11-11 20:21:06'),
(36, 185, NULL, 'Kurt', 'Mosciski', '62057 Yost Glens', NULL, 'Walkershire', '50724', '2013-11-11 20:21:06', '2013-11-11 20:21:06'),
(37, 247, 26, 'Jaylon', 'Kshlerin', '1165 Nathaniel Dam', NULL, 'Lake Kenyaport', '59775', '2013-11-11 20:21:06', '2013-11-11 20:21:06'),
(38, 41, NULL, 'Olen', 'Ratke', '3940 Wuckert Fort Apt. 796', NULL, 'Wittingburgh', '01945-4623', '2013-11-11 20:21:06', '2013-11-11 20:21:06'),
(39, 83, NULL, 'Alberta', 'Lakin', '2408 Marks Fort', NULL, 'Hunterbury', '34358', '2013-11-11 20:21:06', '2013-11-11 20:21:06'),
(40, 50, NULL, 'Irma', 'Nader', '87735 Shirley Skyway Apt. 784', NULL, 'Wendellport', '28518', '2013-11-11 20:21:06', '2013-11-11 20:21:06'),
(41, 90, NULL, 'Winona', 'Cole', '212 Elroy Union Suite 847', NULL, 'East Grantport', '69646-4332', '2013-11-11 20:21:06', '2013-11-11 20:21:06'),
(42, 50, NULL, 'Jacinthe', 'Yost', '39089 Reynolds Isle Suite 478', NULL, 'Saigeland', '37834-9329', '2013-11-11 20:21:06', '2013-11-11 20:21:06'),
(43, 185, NULL, 'Nolan', 'Koss', '78227 Jacobson Union Suite 939', NULL, 'South Alfreda', '66354-2373', '2013-11-11 20:21:06', '2013-11-11 20:21:06'),
(44, 90, NULL, 'Danielle', 'Homenick', '536 Hilario Island', NULL, 'Hoegertown', '78411-1791', '2013-11-11 20:21:06', '2013-11-11 20:21:06'),
(45, 41, NULL, 'Sophia', 'Haley', '1093 Verner Mountain', NULL, 'Port Richie', '07823-5646', '2013-11-11 20:21:06', '2013-11-11 20:21:06'),
(46, 83, NULL, 'Eloy', 'Johnson', '403 Feeney Ville', NULL, 'Lake D''angelo', '82848-0386', '2013-11-11 20:21:06', '2013-11-11 20:21:06'),
(47, 185, NULL, 'Myrna', 'Goodwin', '667 Terry Spring Suite 009', NULL, 'West Meghanport', '34743-6931', '2013-11-11 20:21:06', '2013-11-11 20:21:06'),
(48, 148, NULL, 'Nathen', 'Klein', '68000 Johnson Stream', NULL, 'Claireland', '97654-9729', '2013-11-11 20:21:06', '2013-11-11 20:21:06'),
(49, 148, NULL, 'Brionna', 'Goyette', '7312 Ethelyn Path', NULL, 'Lake Amely', '11661-3092', '2013-11-11 20:21:06', '2013-11-11 20:21:06'),
(50, 50, NULL, 'Devin', 'O''Connell', '819 Bruen Drive', NULL, 'Beaufurt', '93036-8339', '2013-11-11 20:21:06', '2013-11-11 20:21:06'),
(51, 148, NULL, 'Kailyn', 'Blick', '5282 Clare Landing', NULL, 'Nadiaborough', '85501', '2013-11-11 20:21:06', '2013-11-11 20:21:06'),
(52, 113, NULL, 'Mariah', 'Keeling', '3955 Volkman Locks', NULL, 'South Aaron', '03202', '2013-11-11 20:21:06', '2013-11-11 20:21:06'),
(53, 83, NULL, 'Tremayne', 'Kunze', '67466 Chaya Prairie Suite 800', NULL, 'Greenfeldershire', '58236-9516', '2013-11-11 20:21:06', '2013-11-11 20:21:06'),
(54, 90, NULL, 'Lesly', 'Bogan', '206 Elwin Drive Suite 054', NULL, 'Whitehaven', '16427-2334', '2013-11-11 20:21:06', '2013-11-11 20:21:06'),
(55, 109, NULL, 'Dereck', 'Aufderhar', '9183 O''Reilly Throughway', NULL, 'Adonisport', '45820', '2013-11-11 20:21:06', '2013-11-11 20:21:06'),
(56, 41, NULL, 'Stewart', 'Wolff', '266 Beahan Well', NULL, 'New Ellaland', '21887-3646', '2013-11-11 20:21:06', '2013-11-11 20:21:06'),
(57, 190, NULL, 'Wyman', 'Prosacco', '1850 O''Conner Throughway Apt. 379', NULL, 'North Abe', '85154', '2013-11-11 20:21:06', '2013-11-11 20:21:06'),
(58, 247, 23, 'Simeon', 'Crooks', '3084 Reinhold Station Suite 928', NULL, 'Lake Imaniland', '29808', '2013-11-11 20:21:06', '2013-11-11 20:21:06'),
(59, 90, NULL, 'Kurtis', 'Harvey', '161 Odell Estate', NULL, 'Genevieveborough', '69785-4099', '2013-11-11 20:21:06', '2013-11-11 20:21:06'),
(60, 50, NULL, 'Jakayla', 'Rodriguez', '67560 Frami Summit', NULL, 'Kamrenton', '75193', '2013-11-11 20:21:06', '2013-11-11 20:21:06'),
(61, 50, NULL, 'Julie', 'Towne', '508 Will Alley Suite 278', NULL, 'Hettieport', '21101-7292', '2013-11-11 20:21:06', '2013-11-11 20:21:06'),
(62, 83, NULL, 'Kyra', 'Pacocha', '03776 Hessel Loop Apt. 998', NULL, 'East Rhiannon', '47486-8863', '2013-11-11 20:21:06', '2013-11-11 20:21:06'),
(63, 113, NULL, 'Reggie', 'Yost', '688 Valentina Plaza', NULL, 'Osinskiville', '24352-2858', '2013-11-11 20:21:06', '2013-11-11 20:21:06'),
(64, 185, NULL, 'Claudine', 'Marks', '19349 Mozelle Canyon Apt. 699', NULL, 'Stonemouth', '19393', '2013-11-11 20:21:06', '2013-11-11 20:21:06'),
(65, 113, NULL, 'Issac', 'Hahn', '568 Cronin Courts Suite 901', NULL, 'Lelahfurt', '18006', '2013-11-11 20:21:06', '2013-11-11 20:21:06'),
(66, 113, NULL, 'Jamel', 'Klocko', '5471 Yolanda Gateway Suite 604', NULL, 'Schimmelland', '64655', '2013-11-11 20:21:06', '2013-11-11 20:21:06'),
(67, 217, NULL, 'Bessie', 'Hahn', '55487 Taryn Shoal Apt. 360', NULL, 'Lake Tad', '45032', '2013-11-11 20:21:06', '2013-11-11 20:21:06'),
(68, 113, NULL, 'Jordy', 'Runolfsson', '02298 Pierre Fort Apt. 011', NULL, 'Hannahland', '46045-9409', '2013-11-11 20:21:06', '2013-11-11 20:21:06'),
(69, 109, NULL, 'Jazmyn', 'Koelpin', '068 Zemlak Island Apt. 816', NULL, 'Port Rahsaanfort', '33107-4666', '2013-11-11 20:21:06', '2013-11-11 20:21:06'),
(70, 185, NULL, 'Lelah', 'Williamson', '223 Ankunding Spurs Suite 844', NULL, 'South Kaci', '00703', '2013-11-11 20:21:06', '2013-11-11 20:21:06'),
(71, 109, NULL, 'Hillary', 'Bogisich', '742 Hoeger Mountain Apt. 851', NULL, 'Powlowskibury', '39527', '2013-11-11 20:21:06', '2013-11-11 20:21:06'),
(72, 247, 43, 'Brooks', 'Adams', '7171 Jast Loaf', NULL, 'East Lucious', '69823', '2013-11-11 20:21:06', '2013-11-11 20:21:06'),
(73, 217, NULL, 'Alvena', 'Heaney', '8379 Tamara Burgs', NULL, 'Lavadaport', '91700', '2013-11-11 20:21:06', '2013-11-11 20:21:06'),
(74, 247, 17, 'Jammie', 'Schuppe', '8271 Naomi Falls', NULL, 'Kaydenborough', '46177-6592', '2013-11-11 20:21:06', '2013-11-11 20:21:06'),
(75, 247, 8, 'Maria', 'Kovacek', '382 Giovanny Ford', NULL, 'New Stephaniaside', '15765-3144', '2013-11-11 20:21:06', '2013-11-11 20:21:06'),
(76, 109, NULL, 'Veda', 'Krajcik', '27555 Krajcik Rapid', NULL, 'Hoegerside', '49588-2225', '2013-11-11 20:21:06', '2013-11-11 20:21:06'),
(77, 113, NULL, 'Alexie', 'Lueilwitz', '7472 Dorcas Crossroad', NULL, 'Gabeton', '89128-3851', '2013-11-11 20:21:06', '2013-11-11 20:21:06'),
(78, 217, NULL, 'Pauline', 'Reynolds', '563 Kilback Summit', NULL, 'Arlohaven', '38779', '2013-11-11 20:21:06', '2013-11-11 20:21:06'),
(79, 116, NULL, 'Mariah', 'Nolan', '9457 Anderson Greens', NULL, 'Celiashire', '35097', '2013-11-11 20:21:06', '2013-11-11 20:21:06'),
(80, 50, NULL, 'Tyree', 'Pacocha', '142 Sawayn Oval Suite 039', NULL, 'West Aimee', '46677-2958', '2013-11-11 20:21:06', '2013-11-11 20:21:06'),
(81, 113, NULL, 'Mozelle', 'Corwin', '8993 Oscar Valley Suite 363', NULL, 'North Dillanshire', '05436-5449', '2013-11-11 20:21:06', '2013-11-11 20:21:06'),
(82, 50, NULL, 'Jayde', 'Terry', '3403 Marcel Stream', NULL, 'New Austen', '78938-5403', '2013-11-11 20:21:06', '2013-11-11 20:21:06'),
(83, 185, NULL, 'Maximo', 'McKenzie', '9700 Leonie Trafficway Apt. 256', NULL, 'Lake Jamir', '31790', '2013-11-11 20:21:06', '2013-11-11 20:21:06'),
(84, 83, NULL, 'Jamil', 'Beahan', '9122 Arnulfo Lights Suite 460', NULL, 'Maechester', '77355-5816', '2013-11-11 20:21:06', '2013-11-11 20:21:06'),
(85, 113, NULL, 'D''angelo', 'West', '24435 Johns Loop Suite 567', NULL, 'Creminside', '56805', '2013-11-11 20:21:06', '2013-11-11 20:21:06'),
(86, 217, NULL, 'Clifton', 'Klein', '7195 Murray Wells Suite 152', NULL, 'Reingerberg', '48483', '2013-11-11 20:21:06', '2013-11-11 20:21:06'),
(87, 217, NULL, 'Osborne', 'Ziemann', '39060 Wisozk Drives', NULL, 'Altenwerthville', '93928-6488', '2013-11-11 20:21:06', '2013-11-11 20:21:06'),
(88, 148, NULL, 'Sibyl', 'Dare', '620 Schamberger Road', NULL, 'Faheymouth', '68054', '2013-11-11 20:21:06', '2013-11-11 20:21:06'),
(89, 50, NULL, 'Cindy', 'Boyer', '9243 Schamberger Extension Apt. 781', NULL, 'Lake Jermeyhaven', '12062-8894', '2013-11-11 20:21:06', '2013-11-11 20:21:06'),
(90, 185, NULL, 'Opal', 'McCullough', '49519 Celia Ford Suite 349', NULL, 'East Preston', '00816-7511', '2013-11-11 20:21:06', '2013-11-11 20:21:06'),
(91, 190, NULL, 'Coby', 'Maggio', '607 Modesto Ports', NULL, 'Blockshire', '42024', '2013-11-11 20:21:06', '2013-11-11 20:21:06'),
(92, 83, NULL, 'Ova', 'Kreiger', '29546 Wilber Crossroad Suite 983', NULL, 'Port Odellfort', '87413', '2013-11-11 20:21:06', '2013-11-11 20:21:06'),
(93, 41, NULL, 'Jovani', 'McDermott', '559 Murray Landing Apt. 619', NULL, 'Nienowstad', '29075-9448', '2013-11-11 20:21:06', '2013-11-11 20:21:06'),
(94, 41, NULL, 'Donnie', 'Harber', '827 Destiny Unions', NULL, 'Osborneside', '19567', '2013-11-11 20:21:06', '2013-11-11 20:21:06'),
(95, 247, 27, 'Diana', 'Tremblay', '035 Brooke Rue', NULL, 'Port Marcellusview', '92993', '2013-11-11 20:21:06', '2013-11-11 20:21:06'),
(96, 50, NULL, 'Scottie', 'Boyle', '82885 Lemke Isle', NULL, 'East Coryton', '83375-5250', '2013-11-11 20:21:06', '2013-11-11 20:21:06'),
(97, 217, NULL, 'Vada', 'Renner', '30013 Will Road', NULL, 'Langworthton', '29528', '2013-11-11 20:21:06', '2013-11-11 20:21:06'),
(98, 247, 35, 'Ava', 'Greenholt', '89347 Finn Mews', NULL, 'Luettgenton', '06086-0576', '2013-11-11 20:21:06', '2013-11-11 20:21:06'),
(99, 247, 23, 'Ubaldo', 'O''Reilly', '7675 Martina Road', NULL, 'North Elenaport', '79193', '2013-11-11 20:21:06', '2013-11-11 20:21:06'),
(100, 190, NULL, 'Melyssa', 'Strosin', '423 Kshlerin Garden Suite 597', NULL, 'Keeblerland', '45938', '2013-11-11 20:21:06', '2013-11-11 20:21:06');

-- --------------------------------------------------------

--
-- Table structure for table `sylius_adjustment`
--

CREATE TABLE IF NOT EXISTS `sylius_adjustment` (
  `id` int(11) NOT NULL AUTO_INCREMENT,
  `order_id` int(11) DEFAULT NULL,
  `order_item_id` int(11) DEFAULT NULL,
  `label` varchar(255) COLLATE utf8_unicode_ci NOT NULL,
  `description` varchar(255) COLLATE utf8_unicode_ci DEFAULT NULL,
  `amount` int(11) NOT NULL,
  `is_neutral` tinyint(1) NOT NULL,
  `created_at` datetime NOT NULL,
  `updated_at` datetime DEFAULT NULL,
  PRIMARY KEY (`id`),
  KEY `IDX_ACA6E0F28D9F6D38` (`order_id`),
  KEY `IDX_ACA6E0F2E415FB15` (`order_item_id`)
) ENGINE=InnoDB DEFAULT CHARSET=utf8 COLLATE=utf8_unicode_ci AUTO_INCREMENT=1 ;

-- --------------------------------------------------------

--
-- Table structure for table `sylius_country`
--

CREATE TABLE IF NOT EXISTS `sylius_country` (
  `id` int(11) NOT NULL AUTO_INCREMENT,
  `name` varchar(255) COLLATE utf8_unicode_ci NOT NULL,
  `iso_name` varchar(255) COLLATE utf8_unicode_ci NOT NULL,
  PRIMARY KEY (`id`)
) ENGINE=InnoDB  DEFAULT CHARSET=utf8 COLLATE=utf8_unicode_ci AUTO_INCREMENT=259 ;

--
-- Dumping data for table `sylius_country`
--

INSERT INTO `sylius_country` (`id`, `name`, `iso_name`) VALUES
(1, 'Afghanistan', 'AF'),
(2, 'Åland Islands', 'AX'),
(3, 'Albania', 'AL'),
(4, 'Algeria', 'DZ'),
(5, 'American Samoa', 'AS'),
(6, 'Andorra', 'AD'),
(7, 'Angola', 'AO'),
(8, 'Anguilla', 'AI'),
(9, 'Antarctica', 'AQ'),
(10, 'Antigua and Barbuda', 'AG'),
(11, 'Argentina', 'AR'),
(12, 'Armenia', 'AM'),
(13, 'Aruba', 'AW'),
(14, 'Ascension Island', 'AC'),
(15, 'Australia', 'AU'),
(16, 'Austria', 'AT'),
(17, 'Azerbaijan', 'AZ'),
(18, 'Bahamas', 'BS'),
(19, 'Bahrain', 'BH'),
(20, 'Bangladesh', 'BD'),
(21, 'Barbados', 'BB'),
(22, 'Belarus', 'BY'),
(23, 'Belgium', 'BE'),
(24, 'Belize', 'BZ'),
(25, 'Benin', 'BJ'),
(26, 'Bermuda', 'BM'),
(27, 'Bhutan', 'BT'),
(28, 'Bolivia', 'BO'),
(29, 'Bosnia and Herzegovina', 'BA'),
(30, 'Botswana', 'BW'),
(31, 'Bouvet Island', 'BV'),
(32, 'Brazil', 'BR'),
(33, 'British Indian Ocean Territory', 'IO'),
(34, 'British Virgin Islands', 'VG'),
(35, 'Brunei', 'BN'),
(36, 'Bulgaria', 'BG'),
(37, 'Burkina Faso', 'BF'),
(38, 'Burundi', 'BI'),
(39, 'Cambodia', 'KH'),
(40, 'Cameroon', 'CM'),
(41, 'Canada', 'CA'),
(42, 'Canary Islands', 'IC'),
(43, 'Cape Verde', 'CV'),
(44, 'Caribbean Netherlands', 'BQ'),
(45, 'Cayman Islands', 'KY'),
(46, 'Central African Republic', 'CF'),
(47, 'Ceuta and Melilla', 'EA'),
(48, 'Chad', 'TD'),
(49, 'Chile', 'CL'),
(50, 'China', 'CN'),
(51, 'Christmas Island', 'CX'),
(52, 'Clipperton Island', 'CP'),
(53, 'Cocos [Keeling] Islands', 'CC'),
(54, 'Colombia', 'CO'),
(55, 'Comoros', 'KM'),
(56, 'Congo - Brazzaville', 'CG'),
(57, 'Congo - Kinshasa', 'CD'),
(58, 'Cook Islands', 'CK'),
(59, 'Costa Rica', 'CR'),
(60, 'Côte d’Ivoire', 'CI'),
(61, 'Croatia', 'HR'),
(62, 'Cuba', 'CU'),
(63, 'Curaçao', 'CW'),
(64, 'Cyprus', 'CY'),
(65, 'Czech Republic', 'CZ'),
(66, 'Denmark', 'DK'),
(67, 'Diego Garcia', 'DG'),
(68, 'Djibouti', 'DJ'),
(69, 'Dominica', 'DM'),
(70, 'Dominican Republic', 'DO'),
(71, 'Ecuador', 'EC'),
(72, 'Egypt', 'EG'),
(73, 'El Salvador', 'SV'),
(74, 'Equatorial Guinea', 'GQ'),
(75, 'Eritrea', 'ER'),
(76, 'Estonia', 'EE'),
(77, 'Ethiopia', 'ET'),
(78, 'European Union', 'EU'),
(79, 'Falkland Islands', 'FK'),
(80, 'Faroe Islands', 'FO'),
(81, 'Fiji', 'FJ'),
(82, 'Finland', 'FI'),
(83, 'France', 'FR'),
(84, 'French Guiana', 'GF'),
(85, 'French Polynesia', 'PF'),
(86, 'French Southern Territories', 'TF'),
(87, 'Gabon', 'GA'),
(88, 'Gambia', 'GM'),
(89, 'Georgia', 'GE'),
(90, 'Germany', 'DE'),
(91, 'Ghana', 'GH'),
(92, 'Gibraltar', 'GI'),
(93, 'Greece', 'GR'),
(94, 'Greenland', 'GL'),
(95, 'Grenada', 'GD'),
(96, 'Guadeloupe', 'GP'),
(97, 'Guam', 'GU'),
(98, 'Guatemala', 'GT'),
(99, 'Guernsey', 'GG'),
(100, 'Guinea', 'GN'),
(101, 'Guinea-Bissau', 'GW'),
(102, 'Guyana', 'GY'),
(103, 'Haiti', 'HT'),
(104, 'Heard Island and McDonald Islands', 'HM'),
(105, 'Honduras', 'HN'),
(106, 'Hong Kong SAR China', 'HK'),
(107, 'Hungary', 'HU'),
(108, 'Iceland', 'IS'),
(109, 'India', 'IN'),
(110, 'Indonesia', 'ID'),
(111, 'Iran', 'IR'),
(112, 'Iraq', 'IQ'),
(113, 'Ireland', 'IE'),
(114, 'Isle of Man', 'IM'),
(115, 'Israel', 'IL'),
(116, 'Italy', 'IT'),
(117, 'Jamaica', 'JM'),
(118, 'Japan', 'JP'),
(119, 'Jersey', 'JE'),
(120, 'Jordan', 'JO'),
(121, 'Kazakhstan', 'KZ'),
(122, 'Kenya', 'KE'),
(123, 'Kiribati', 'KI'),
(124, 'Kuwait', 'KW'),
(125, 'Kyrgyzstan', 'KG'),
(126, 'Laos', 'LA'),
(127, 'Latvia', 'LV'),
(128, 'Lebanon', 'LB'),
(129, 'Lesotho', 'LS'),
(130, 'Liberia', 'LR'),
(131, 'Libya', 'LY'),
(132, 'Liechtenstein', 'LI'),
(133, 'Lithuania', 'LT'),
(134, 'Luxembourg', 'LU'),
(135, 'Macau SAR China', 'MO'),
(136, 'Macedonia', 'MK'),
(137, 'Madagascar', 'MG'),
(138, 'Malawi', 'MW'),
(139, 'Malaysia', 'MY'),
(140, 'Maldives', 'MV'),
(141, 'Mali', 'ML'),
(142, 'Malta', 'MT'),
(143, 'Marshall Islands', 'MH'),
(144, 'Martinique', 'MQ'),
(145, 'Mauritania', 'MR'),
(146, 'Mauritius', 'MU'),
(147, 'Mayotte', 'YT'),
(148, 'Mexico', 'MX'),
(149, 'Micronesia', 'FM'),
(150, 'Moldova', 'MD'),
(151, 'Monaco', 'MC'),
(152, 'Mongolia', 'MN'),
(153, 'Montenegro', 'ME'),
(154, 'Montserrat', 'MS'),
(155, 'Morocco', 'MA'),
(156, 'Mozambique', 'MZ'),
(157, 'Myanmar [Burma]', 'MM'),
(158, 'Namibia', 'NA'),
(159, 'Nauru', 'NR'),
(160, 'Nepal', 'NP'),
(161, 'Netherlands', 'NL'),
(162, 'Netherlands Antilles', 'AN'),
(163, 'New Caledonia', 'NC'),
(164, 'New Zealand', 'NZ'),
(165, 'Nicaragua', 'NI'),
(166, 'Niger', 'NE'),
(167, 'Nigeria', 'NG'),
(168, 'Niue', 'NU'),
(169, 'Norfolk Island', 'NF'),
(170, 'North Korea', 'KP'),
(171, 'Northern Mariana Islands', 'MP'),
(172, 'Norway', 'NO'),
(173, 'Oman', 'OM'),
(174, 'Outlying Oceania', 'QO'),
(175, 'Pakistan', 'PK'),
(176, 'Palau', 'PW'),
(177, 'Palestinian Territories', 'PS'),
(178, 'Panama', 'PA'),
(179, 'Papua New Guinea', 'PG'),
(180, 'Paraguay', 'PY'),
(181, 'Peru', 'PE'),
(182, 'Philippines', 'PH'),
(183, 'Pitcairn Islands', 'PN'),
(184, 'Poland', 'PL'),
(185, 'Portugal', 'PT'),
(186, 'Puerto Rico', 'PR'),
(187, 'Qatar', 'QA'),
(188, 'Réunion', 'RE'),
(189, 'Romania', 'RO'),
(190, 'Russia', 'RU'),
(191, 'Rwanda', 'RW'),
(192, 'Saint Barthélemy', 'BL'),
(193, 'Saint Helena', 'SH'),
(194, 'Saint Kitts and Nevis', 'KN'),
(195, 'Saint Lucia', 'LC'),
(196, 'Saint Martin', 'MF'),
(197, 'Saint Pierre and Miquelon', 'PM'),
(198, 'Saint Vincent and the Grenadines', 'VC'),
(199, 'Samoa', 'WS'),
(200, 'San Marino', 'SM'),
(201, 'São Tomé and Príncipe', 'ST'),
(202, 'Saudi Arabia', 'SA'),
(203, 'Senegal', 'SN'),
(204, 'Serbia', 'RS'),
(205, 'Seychelles', 'SC'),
(206, 'Sierra Leone', 'SL'),
(207, 'Singapore', 'SG'),
(208, 'Sint Maarten', 'SX'),
(209, 'Slovakia', 'SK'),
(210, 'Slovenia', 'SI'),
(211, 'Solomon Islands', 'SB'),
(212, 'Somalia', 'SO'),
(213, 'South Africa', 'ZA'),
(214, 'South Georgia and the South Sandwich Islands', 'GS'),
(215, 'South Korea', 'KR'),
(216, 'South Sudan', 'SS'),
(217, 'Spain', 'ES'),
(218, 'Sri Lanka', 'LK'),
(219, 'Sudan', 'SD'),
(220, 'Suriname', 'SR'),
(221, 'Svalbard and Jan Mayen', 'SJ'),
(222, 'Swaziland', 'SZ'),
(223, 'Sweden', 'SE'),
(224, 'Switzerland', 'CH'),
(225, 'Syria', 'SY'),
(226, 'Taiwan', 'TW'),
(227, 'Tajikistan', 'TJ'),
(228, 'Tanzania', 'TZ'),
(229, 'Thailand', 'TH'),
(230, 'Timor-Leste', 'TL'),
(231, 'Togo', 'TG'),
(232, 'Tokelau', 'TK'),
(233, 'Tonga', 'TO'),
(234, 'Trinidad and Tobago', 'TT'),
(235, 'Tristan da Cunha', 'TA'),
(236, 'Tunisia', 'TN'),
(237, 'Turkey', 'TR'),
(238, 'Turkmenistan', 'TM'),
(239, 'Turks and Caicos Islands', 'TC'),
(240, 'Tuvalu', 'TV'),
(241, 'U.S. Outlying Islands', 'UM'),
(242, 'U.S. Virgin Islands', 'VI'),
(243, 'Uganda', 'UG'),
(244, 'Ukraine', 'UA'),
(245, 'United Arab Emirates', 'AE'),
(246, 'United Kingdom', 'GB'),
(247, 'United States', 'US'),
(248, 'Uruguay', 'UY'),
(249, 'Uzbekistan', 'UZ'),
(250, 'Vanuatu', 'VU'),
(251, 'Vatican City', 'VA'),
(252, 'Venezuela', 'VE'),
(253, 'Vietnam', 'VN'),
(254, 'Wallis and Futuna', 'WF'),
(255, 'Western Sahara', 'EH'),
(256, 'Yemen', 'YE'),
(257, 'Zambia', 'ZM'),
(258, 'Zimbabwe', 'ZW');

-- --------------------------------------------------------

--
-- Table structure for table `sylius_credit_card`
--

CREATE TABLE IF NOT EXISTS `sylius_credit_card` (
  `id` int(11) NOT NULL AUTO_INCREMENT,
  `token` varchar(255) COLLATE utf8_unicode_ci DEFAULT NULL,
  `type` varchar(255) COLLATE utf8_unicode_ci DEFAULT NULL,
  `cardholder_name` varchar(255) COLLATE utf8_unicode_ci DEFAULT NULL,
  `number` varchar(255) COLLATE utf8_unicode_ci DEFAULT NULL,
  `security_code` varchar(255) COLLATE utf8_unicode_ci DEFAULT NULL,
  `expiry_month` int(11) DEFAULT NULL,
  `expiry_year` int(11) DEFAULT NULL,
  `created_at` datetime NOT NULL,
  `updated_at` datetime DEFAULT NULL,
  PRIMARY KEY (`id`)
) ENGINE=InnoDB DEFAULT CHARSET=utf8 COLLATE=utf8_unicode_ci AUTO_INCREMENT=1 ;

-- --------------------------------------------------------

--
-- Table structure for table `sylius_exchange_rate`
--

CREATE TABLE IF NOT EXISTS `sylius_exchange_rate` (
  `id` int(11) NOT NULL AUTO_INCREMENT,
  `currency` varchar(3) COLLATE utf8_unicode_ci NOT NULL,
  `rate` decimal(10,5) NOT NULL,
  `created_at` datetime NOT NULL,
  `updated_at` datetime DEFAULT NULL,
  PRIMARY KEY (`id`)
) ENGINE=InnoDB  DEFAULT CHARSET=utf8 COLLATE=utf8_unicode_ci AUTO_INCREMENT=4 ;

--
-- Dumping data for table `sylius_exchange_rate`
--

INSERT INTO `sylius_exchange_rate` (`id`, `currency`, `rate`, `created_at`, `updated_at`) VALUES
(1, 'EUR', '1.00000', '2013-11-11 20:20:50', '2013-11-11 20:20:50'),
(2, 'USD', '1.30000', '2013-11-11 20:20:50', '2013-11-11 20:20:50'),
(3, 'GBP', '0.85000', '2013-11-11 20:20:50', '2013-11-11 20:20:50');

-- --------------------------------------------------------

--
-- Table structure for table `sylius_group`
--

CREATE TABLE IF NOT EXISTS `sylius_group` (
  `id` int(11) NOT NULL AUTO_INCREMENT,
  `name` varchar(255) COLLATE utf8_unicode_ci NOT NULL,
  `roles` longtext COLLATE utf8_unicode_ci NOT NULL COMMENT '(DC2Type:array)',
  PRIMARY KEY (`id`),
  UNIQUE KEY `UNIQ_F97F76A45E237E06` (`name`)
) ENGINE=InnoDB  DEFAULT CHARSET=utf8 COLLATE=utf8_unicode_ci AUTO_INCREMENT=6 ;

--
-- Dumping data for table `sylius_group`
--

INSERT INTO `sylius_group` (`id`, `name`, `roles`) VALUES
(1, 'Administrators', 'a:1:{i:0;s:17:"ROLE_SYLIUS_ADMIN";}'),
(2, 'Wholesale Customers', 'a:0:{}'),
(3, 'Retail Customers', 'a:0:{}'),
(4, 'Sales', 'a:0:{}'),
(5, 'Suppliers', 'a:0:{}');

-- --------------------------------------------------------

--
-- Table structure for table `sylius_inventory_unit`
--

CREATE TABLE IF NOT EXISTS `sylius_inventory_unit` (
  `id` int(11) NOT NULL AUTO_INCREMENT,
  `stockable_id` int(11) NOT NULL,
  `order_id` int(11) NOT NULL,
  `shipment_id` int(11) DEFAULT NULL,
  `inventory_state` varchar(255) COLLATE utf8_unicode_ci NOT NULL,
  `created_at` datetime NOT NULL,
  `updated_at` datetime DEFAULT NULL,
  `shipping_state` varchar(255) COLLATE utf8_unicode_ci NOT NULL,
  PRIMARY KEY (`id`),
  KEY `IDX_4A276986FBE8234` (`stockable_id`),
  KEY `IDX_4A2769868D9F6D38` (`order_id`),
  KEY `IDX_4A2769867BE036FC` (`shipment_id`)
) ENGINE=InnoDB DEFAULT CHARSET=utf8 COLLATE=utf8_unicode_ci AUTO_INCREMENT=1 ;

-- --------------------------------------------------------

--
-- Table structure for table `sylius_option`
--

CREATE TABLE IF NOT EXISTS `sylius_option` (
  `id` int(11) NOT NULL AUTO_INCREMENT,
  `name` varchar(255) COLLATE utf8_unicode_ci NOT NULL,
  `presentation` varchar(255) COLLATE utf8_unicode_ci NOT NULL,
  `created_at` datetime NOT NULL,
  `updated_at` datetime DEFAULT NULL,
  PRIMARY KEY (`id`)
) ENGINE=InnoDB  DEFAULT CHARSET=utf8 COLLATE=utf8_unicode_ci AUTO_INCREMENT=5 ;

--
-- Dumping data for table `sylius_option`
--

INSERT INTO `sylius_option` (`id`, `name`, `presentation`, `created_at`, `updated_at`) VALUES
(1, 'T-Shirt size', 'Size', '2013-11-11 20:20:52', '2013-11-11 20:20:52'),
(2, 'T-Shirt color', 'Color', '2013-11-11 20:20:52', '2013-11-11 20:20:52'),
(3, 'Sticker size', 'Size', '2013-11-11 20:20:52', '2013-11-11 20:20:52'),
(4, 'Mug type', 'Type', '2013-11-11 20:20:52', '2013-11-11 20:20:52');

-- --------------------------------------------------------

--
-- Table structure for table `sylius_option_value`
--

CREATE TABLE IF NOT EXISTS `sylius_option_value` (
  `id` int(11) NOT NULL AUTO_INCREMENT,
  `option_id` int(11) NOT NULL,
  `value` varchar(255) COLLATE utf8_unicode_ci NOT NULL,
  PRIMARY KEY (`id`),
  KEY `IDX_E05AED9DA7C41D6F` (`option_id`)
) ENGINE=InnoDB  DEFAULT CHARSET=utf8 COLLATE=utf8_unicode_ci AUTO_INCREMENT=15 ;

--
-- Dumping data for table `sylius_option_value`
--

INSERT INTO `sylius_option_value` (`id`, `option_id`, `value`) VALUES
(1, 1, 'S'),
(2, 1, 'M'),
(3, 1, 'L'),
(4, 1, 'XL'),
(5, 1, 'XXL'),
(6, 2, 'Red'),
(7, 2, 'Blue'),
(8, 2, 'Green'),
(9, 3, '3"'),
(10, 3, '5"'),
(11, 3, '7"'),
(12, 4, 'Medium mug'),
(13, 4, 'Double mug'),
(14, 4, 'MONSTER mug');

-- --------------------------------------------------------

--
-- Table structure for table `sylius_order`
--

CREATE TABLE IF NOT EXISTS `sylius_order` (
  `id` int(11) NOT NULL AUTO_INCREMENT,
  `shipping_address_id` int(11) DEFAULT NULL,
  `billing_address_id` int(11) DEFAULT NULL,
  `payment_id` int(11) DEFAULT NULL,
  `user_id` int(11) DEFAULT NULL,
  `number` varchar(255) COLLATE utf8_unicode_ci DEFAULT NULL,
  `state` int(11) NOT NULL,
  `completed_at` datetime DEFAULT NULL,
  `items_total` int(11) NOT NULL,
  `adjustments_total` int(11) NOT NULL,
  `total` int(11) NOT NULL,
  `created_at` datetime NOT NULL,
  `updated_at` datetime DEFAULT NULL,
  `expires_at` datetime NOT NULL,
  `currency` varchar(3) COLLATE utf8_unicode_ci NOT NULL,
  `shipping_state` varchar(255) COLLATE utf8_unicode_ci NOT NULL,
  PRIMARY KEY (`id`),
  UNIQUE KEY `UNIQ_6196A1F996901F54` (`number`),
  KEY `IDX_6196A1F94D4CFF2B` (`shipping_address_id`),
  KEY `IDX_6196A1F979D0C0E4` (`billing_address_id`),
  KEY `IDX_6196A1F94C3A3BB` (`payment_id`),
  KEY `IDX_6196A1F9A76ED395` (`user_id`)
) ENGINE=InnoDB  DEFAULT CHARSET=utf8 COLLATE=utf8_unicode_ci AUTO_INCREMENT=51 ;

--
-- Dumping data for table `sylius_order`
--

INSERT INTO `sylius_order` (`id`, `shipping_address_id`, `billing_address_id`, `payment_id`, `user_id`, `number`, `state`, `completed_at`, `items_total`, `adjustments_total`, `total`, `created_at`, `updated_at`, `expires_at`, `currency`, `shipping_state`) VALUES
(1, 1, 2, 1, 12, '000000001', 1, '2013-11-11 20:21:05', 117652, 0, 117652, '2013-10-08 15:40:20', '2013-11-11 20:21:05', '2013-11-11 23:21:05', 'USD', 'ready'),
(2, 3, 4, 2, 10, '000000002', 1, '2013-11-11 20:21:05', 41155, 0, 41155, '2012-11-30 07:08:39', '2013-11-11 20:21:05', '2013-11-11 23:21:05', 'EUR', 'ready'),
(3, 5, 6, 3, 14, '000000003', 1, '2013-11-11 20:21:05', 102060, 0, 102060, '2013-03-09 02:31:18', '2013-11-11 20:21:05', '2013-11-11 23:21:05', 'EUR', 'ready'),
(4, 7, 8, 4, 4, '000000004', 1, '2013-11-11 20:21:05', 33277, 0, 33277, '2013-04-13 17:46:09', '2013-11-11 20:21:05', '2013-11-11 23:21:05', 'EUR', 'ready'),
(5, 9, 10, 5, 2, '000000005', 1, '2013-11-11 20:21:05', 41796, 0, 41796, '2013-08-19 21:10:22', '2013-11-11 20:21:05', '2013-11-11 23:21:05', 'USD', 'ready'),
(6, 11, 12, 6, 15, '000000006', 1, '2013-11-11 20:21:05', 112405, 0, 112405, '2013-08-13 07:03:36', '2013-11-11 20:21:05', '2013-11-11 23:21:05', 'EUR', 'ready'),
(7, 13, 14, 7, 10, '000000007', 1, '2013-11-11 20:21:05', 55967, 0, 55967, '2013-09-03 10:27:18', '2013-11-11 20:21:05', '2013-11-11 23:21:05', 'USD', 'ready'),
(8, 15, 16, 8, 12, '000000008', 1, '2013-11-11 20:21:05', 91397, 0, 91397, '2013-07-19 17:59:12', '2013-11-11 20:21:05', '2013-11-11 23:21:05', 'GBP', 'ready'),
(9, 17, 18, 9, 3, '000000009', 1, '2013-11-11 20:21:05', 69680, 0, 69680, '2013-07-23 10:01:26', '2013-11-11 20:21:06', '2013-11-11 23:21:05', 'EUR', 'ready'),
(10, 19, 20, 10, 10, '000000010', 1, '2013-11-11 20:21:06', 51808, 0, 51808, '2013-10-16 08:53:02', '2013-11-11 20:21:06', '2013-11-11 23:21:06', 'GBP', 'ready'),
(11, 21, 22, 11, 4, '000000011', 1, '2013-11-11 20:21:06', 65211, 0, 65211, '2013-07-02 20:49:19', '2013-11-11 20:21:06', '2013-11-11 23:21:06', 'USD', 'ready'),
(12, 23, 24, 12, 14, '000000012', 1, '2013-11-11 20:21:06', 46411, 0, 46411, '2013-09-06 21:43:43', '2013-11-11 20:21:06', '2013-11-11 23:21:06', 'USD', 'ready'),
(13, 25, 26, 13, 7, '000000013', 1, '2013-11-11 20:21:06', 104833, 0, 104833, '2013-05-31 21:04:25', '2013-11-11 20:21:06', '2013-11-11 23:21:06', 'GBP', 'ready'),
(14, 27, 28, 14, 8, '000000014', 1, '2013-11-11 20:21:06', 111885, 0, 111885, '2013-09-03 16:35:16', '2013-11-11 20:21:06', '2013-11-11 23:21:06', 'EUR', 'ready'),
(15, 29, 30, 15, 6, '000000015', 1, '2013-11-11 20:21:06', 47187, 0, 47187, '2012-12-16 18:05:51', '2013-11-11 20:21:06', '2013-11-11 23:21:06', 'GBP', 'ready'),
(16, 31, 32, 16, 9, '000000016', 1, '2013-11-11 20:21:06', 93463, 0, 93463, '2013-07-26 03:24:08', '2013-11-11 20:21:06', '2013-11-11 23:21:06', 'USD', 'ready'),
(17, 33, 34, 17, 2, '000000017', 1, '2013-11-11 20:21:06', 91264, 0, 91264, '2013-05-11 17:45:33', '2013-11-11 20:21:06', '2013-11-11 23:21:06', 'GBP', 'ready'),
(18, 35, 36, 18, 3, '000000018', 1, '2013-11-11 20:21:06', 149528, 0, 149528, '2013-06-06 12:13:07', '2013-11-11 20:21:06', '2013-11-11 23:21:06', 'USD', 'ready'),
(19, 37, 38, 19, 3, '000000019', 1, '2013-11-11 20:21:06', 108029, 0, 108029, '2013-09-28 07:36:51', '2013-11-11 20:21:06', '2013-11-11 23:21:06', 'USD', 'ready'),
(20, 39, 40, 20, 9, '000000020', 1, '2013-11-11 20:21:06', 33212, 0, 33212, '2013-05-16 11:58:21', '2013-11-11 20:21:06', '2013-11-11 23:21:06', 'GBP', 'ready'),
(21, 41, 42, 21, 4, '000000021', 1, '2013-11-11 20:21:06', 49917, 0, 49917, '2013-01-19 21:14:35', '2013-11-11 20:21:06', '2013-11-11 23:21:06', 'EUR', 'ready'),
(22, 43, 44, 22, 14, '000000022', 1, '2013-11-11 20:21:06', 85860, 0, 85860, '2013-03-07 07:22:19', '2013-11-11 20:21:06', '2013-11-11 23:21:06', 'EUR', 'ready'),
(23, 45, 46, 23, 12, '000000023', 1, '2013-11-11 20:21:06', 133813, 0, 133813, '2013-11-05 13:41:13', '2013-11-11 20:21:06', '2013-11-11 23:21:06', 'EUR', 'ready'),
(24, 47, 48, 24, 12, '000000024', 1, '2013-11-11 20:21:06', 90692, 0, 90692, '2013-01-24 05:33:32', '2013-11-11 20:21:06', '2013-11-11 23:21:06', 'EUR', 'ready'),
(25, 49, 50, 25, 3, '000000025', 1, '2013-11-11 20:21:06', 142379, 0, 142379, '2013-03-27 07:10:36', '2013-11-11 20:21:06', '2013-11-11 23:21:06', 'GBP', 'ready'),
(26, 51, 52, 26, 10, '000000026', 1, '2013-11-11 20:21:06', 80075, 0, 80075, '2013-05-11 06:28:10', '2013-11-11 20:21:06', '2013-11-11 23:21:06', 'EUR', 'ready'),
(27, 53, 54, 27, 6, '000000027', 1, '2013-11-11 20:21:06', 77979, 0, 77979, '2013-04-16 13:12:38', '2013-11-11 20:21:06', '2013-11-11 23:21:06', 'EUR', 'ready'),
(28, 55, 56, 28, 16, '000000028', 1, '2013-11-11 20:21:06', 110993, 0, 110993, '2013-04-16 18:22:45', '2013-11-11 20:21:06', '2013-11-11 23:21:06', 'USD', 'ready'),
(29, 57, 58, 29, 16, '000000029', 1, '2013-11-11 20:21:06', 101891, 0, 101891, '2012-11-23 16:37:24', '2013-11-11 20:21:06', '2013-11-11 23:21:06', 'EUR', 'ready'),
(30, 59, 60, 30, 13, '000000030', 1, '2013-11-11 20:21:06', 72483, 0, 72483, '2013-08-29 03:40:11', '2013-11-11 20:21:06', '2013-11-11 23:21:06', 'GBP', 'ready'),
(31, 61, 62, 31, 13, '000000031', 1, '2013-11-11 20:21:06', 121738, 0, 121738, '2013-05-03 18:14:58', '2013-11-11 20:21:06', '2013-11-11 23:21:06', 'EUR', 'ready'),
(32, 63, 64, 32, 6, '000000032', 1, '2013-11-11 20:21:06', 75207, 0, 75207, '2013-06-12 12:06:55', '2013-11-11 20:21:06', '2013-11-11 23:21:06', 'EUR', 'ready'),
(33, 65, 66, 33, 15, '000000033', 1, '2013-11-11 20:21:06', 55139, 0, 55139, '2013-04-12 07:43:10', '2013-11-11 20:21:06', '2013-11-11 23:21:06', 'GBP', 'ready'),
(34, 67, 68, 34, 8, '000000034', 1, '2013-11-11 20:21:06', 43070, 0, 43070, '2013-10-22 10:01:38', '2013-11-11 20:21:06', '2013-11-11 23:21:06', 'EUR', 'ready'),
(35, 69, 70, 35, 16, '000000035', 1, '2013-11-11 20:21:06', 98455, 0, 98455, '2013-03-09 20:53:37', '2013-11-11 20:21:06', '2013-11-11 23:21:06', 'EUR', 'ready'),
(36, 71, 72, 36, 10, '000000036', 1, '2013-11-11 20:21:06', 78466, 0, 78466, '2013-07-02 01:47:59', '2013-11-11 20:21:06', '2013-11-11 23:21:06', 'GBP', 'ready'),
(37, 73, 74, 37, 15, '000000037', 1, '2013-11-11 20:21:06', 62314, 0, 62314, '2013-10-09 15:28:55', '2013-11-11 20:21:06', '2013-11-11 23:21:06', 'GBP', 'ready'),
(38, 75, 76, 38, 4, '000000038', 1, '2013-11-11 20:21:06', 204818, 0, 204818, '2013-10-20 04:55:24', '2013-11-11 20:21:06', '2013-11-11 23:21:06', 'EUR', 'ready'),
(39, 77, 78, 39, 3, '000000039', 1, '2013-11-11 20:21:06', 72345, 0, 72345, '2013-07-08 20:13:14', '2013-11-11 20:21:06', '2013-11-11 23:21:06', 'GBP', 'ready'),
(40, 79, 80, 40, 11, '000000040', 1, '2013-11-11 20:21:06', 73852, 0, 73852, '2013-07-26 18:47:46', '2013-11-11 20:21:06', '2013-11-11 23:21:06', 'GBP', 'ready'),
(41, 81, 82, 41, 16, '000000041', 1, '2013-11-11 20:21:06', 135921, 0, 135921, '2013-02-21 20:46:45', '2013-11-11 20:21:06', '2013-11-11 23:21:06', 'USD', 'ready'),
(42, 83, 84, 42, 16, '000000042', 1, '2013-11-11 20:21:06', 109142, 0, 109142, '2013-10-28 08:54:16', '2013-11-11 20:21:06', '2013-11-11 23:21:06', 'GBP', 'ready'),
(43, 85, 86, 43, 6, '000000043', 1, '2013-11-11 20:21:06', 53789, 0, 53789, '2013-05-24 01:26:10', '2013-11-11 20:21:06', '2013-11-11 23:21:06', 'USD', 'ready'),
(44, 87, 88, 44, 3, '000000044', 1, '2013-11-11 20:21:06', 65073, 0, 65073, '2013-05-22 06:09:54', '2013-11-11 20:21:06', '2013-11-11 23:21:06', 'EUR', 'ready'),
(45, 89, 90, 45, 6, '000000045', 1, '2013-11-11 20:21:06', 31407, 0, 31407, '2013-07-20 06:08:15', '2013-11-11 20:21:06', '2013-11-11 23:21:06', 'EUR', 'ready'),
(46, 91, 92, 46, 5, '000000046', 1, '2013-11-11 20:21:06', 76262, 0, 76262, '2013-10-03 07:59:33', '2013-11-11 20:21:06', '2013-11-11 23:21:06', 'USD', 'ready'),
(47, 93, 94, 47, 16, '000000047', 1, '2013-11-11 20:21:06', 59555, 0, 59555, '2013-04-28 21:11:36', '2013-11-11 20:21:06', '2013-11-11 23:21:06', 'GBP', 'ready'),
(48, 95, 96, 48, 2, '000000048', 1, '2013-11-11 20:21:06', 125122, 0, 125122, '2013-09-14 05:14:38', '2013-11-11 20:21:06', '2013-11-11 23:21:06', 'GBP', 'ready'),
(49, 97, 98, 49, 10, '000000049', 1, '2013-11-11 20:21:06', 27343, 0, 27343, '2013-03-18 18:34:53', '2013-11-11 20:21:06', '2013-11-11 23:21:06', 'GBP', 'ready'),
(50, 99, 100, 50, 2, '000000050', 1, '2013-11-11 20:21:06', 55014, 0, 55014, '2013-08-08 11:06:55', '2013-11-11 20:21:06', '2013-11-11 23:21:06', 'USD', 'ready');

-- --------------------------------------------------------

--
-- Table structure for table `sylius_order_item`
--

CREATE TABLE IF NOT EXISTS `sylius_order_item` (
  `id` int(11) NOT NULL AUTO_INCREMENT,
  `order_id` int(11) NOT NULL,
  `variant_id` int(11) NOT NULL,
  `quantity` int(11) NOT NULL,
  `unit_price` int(11) NOT NULL,
  `adjustments_total` int(11) NOT NULL,
  `total` int(11) NOT NULL,
  PRIMARY KEY (`id`),
  KEY `IDX_77B587ED8D9F6D38` (`order_id`),
  KEY `IDX_77B587ED3B69A9AF` (`variant_id`)
) ENGINE=InnoDB  DEFAULT CHARSET=utf8 COLLATE=utf8_unicode_ci AUTO_INCREMENT=260 ;

--
-- Dumping data for table `sylius_order_item`
--

INSERT INTO `sylius_order_item` (`id`, `order_id`, `variant_id`, `quantity`, `unit_price`, `adjustments_total`, `total`) VALUES
(1, 1, 52, 1, 2129, 0, 2129),
(2, 1, 705, 1, 9709, 0, 9709),
(3, 1, 431, 2, 2712, 0, 5424),
(4, 1, 459, 5, 7293, 0, 36465),
(5, 1, 828, 2, 560, 0, 1120),
(6, 1, 56, 3, 5515, 0, 16545),
(7, 1, 750, 5, 9252, 0, 46260),
(8, 2, 186, 3, 4155, 0, 12465),
(9, 2, 339, 2, 1771, 0, 3542),
(10, 2, 226, 4, 512, 0, 2048),
(11, 2, 366, 4, 5775, 0, 23100),
(12, 3, 568, 5, 4264, 0, 21320),
(13, 3, 187, 4, 6820, 0, 27280),
(14, 3, 174, 1, 5205, 0, 5205),
(15, 3, 228, 3, 3542, 0, 10626),
(16, 3, 137, 3, 1475, 0, 4425),
(17, 3, 745, 2, 9182, 0, 18364),
(18, 3, 400, 2, 7420, 0, 14840),
(19, 4, 459, 3, 7293, 0, 21879),
(20, 4, 824, 1, 5040, 0, 5040),
(21, 4, 448, 3, 59, 0, 177),
(22, 4, 316, 1, 6181, 0, 6181),
(23, 5, 213, 2, 6703, 0, 13406),
(24, 5, 440, 4, 4245, 0, 16980),
(25, 5, 575, 1, 7051, 0, 7051),
(26, 5, 480, 3, 1453, 0, 4359),
(27, 6, 313, 5, 4376, 0, 21880),
(28, 6, 770, 3, 5649, 0, 16947),
(29, 6, 754, 4, 8868, 0, 35472),
(30, 6, 361, 1, 2103, 0, 2103),
(31, 6, 676, 1, 5623, 0, 5623),
(32, 6, 820, 4, 6891, 0, 27564),
(33, 6, 149, 2, 1408, 0, 2816),
(34, 7, 839, 1, 6483, 0, 6483),
(35, 7, 479, 3, 215, 0, 645),
(36, 7, 517, 3, 9727, 0, 29181),
(37, 7, 438, 5, 2605, 0, 13025),
(38, 7, 815, 3, 2211, 0, 6633),
(39, 8, 664, 4, 9461, 0, 37844),
(40, 8, 500, 4, 6982, 0, 27928),
(41, 8, 479, 3, 215, 0, 645),
(42, 8, 627, 4, 1490, 0, 5960),
(43, 8, 540, 4, 4755, 0, 19020),
(44, 9, 690, 2, 8562, 0, 17124),
(45, 9, 367, 4, 9682, 0, 38728),
(46, 9, 804, 4, 49, 0, 196),
(47, 9, 778, 1, 7369, 0, 7369),
(48, 9, 420, 1, 6263, 0, 6263),
(49, 10, 550, 5, 2514, 0, 12570),
(50, 10, 189, 2, 4071, 0, 8142),
(51, 10, 814, 1, 9272, 0, 9272),
(52, 10, 514, 4, 1649, 0, 6596),
(53, 10, 278, 3, 5076, 0, 15228),
(54, 11, 540, 2, 4755, 0, 9510),
(55, 11, 503, 5, 3882, 0, 19410),
(56, 11, 441, 5, 6022, 0, 30110),
(57, 11, 20, 1, 6181, 0, 6181),
(58, 12, 607, 1, 4125, 0, 4125),
(59, 12, 794, 2, 1597, 0, 3194),
(60, 12, 768, 3, 9016, 0, 27048),
(61, 12, 441, 2, 6022, 0, 12044),
(62, 13, 371, 3, 4576, 0, 13728),
(63, 13, 71, 4, 5680, 0, 22720),
(64, 13, 573, 3, 9166, 0, 27498),
(65, 13, 174, 3, 5205, 0, 15615),
(66, 13, 193, 4, 3036, 0, 12144),
(67, 13, 313, 3, 4376, 0, 13128),
(68, 14, 344, 4, 8755, 0, 35020),
(69, 14, 271, 2, 104, 0, 208),
(70, 14, 711, 3, 8317, 0, 24951),
(71, 14, 588, 2, 8080, 0, 16160),
(72, 14, 123, 2, 8906, 0, 17812),
(73, 14, 717, 2, 8867, 0, 17734),
(74, 15, 463, 5, 433, 0, 2165),
(75, 15, 654, 3, 6763, 0, 20289),
(76, 15, 127, 1, 2854, 0, 2854),
(77, 15, 459, 3, 7293, 0, 21879),
(78, 16, 448, 3, 59, 0, 177),
(79, 16, 318, 1, 407, 0, 407),
(80, 16, 66, 2, 9132, 0, 18264),
(81, 16, 187, 4, 6820, 0, 27280),
(82, 16, 64, 5, 9467, 0, 47335),
(83, 17, 557, 3, 9802, 0, 29406),
(84, 17, 371, 1, 4576, 0, 4576),
(85, 17, 497, 1, 4549, 0, 4549),
(86, 17, 115, 3, 8816, 0, 26448),
(87, 17, 375, 5, 5257, 0, 26285),
(88, 18, 562, 1, 3620, 0, 3620),
(89, 18, 627, 2, 1490, 0, 2980),
(90, 18, 812, 5, 9494, 0, 47470),
(91, 18, 36, 5, 5442, 0, 27210),
(92, 18, 461, 4, 5591, 0, 22364),
(93, 18, 837, 1, 4559, 0, 4559),
(94, 18, 840, 5, 8265, 0, 41325),
(95, 19, 565, 3, 367, 0, 1101),
(96, 19, 100, 3, 9965, 0, 29895),
(97, 19, 108, 5, 8827, 0, 44135),
(98, 19, 170, 4, 1694, 0, 6776),
(99, 19, 476, 4, 4395, 0, 17580),
(100, 19, 464, 3, 1046, 0, 3138),
(101, 19, 351, 2, 2702, 0, 5404),
(102, 20, 324, 1, 7809, 0, 7809),
(103, 20, 323, 5, 2238, 0, 11190),
(104, 20, 382, 2, 5917, 0, 11834),
(105, 20, 10, 3, 793, 0, 2379),
(106, 21, 137, 2, 1475, 0, 2950),
(107, 21, 306, 1, 7305, 0, 7305),
(108, 21, 781, 4, 2276, 0, 9104),
(109, 21, 404, 1, 8010, 0, 8010),
(110, 21, 753, 3, 6286, 0, 18858),
(111, 21, 827, 2, 1845, 0, 3690),
(112, 22, 519, 1, 814, 0, 814),
(113, 22, 61, 3, 7882, 0, 23646),
(114, 22, 69, 5, 6873, 0, 34365),
(115, 22, 509, 5, 303, 0, 1515),
(116, 22, 828, 5, 560, 0, 2800),
(117, 22, 71, 4, 5680, 0, 22720),
(118, 23, 41, 1, 3712, 0, 3712),
(119, 23, 792, 3, 4515, 0, 13545),
(120, 23, 778, 4, 7369, 0, 29476),
(121, 23, 63, 4, 2552, 0, 10208),
(122, 23, 176, 4, 9118, 0, 36472),
(123, 23, 588, 5, 8080, 0, 40400),
(124, 24, 195, 3, 9297, 0, 27891),
(125, 24, 183, 3, 7331, 0, 21993),
(126, 24, 252, 1, 5505, 0, 5505),
(127, 24, 135, 3, 9322, 0, 27966),
(128, 24, 177, 1, 7337, 0, 7337),
(129, 25, 314, 3, 257, 0, 771),
(130, 25, 376, 1, 4700, 0, 4700),
(131, 25, 551, 5, 8122, 0, 40610),
(132, 25, 299, 4, 6497, 0, 25988),
(133, 25, 25, 4, 449, 0, 1796),
(134, 25, 489, 5, 5810, 0, 29050),
(135, 25, 4, 4, 9866, 0, 39464),
(136, 26, 193, 3, 3036, 0, 9108),
(137, 26, 369, 4, 8289, 0, 33156),
(138, 26, 122, 3, 6085, 0, 18255),
(139, 26, 465, 2, 9778, 0, 19556),
(140, 27, 571, 2, 7361, 0, 14722),
(141, 27, 29, 1, 8902, 0, 8902),
(142, 27, 53, 4, 711, 0, 2844),
(143, 27, 540, 4, 4755, 0, 19020),
(144, 27, 543, 3, 5925, 0, 17775),
(145, 27, 640, 4, 3679, 0, 14716),
(146, 28, 409, 1, 6617, 0, 6617),
(147, 28, 529, 4, 1385, 0, 5540),
(148, 28, 154, 5, 9952, 0, 49760),
(149, 28, 643, 2, 9144, 0, 18288),
(150, 28, 135, 2, 9322, 0, 18644),
(151, 28, 193, 4, 3036, 0, 12144),
(152, 29, 543, 3, 5925, 0, 17775),
(153, 29, 245, 5, 6460, 0, 32300),
(154, 29, 44, 4, 6568, 0, 26272),
(155, 29, 298, 1, 5788, 0, 5788),
(156, 29, 333, 4, 4939, 0, 19756),
(157, 30, 551, 5, 8122, 0, 40610),
(158, 30, 354, 1, 3263, 0, 3263),
(159, 30, 487, 3, 5182, 0, 15546),
(160, 30, 679, 2, 6532, 0, 13064),
(161, 31, 547, 2, 8430, 0, 16860),
(162, 31, 791, 2, 6782, 0, 13564),
(163, 31, 834, 5, 9762, 0, 48810),
(164, 31, 291, 1, 9184, 0, 9184),
(165, 31, 622, 4, 8330, 0, 33320),
(166, 32, 70, 3, 3078, 0, 9234),
(167, 32, 422, 4, 1099, 0, 4396),
(168, 32, 69, 1, 6873, 0, 6873),
(169, 32, 747, 2, 8440, 0, 16880),
(170, 32, 541, 2, 368, 0, 736),
(171, 32, 814, 4, 9272, 0, 37088),
(172, 33, 409, 2, 6617, 0, 13234),
(173, 33, 698, 2, 2602, 0, 5204),
(174, 33, 480, 1, 1453, 0, 1453),
(175, 33, 261, 4, 8812, 0, 35248),
(176, 34, 456, 3, 1334, 0, 4002),
(177, 34, 524, 4, 6130, 0, 24520),
(178, 34, 430, 1, 3574, 0, 3574),
(179, 34, 130, 2, 1915, 0, 3830),
(180, 34, 104, 1, 7144, 0, 7144),
(181, 35, 679, 4, 6532, 0, 26128),
(182, 35, 536, 5, 8089, 0, 40445),
(183, 35, 175, 1, 2680, 0, 2680),
(184, 35, 435, 4, 6739, 0, 26956),
(185, 35, 349, 2, 1123, 0, 2246),
(186, 36, 623, 4, 5106, 0, 20424),
(187, 36, 212, 4, 9050, 0, 36200),
(188, 36, 340, 1, 6429, 0, 6429),
(189, 36, 443, 1, 2003, 0, 2003),
(190, 36, 780, 3, 4470, 0, 13410),
(191, 37, 54, 3, 6236, 0, 18708),
(192, 37, 228, 3, 3542, 0, 10626),
(193, 37, 662, 2, 5485, 0, 10970),
(194, 37, 170, 4, 1694, 0, 6776),
(195, 37, 165, 3, 5078, 0, 15234),
(196, 38, 289, 4, 9200, 0, 36800),
(197, 38, 628, 4, 8895, 0, 35580),
(198, 38, 230, 4, 9514, 0, 38056),
(199, 38, 170, 1, 1694, 0, 1694),
(200, 38, 656, 4, 9062, 0, 36248),
(201, 38, 261, 4, 8812, 0, 35248),
(202, 38, 716, 3, 7064, 0, 21192),
(203, 39, 654, 4, 6763, 0, 27052),
(204, 39, 818, 2, 171, 0, 342),
(205, 39, 723, 5, 8863, 0, 44315),
(206, 39, 389, 1, 636, 0, 636),
(207, 40, 405, 4, 8629, 0, 34516),
(208, 40, 574, 5, 5612, 0, 28060),
(209, 40, 389, 3, 636, 0, 1908),
(210, 40, 649, 2, 4684, 0, 9368),
(211, 41, 692, 4, 7595, 0, 30380),
(212, 41, 506, 3, 7794, 0, 23382),
(213, 41, 483, 5, 6783, 0, 33915),
(214, 41, 366, 4, 5775, 0, 23100),
(215, 41, 753, 4, 6286, 0, 25144),
(216, 42, 570, 4, 3737, 0, 14948),
(217, 42, 303, 3, 6026, 0, 18078),
(218, 42, 691, 5, 3963, 0, 19815),
(219, 42, 499, 2, 9823, 0, 19646),
(220, 42, 183, 5, 7331, 0, 36655),
(221, 43, 644, 3, 1182, 0, 3546),
(222, 43, 287, 3, 9644, 0, 28932),
(223, 43, 651, 1, 2113, 0, 2113),
(224, 43, 564, 5, 2329, 0, 11645),
(225, 43, 539, 1, 7553, 0, 7553),
(226, 44, 418, 5, 7210, 0, 36050),
(227, 44, 268, 4, 3638, 0, 14552),
(228, 44, 765, 1, 5644, 0, 5644),
(229, 44, 108, 1, 8827, 0, 8827),
(230, 45, 730, 4, 3637, 0, 14548),
(231, 45, 177, 1, 7337, 0, 7337),
(232, 45, 826, 2, 3504, 0, 7008),
(233, 45, 550, 1, 2514, 0, 2514),
(234, 46, 201, 4, 3357, 0, 13428),
(235, 46, 617, 3, 8262, 0, 24786),
(236, 46, 44, 2, 6568, 0, 13136),
(237, 46, 808, 2, 3789, 0, 7578),
(238, 46, 75, 2, 8667, 0, 17334),
(239, 47, 192, 5, 3491, 0, 17455),
(240, 47, 368, 1, 9983, 0, 9983),
(241, 47, 354, 2, 3263, 0, 6526),
(242, 47, 63, 3, 2552, 0, 7656),
(243, 47, 309, 5, 3587, 0, 17935),
(244, 48, 681, 2, 6727, 0, 13454),
(245, 48, 724, 4, 7892, 0, 31568),
(246, 48, 691, 5, 3963, 0, 19815),
(247, 48, 765, 1, 5644, 0, 5644),
(248, 48, 101, 4, 7898, 0, 31592),
(249, 48, 19, 3, 7683, 0, 23049),
(250, 49, 637, 2, 75, 0, 150),
(251, 49, 698, 4, 2602, 0, 10408),
(252, 49, 167, 3, 5075, 0, 15225),
(253, 49, 145, 3, 520, 0, 1560),
(254, 50, 741, 1, 7753, 0, 7753),
(255, 50, 591, 1, 8454, 0, 8454),
(256, 50, 516, 1, 5907, 0, 5907),
(257, 50, 616, 5, 2512, 0, 12560),
(258, 50, 633, 2, 6195, 0, 12390),
(259, 50, 652, 5, 1590, 0, 7950);

-- --------------------------------------------------------

--
-- Table structure for table `sylius_payment`
--

CREATE TABLE IF NOT EXISTS `sylius_payment` (
  `id` int(11) NOT NULL AUTO_INCREMENT,
  `method_id` int(11) DEFAULT NULL,
  `credit_card_id` int(11) DEFAULT NULL,
  `currency` varchar(255) COLLATE utf8_unicode_ci NOT NULL,
  `amount` int(11) NOT NULL,
  `state` varchar(255) COLLATE utf8_unicode_ci NOT NULL,
  `details` longtext COLLATE utf8_unicode_ci NOT NULL COMMENT '(DC2Type:json_array)',
  `created_at` datetime NOT NULL,
  `updated_at` datetime DEFAULT NULL,
  PRIMARY KEY (`id`),
  KEY `IDX_D9191BD419883967` (`method_id`),
  KEY `IDX_D9191BD47048FD0F` (`credit_card_id`)
) ENGINE=InnoDB  DEFAULT CHARSET=utf8 COLLATE=utf8_unicode_ci AUTO_INCREMENT=51 ;

--
-- Dumping data for table `sylius_payment`
--

INSERT INTO `sylius_payment` (`id`, `method_id`, `credit_card_id`, `currency`, `amount`, `state`, `details`, `created_at`, `updated_at`) VALUES
(1, 3, NULL, 'USD', 117652, 'new', '[]', '2013-11-11 20:21:05', '2013-11-11 20:21:05'),
(2, 3, NULL, 'EUR', 41155, 'new', '[]', '2013-11-11 20:21:05', '2013-11-11 20:21:05'),
(3, 3, NULL, 'EUR', 102060, 'new', '[]', '2013-11-11 20:21:05', '2013-11-11 20:21:05'),
(4, 3, NULL, 'EUR', 33277, 'new', '[]', '2013-11-11 20:21:05', '2013-11-11 20:21:05'),
(5, 3, NULL, 'USD', 41796, 'new', '[]', '2013-11-11 20:21:05', '2013-11-11 20:21:05'),
(6, 3, NULL, 'EUR', 112405, 'new', '[]', '2013-11-11 20:21:05', '2013-11-11 20:21:05'),
(7, 3, NULL, 'USD', 55967, 'new', '[]', '2013-11-11 20:21:05', '2013-11-11 20:21:05'),
(8, 3, NULL, 'GBP', 91397, 'new', '[]', '2013-11-11 20:21:05', '2013-11-11 20:21:05'),
(9, 3, NULL, 'EUR', 69680, 'new', '[]', '2013-11-11 20:21:05', '2013-11-11 20:21:06'),
(10, 3, NULL, 'GBP', 51808, 'new', '[]', '2013-11-11 20:21:06', '2013-11-11 20:21:06'),
(11, 3, NULL, 'USD', 65211, 'new', '[]', '2013-11-11 20:21:06', '2013-11-11 20:21:06'),
(12, 3, NULL, 'USD', 46411, 'new', '[]', '2013-11-11 20:21:06', '2013-11-11 20:21:06'),
(13, 3, NULL, 'GBP', 104833, 'new', '[]', '2013-11-11 20:21:06', '2013-11-11 20:21:06'),
(14, 3, NULL, 'EUR', 111885, 'new', '[]', '2013-11-11 20:21:06', '2013-11-11 20:21:06'),
(15, 3, NULL, 'GBP', 47187, 'new', '[]', '2013-11-11 20:21:06', '2013-11-11 20:21:06'),
(16, 3, NULL, 'USD', 93463, 'new', '[]', '2013-11-11 20:21:06', '2013-11-11 20:21:06'),
(17, 3, NULL, 'GBP', 91264, 'new', '[]', '2013-11-11 20:21:06', '2013-11-11 20:21:06'),
(18, 3, NULL, 'USD', 149528, 'new', '[]', '2013-11-11 20:21:06', '2013-11-11 20:21:06'),
(19, 3, NULL, 'USD', 108029, 'new', '[]', '2013-11-11 20:21:06', '2013-11-11 20:21:06'),
(20, 3, NULL, 'GBP', 33212, 'new', '[]', '2013-11-11 20:21:06', '2013-11-11 20:21:06'),
(21, 3, NULL, 'EUR', 49917, 'new', '[]', '2013-11-11 20:21:06', '2013-11-11 20:21:06'),
(22, 3, NULL, 'EUR', 85860, 'new', '[]', '2013-11-11 20:21:06', '2013-11-11 20:21:06'),
(23, 3, NULL, 'EUR', 133813, 'new', '[]', '2013-11-11 20:21:06', '2013-11-11 20:21:06'),
(24, 3, NULL, 'EUR', 90692, 'new', '[]', '2013-11-11 20:21:06', '2013-11-11 20:21:06'),
(25, 3, NULL, 'GBP', 142379, 'new', '[]', '2013-11-11 20:21:06', '2013-11-11 20:21:06'),
(26, 3, NULL, 'EUR', 80075, 'new', '[]', '2013-11-11 20:21:06', '2013-11-11 20:21:06'),
(27, 3, NULL, 'EUR', 77979, 'new', '[]', '2013-11-11 20:21:06', '2013-11-11 20:21:06'),
(28, 3, NULL, 'USD', 110993, 'new', '[]', '2013-11-11 20:21:06', '2013-11-11 20:21:06'),
(29, 3, NULL, 'EUR', 101891, 'new', '[]', '2013-11-11 20:21:06', '2013-11-11 20:21:06'),
(30, 3, NULL, 'GBP', 72483, 'new', '[]', '2013-11-11 20:21:06', '2013-11-11 20:21:06'),
(31, 3, NULL, 'EUR', 121738, 'new', '[]', '2013-11-11 20:21:06', '2013-11-11 20:21:06'),
(32, 3, NULL, 'EUR', 75207, 'new', '[]', '2013-11-11 20:21:06', '2013-11-11 20:21:06'),
(33, 3, NULL, 'GBP', 55139, 'new', '[]', '2013-11-11 20:21:06', '2013-11-11 20:21:06'),
(34, 3, NULL, 'EUR', 43070, 'new', '[]', '2013-11-11 20:21:06', '2013-11-11 20:21:06'),
(35, 3, NULL, 'EUR', 98455, 'new', '[]', '2013-11-11 20:21:06', '2013-11-11 20:21:06'),
(36, 3, NULL, 'GBP', 78466, 'new', '[]', '2013-11-11 20:21:06', '2013-11-11 20:21:06'),
(37, 3, NULL, 'GBP', 62314, 'new', '[]', '2013-11-11 20:21:06', '2013-11-11 20:21:06'),
(38, 3, NULL, 'EUR', 204818, 'new', '[]', '2013-11-11 20:21:06', '2013-11-11 20:21:06'),
(39, 3, NULL, 'GBP', 72345, 'new', '[]', '2013-11-11 20:21:06', '2013-11-11 20:21:06'),
(40, 3, NULL, 'GBP', 73852, 'new', '[]', '2013-11-11 20:21:06', '2013-11-11 20:21:06'),
(41, 3, NULL, 'USD', 135921, 'new', '[]', '2013-11-11 20:21:06', '2013-11-11 20:21:06'),
(42, 3, NULL, 'GBP', 109142, 'new', '[]', '2013-11-11 20:21:06', '2013-11-11 20:21:06'),
(43, 3, NULL, 'USD', 53789, 'new', '[]', '2013-11-11 20:21:06', '2013-11-11 20:21:06'),
(44, 3, NULL, 'EUR', 65073, 'new', '[]', '2013-11-11 20:21:06', '2013-11-11 20:21:06'),
(45, 3, NULL, 'EUR', 31407, 'new', '[]', '2013-11-11 20:21:06', '2013-11-11 20:21:06'),
(46, 3, NULL, 'USD', 76262, 'new', '[]', '2013-11-11 20:21:06', '2013-11-11 20:21:06'),
(47, 3, NULL, 'GBP', 59555, 'new', '[]', '2013-11-11 20:21:06', '2013-11-11 20:21:06'),
(48, 3, NULL, 'GBP', 125122, 'new', '[]', '2013-11-11 20:21:06', '2013-11-11 20:21:06'),
(49, 3, NULL, 'GBP', 27343, 'new', '[]', '2013-11-11 20:21:06', '2013-11-11 20:21:06'),
(50, 3, NULL, 'USD', 55014, 'new', '[]', '2013-11-11 20:21:06', '2013-11-11 20:21:06');

-- --------------------------------------------------------

--
-- Table structure for table `sylius_payment_log`
--

CREATE TABLE IF NOT EXISTS `sylius_payment_log` (
  `id` int(11) NOT NULL AUTO_INCREMENT,
  `payment_id` int(11) NOT NULL,
  `message` varchar(255) COLLATE utf8_unicode_ci NOT NULL,
  `created_at` datetime NOT NULL,
  `updated_at` datetime DEFAULT NULL,
  PRIMARY KEY (`id`),
  KEY `IDX_1F1ED0084C3A3BB` (`payment_id`)
) ENGINE=InnoDB DEFAULT CHARSET=utf8 COLLATE=utf8_unicode_ci AUTO_INCREMENT=1 ;

-- --------------------------------------------------------

--
-- Table structure for table `sylius_payment_method`
--

CREATE TABLE IF NOT EXISTS `sylius_payment_method` (
  `id` int(11) NOT NULL AUTO_INCREMENT,
  `name` varchar(255) COLLATE utf8_unicode_ci NOT NULL,
  `description` varchar(255) COLLATE utf8_unicode_ci DEFAULT NULL,
  `gateway` varchar(255) COLLATE utf8_unicode_ci NOT NULL,
  `environment` varchar(255) COLLATE utf8_unicode_ci DEFAULT NULL,
  `is_enabled` tinyint(1) NOT NULL,
  `created_at` datetime NOT NULL,
  `updated_at` datetime DEFAULT NULL,
  PRIMARY KEY (`id`)
) ENGINE=InnoDB  DEFAULT CHARSET=utf8 COLLATE=utf8_unicode_ci AUTO_INCREMENT=4 ;

--
-- Dumping data for table `sylius_payment_method`
--

INSERT INTO `sylius_payment_method` (`id`, `name`, `description`, `gateway`, `environment`, `is_enabled`, `created_at`, `updated_at`) VALUES
(1, 'Dummy', NULL, 'dummy', NULL, 1, '2013-11-11 20:20:52', '2013-11-11 20:20:52'),
(2, 'Paypal Express Checkout', NULL, 'paypal_express_checkout', NULL, 1, '2013-11-11 20:20:52', '2013-11-11 20:20:52'),
(3, 'Stripe', NULL, 'stripe', NULL, 1, '2013-11-11 20:20:52', '2013-11-11 20:20:52');

-- --------------------------------------------------------

--
-- Table structure for table `sylius_payment_security_token`
--

CREATE TABLE IF NOT EXISTS `sylius_payment_security_token` (
  `hash` varchar(255) COLLATE utf8_unicode_ci NOT NULL,
  `details` longtext COLLATE utf8_unicode_ci COMMENT '(DC2Type:object)',
  `after_url` longtext COLLATE utf8_unicode_ci,
  `target_url` longtext COLLATE utf8_unicode_ci NOT NULL,
  `payment_name` varchar(255) COLLATE utf8_unicode_ci NOT NULL,
  PRIMARY KEY (`hash`)
) ENGINE=InnoDB DEFAULT CHARSET=utf8 COLLATE=utf8_unicode_ci;

-- --------------------------------------------------------

--
-- Table structure for table `sylius_product`
--

CREATE TABLE IF NOT EXISTS `sylius_product` (
  `id` int(11) NOT NULL AUTO_INCREMENT,
  `tax_category_id` int(11) DEFAULT NULL,
  `shipping_category_id` int(11) DEFAULT NULL,
  `name` varchar(255) COLLATE utf8_unicode_ci NOT NULL,
  `slug` varchar(255) COLLATE utf8_unicode_ci NOT NULL,
  `description` longtext COLLATE utf8_unicode_ci NOT NULL,
  `available_on` datetime NOT NULL,
  `meta_keywords` varchar(255) COLLATE utf8_unicode_ci DEFAULT NULL,
  `meta_description` varchar(255) COLLATE utf8_unicode_ci DEFAULT NULL,
  `created_at` datetime NOT NULL,
  `updated_at` datetime DEFAULT NULL,
  `deleted_at` datetime DEFAULT NULL,
  `short_description` varchar(255) COLLATE utf8_unicode_ci DEFAULT NULL,
  `variant_selection_method` varchar(255) COLLATE utf8_unicode_ci NOT NULL,
  PRIMARY KEY (`id`),
  UNIQUE KEY `UNIQ_677B9B74989D9B62` (`slug`),
  KEY `IDX_677B9B749DF894ED` (`tax_category_id`),
  KEY `IDX_677B9B749E2D1A41` (`shipping_category_id`)
) ENGINE=InnoDB  DEFAULT CHARSET=utf8 COLLATE=utf8_unicode_ci AUTO_INCREMENT=121 ;

--
-- Dumping data for table `sylius_product`
--

INSERT INTO `sylius_product` (`id`, `tax_category_id`, `shipping_category_id`, `name`, `slug`, `description`, `available_on`, `meta_keywords`, `meta_description`, `created_at`, `updated_at`, `deleted_at`, `short_description`, `variant_selection_method`) VALUES
(1, 1, NULL, 'T-Shirt "ab"', 't-shirt-ab', 'Voluptatem sapiente provident temporibus et ut autem architecto. Aut aut maxime aspernatur. Deserunt ullam totam dignissimos quis reiciendis molestias. Nesciunt ut ratione laudantium in iste. Quia eius ullam assumenda eligendi vitae sed.', '2013-11-11 20:20:53', NULL, NULL, '2013-11-11 20:20:53', '2013-11-11 20:20:53', NULL, 'Qui sit rerum ut eaque odit quo.', 'match'),
(2, 1, NULL, 'Mug "enim"', 'mug-enim', 'Ipsam at similique ad sit libero. Saepe qui enim exercitationem unde quasi ut. Non esse quia ea beatae.', '2013-11-11 20:20:53', NULL, NULL, '2013-11-11 20:20:53', '2013-11-11 20:20:53', NULL, 'Necessitatibus hic modi voluptatem dicta quia.', 'choice'),
(3, 1, NULL, 'Sticker "mollitia"', 'sticker-mollitia', 'Fugiat facilis recusandae vitae animi. Consequuntur quam excepturi molestiae quia. Quod consequatur occaecati praesentium suscipit. Sed et assumenda voluptas eos omnis quos. Ut sit dolores consequatur corrupti fugit animi.', '2013-11-11 20:20:53', NULL, NULL, '2013-11-11 20:20:53', '2013-11-11 20:20:53', NULL, 'Dolorem vero dolor alias sed beatae molestiae voluptas cum.', 'match'),
(4, 1, NULL, 'Mug "distinctio"', 'mug-distinctio', 'Ducimus sapiente ut quia rem. Eaque quis expedita similique explicabo. Dolores fugiat consequatur eum vitae veniam corrupti dolor aut.', '2013-11-11 20:20:53', NULL, NULL, '2013-11-11 20:20:53', '2013-11-11 20:20:53', NULL, 'Eligendi non id aut esse sed culpa ut voluptate.', 'choice'),
(5, 1, NULL, 'T-Shirt "et"', 't-shirt-et', 'Qui non deleniti repudiandae qui laboriosam ea maiores fugiat. Laudantium modi magni eum hic et odio numquam. Recusandae qui mollitia velit quas facere vero.', '2013-11-11 20:20:53', NULL, NULL, '2013-11-11 20:20:53', '2013-11-11 20:20:53', NULL, 'Corporis dolor quas aut dolor et itaque.', 'match'),
(6, 1, NULL, 'T-Shirt "molestiae"', 't-shirt-molestiae', 'Aut dolorem dolore et totam quos et fugit laudantium. Dolorem eligendi vitae esse neque quia quibusdam. Expedita ut reiciendis omnis.', '2013-11-11 20:20:53', NULL, NULL, '2013-11-11 20:20:53', '2013-11-11 20:20:54', NULL, 'Autem atque non veritatis id.', 'match'),
(7, 1, NULL, 'Book "Ipsam" by "Lucy Schowalter"', 'book-ipsam-by-lucy-schowalter', 'At quam ea fugiat ducimus ipsum quam reprehenderit omnis. Perspiciatis possimus expedita officiis ipsa. Aspernatur ad voluptates aut ab. Tempore dicta nam voluptatem sequi qui voluptatem non. Perspiciatis natus ut sit.', '2013-11-11 20:20:54', NULL, NULL, '2013-11-11 20:20:54', '2013-11-11 20:20:54', NULL, 'Quia vitae ut laborum quis voluptatum maxime necessitatibus voluptatem.', 'choice'),
(8, 1, NULL, 'T-Shirt "ut"', 't-shirt-ut', 'Voluptatibus distinctio blanditiis et ducimus aut quis. Architecto reprehenderit voluptas molestias eum ipsa aut praesentium. Accusantium molestiae architecto dolores dolorum beatae.', '2013-11-11 20:20:54', NULL, NULL, '2013-11-11 20:20:54', '2013-11-11 20:20:54', NULL, 'Consequatur quisquam ut reiciendis fugiat minima illum repudiandae.', 'match'),
(9, 1, NULL, 'T-Shirt "quis"', 't-shirt-quis', 'Et qui qui reprehenderit facilis odit quas. Totam sed enim laudantium rerum magnam. Aut assumenda numquam at alias eos. Ullam nam maiores repellat eos.', '2013-11-11 20:20:54', NULL, NULL, '2013-11-11 20:20:54', '2013-11-11 20:20:54', NULL, 'Recusandae voluptates reprehenderit quisquam provident voluptas consequatur.', 'match'),
(10, 1, NULL, 'Sticker "non"', 'sticker-non', 'Illo facere aut quis sit magnam possimus. Tenetur magni possimus sint officiis quis perferendis dolorum. Voluptas sunt maiores sit voluptatem cum sit. Voluptatem qui tenetur ea explicabo qui sint quos.', '2013-11-11 20:20:54', NULL, NULL, '2013-11-11 20:20:54', '2013-11-11 20:20:54', NULL, 'Nam aut laborum est et cum necessitatibus.', 'match'),
(11, 1, NULL, 'T-Shirt "aut"', 't-shirt-aut', 'Dolor iure temporibus et ea et doloribus qui sequi. Et molestias quia sequi vero modi velit. Impedit earum deserunt debitis doloribus. Aut blanditiis neque veritatis velit eum sequi.', '2013-11-11 20:20:54', NULL, NULL, '2013-11-11 20:20:54', '2013-11-11 20:20:54', NULL, 'Laudantium facilis excepturi provident et non eos.', 'match'),
(12, 1, NULL, 'Sticker "eum"', 'sticker-eum', 'Molestiae non et qui laboriosam quis. Id vero dolorem vel totam a. Fuga perferendis repellendus omnis aut quisquam. Ipsa sunt et rem doloremque doloribus dolorum accusantium. Dolore vitae nobis nostrum enim totam doloribus.', '2013-11-11 20:20:54', NULL, NULL, '2013-11-11 20:20:54', '2013-11-11 20:20:54', NULL, 'Laborum assumenda reprehenderit minus dicta.', 'match'),
(13, 1, NULL, 'Mug "soluta"', 'mug-soluta', 'Recusandae veniam eos ex velit. Ipsam enim quod repellendus ut repudiandae eligendi. Debitis voluptates atque et dignissimos magnam et. Fuga necessitatibus nihil quas.', '2013-11-11 20:20:54', NULL, NULL, '2013-11-11 20:20:54', '2013-11-11 20:20:54', NULL, 'Quia commodi nisi placeat voluptas molestias.', 'choice'),
(14, 1, NULL, 'Sticker "nisi"', 'sticker-nisi', 'Ea qui quidem libero itaque ipsam. Dolores est ea repellat amet. Dolorem magni illum aspernatur vero nesciunt id.', '2013-11-11 20:20:54', NULL, NULL, '2013-11-11 20:20:54', '2013-11-11 20:20:54', NULL, 'Soluta deleniti sed sed culpa suscipit hic.', 'match'),
(15, 1, NULL, 'Mug "amet"', 'mug-amet', 'Id recusandae rerum numquam voluptate assumenda. Molestiae qui quod magni et ut sed ut labore. Quia enim quia soluta harum et.', '2013-11-11 20:20:54', NULL, NULL, '2013-11-11 20:20:54', '2013-11-11 20:20:54', NULL, 'Cupiditate nobis explicabo quasi officia iste.', 'choice'),
(16, 1, NULL, 'Mug "est"', 'mug-est', 'Laudantium optio id molestiae rerum placeat quis. Enim vel rerum inventore ut qui. Aut sed commodi sed facilis et.', '2013-11-11 20:20:54', NULL, NULL, '2013-11-11 20:20:54', '2013-11-11 20:20:54', NULL, 'Consequuntur tenetur qui qui tempora.', 'choice'),
(17, 1, NULL, 'Mug "dolorem"', 'mug-dolorem', 'Animi dolores voluptas ex fugiat. Consequatur velit et optio nostrum non in similique omnis.', '2013-11-11 20:20:54', NULL, NULL, '2013-11-11 20:20:54', '2013-11-11 20:20:54', NULL, 'Quisquam aliquam eius dolorem dolores.', 'choice'),
(18, 1, NULL, 'Book "Fuga" by "Bobby Lockman"', 'book-fuga-by-bobby-lockman', 'Laborum quis quidem nesciunt dicta aliquid. Sint eveniet quis ipsum at. Pariatur sint voluptatem voluptas.', '2013-11-11 20:20:54', NULL, NULL, '2013-11-11 20:20:54', '2013-11-11 20:20:54', NULL, 'Deserunt et ut modi neque aliquam harum.', 'choice'),
(19, 1, NULL, 'Sticker "et"', 'sticker-et', 'Sint voluptatum voluptatum aliquam qui. Aut occaecati enim eveniet quia dolores. Sed sit eveniet sint repellat iure earum cupiditate.', '2013-11-11 20:20:54', NULL, NULL, '2013-11-11 20:20:54', '2013-11-11 20:20:54', NULL, 'Eligendi velit labore quas voluptas consequatur.', 'match'),
(20, 1, NULL, 'T-Shirt "sed"', 't-shirt-sed', 'Nihil natus voluptatum enim quas et sed nihil. Adipisci eaque illum sed officiis. Et non asperiores recusandae veniam. Error atque voluptas qui amet deserunt. Et magni quidem et praesentium animi labore velit.', '2013-11-11 20:20:54', NULL, NULL, '2013-11-11 20:20:54', '2013-11-11 20:20:54', NULL, 'Nobis sequi molestiae quibusdam magni sunt.', 'match'),
(21, 1, NULL, 'Mug "dignissimos"', 'mug-dignissimos', 'Accusamus aut aut voluptates fugit voluptatem nihil. Praesentium et qui autem impedit et. Minus est quia autem voluptatibus quos ea.', '2013-11-11 20:20:55', NULL, NULL, '2013-11-11 20:20:55', '2013-11-11 20:20:55', NULL, 'Reiciendis autem nesciunt deserunt distinctio.', 'choice'),
(22, 1, NULL, 'Mug "et"', 'mug-et', 'Perspiciatis et dignissimos molestias nihil quisquam eum officiis. Sint rem ullam id maxime autem. Totam veniam id asperiores reiciendis repellat est vel.', '2013-11-11 20:20:55', NULL, NULL, '2013-11-11 20:20:55', '2013-11-11 20:20:55', NULL, 'Et nemo accusantium reiciendis minima minus aspernatur dolore.', 'choice'),
(23, 1, NULL, 'Mug "molestias"', 'mug-molestias', 'Fuga aspernatur quaerat vero accusantium est quibusdam iste cumque. Natus et consequatur voluptas inventore sequi. Praesentium iste dignissimos ut eos consequatur tenetur minima pariatur.', '2013-11-11 20:20:55', NULL, NULL, '2013-11-11 20:20:55', '2013-11-11 20:20:55', NULL, 'Quaerat quas qui consequatur id officia expedita qui.', 'choice'),
(24, 1, NULL, 'T-Shirt "similique"', 't-shirt-similique', 'Quidem numquam libero quia quis at. Excepturi molestias iste sed laboriosam. Magni velit quae vel voluptatum. Ratione porro quis sit ratione suscipit.', '2013-11-11 20:20:55', NULL, NULL, '2013-11-11 20:20:55', '2013-11-11 20:20:55', NULL, 'Et vel labore omnis est ex quibusdam.', 'match'),
(25, 1, NULL, 'Mug "blanditiis"', 'mug-blanditiis', 'Delectus officia mollitia officia esse iste qui optio dolor. Porro eligendi culpa distinctio nihil est esse. Molestias aut qui soluta sit iste.', '2013-11-11 20:20:55', NULL, NULL, '2013-11-11 20:20:55', '2013-11-11 20:20:55', NULL, 'Exercitationem aut est quaerat inventore corrupti iusto sint sed.', 'choice'),
(26, 1, NULL, 'Book "Corporis" by "Candelario Shields Jr."', 'book-corporis-by-candelario-shields-jr', 'Qui odio voluptas tempora voluptatem dolores mollitia. Ab rem velit soluta quia. Corrupti quos autem sint praesentium accusamus facere nemo.', '2013-11-11 20:20:55', NULL, NULL, '2013-11-11 20:20:55', '2013-11-11 20:20:55', NULL, 'Est voluptas ea adipisci impedit earum rem.', 'choice'),
(27, 1, NULL, 'T-Shirt "eos"', 't-shirt-eos', 'Quam odit sit dolores cum aut similique. Dolor sed recusandae qui dolores autem dolore. Provident qui sunt commodi ea maxime.', '2013-11-11 20:20:55', NULL, NULL, '2013-11-11 20:20:55', '2013-11-11 20:20:55', NULL, 'At adipisci molestiae fuga occaecati laboriosam aliquam eum eos.', 'match'),
(28, 1, NULL, 'Book "Officia" by "Anna Price"', 'book-officia-by-anna-price', 'Et dolore rerum hic iure atque est sequi est. Sed ab est est eius quaerat animi. Ut nostrum a magnam veritatis itaque aut molestiae. Numquam quasi ad molestiae eveniet.', '2013-11-11 20:20:55', NULL, NULL, '2013-11-11 20:20:55', '2013-11-11 20:20:55', NULL, 'Molestiae autem aut sit est inventore perferendis.', 'choice'),
(29, 1, NULL, 'Sticker "quos"', 'sticker-quos', 'Molestiae maiores omnis sunt totam eligendi sunt cum. Reiciendis illum quae ut. Ea commodi vero non possimus unde ratione. Laudantium ullam est eos autem ut.', '2013-11-11 20:20:55', NULL, NULL, '2013-11-11 20:20:55', '2013-11-11 20:20:55', NULL, 'Molestias distinctio provident pariatur incidunt et.', 'match'),
(30, 1, NULL, 'Sticker "rerum"', 'sticker-rerum', 'Aut corporis eius dolorum voluptas quisquam. Cum quod et repellat nam odio. Deserunt ea et quia voluptas iure. Ratione quis recusandae nobis omnis dolorem.', '2013-11-11 20:20:55', NULL, NULL, '2013-11-11 20:20:55', '2013-11-11 20:20:55', NULL, 'Eum nobis nisi et alias in saepe.', 'match'),
(31, 1, NULL, 'Sticker "debitis"', 'sticker-debitis', 'Qui veritatis ullam enim omnis. Nulla molestias fugiat eligendi tempora. Minima earum commodi unde. Enim autem explicabo vero culpa tempora ab.', '2013-11-11 20:20:55', NULL, NULL, '2013-11-11 20:20:55', '2013-11-11 20:20:55', NULL, 'Iste eos dolores a magnam sequi.', 'match'),
(32, 1, NULL, 'T-Shirt "fuga"', 't-shirt-fuga', 'Tempore maiores laudantium rem. Qui ut occaecati possimus dolorem. Quo quasi impedit natus quia et qui vitae. Est earum quas quasi qui accusamus fugiat totam facilis.', '2013-11-11 20:20:55', NULL, NULL, '2013-11-11 20:20:55', '2013-11-11 20:20:55', NULL, 'Maxime asperiores aut doloribus cum consequatur nobis corrupti.', 'match'),
(33, 1, NULL, 'Book "Ut" by "Ms. Rudy Mills"', 'book-ut-by-ms-rudy-mills', 'Veniam est et dolor et non. Ut sunt saepe laudantium veniam. Doloribus qui et sit minima magnam ipsum ipsum. Provident qui dolores doloribus omnis nostrum nostrum ut.', '2013-11-11 20:20:55', NULL, NULL, '2013-11-11 20:20:55', '2013-11-11 20:20:55', NULL, 'Et sit eos occaecati aut quos.', 'choice'),
(34, 1, NULL, 'Sticker "ab"', 'sticker-ab', 'Quibusdam doloremque ex blanditiis beatae quae in. Sit aut inventore nisi sit natus repellat fugit.', '2013-11-11 20:20:55', NULL, NULL, '2013-11-11 20:20:55', '2013-11-11 20:20:55', NULL, 'Laboriosam aliquam velit vel quibusdam repellendus voluptatum unde aliquid.', 'match'),
(35, 1, NULL, 'Mug "explicabo"', 'mug-explicabo', 'Modi aspernatur dolor iure ex rerum nostrum animi. Iste sint totam magni a. Qui error omnis blanditiis ducimus consequatur ut harum. Architecto omnis et ea dignissimos.', '2013-11-11 20:20:55', NULL, NULL, '2013-11-11 20:20:55', '2013-11-11 20:20:55', NULL, 'Cumque modi eius nihil.', 'choice'),
(36, 1, NULL, 'T-Shirt "sunt"', 't-shirt-sunt', 'Iusto tenetur non aut error illum corrupti. Voluptatem delectus nesciunt aut incidunt et.', '2013-11-11 20:20:55', NULL, NULL, '2013-11-11 20:20:55', '2013-11-11 20:20:55', NULL, 'Dolor asperiores iusto molestiae eius nobis ea ab animi.', 'match'),
(37, 1, NULL, 'Book "Qui" by "Gaetano Labadie Sr."', 'book-qui-by-gaetano-labadie-sr', 'Qui in voluptatem id id architecto veniam aut. Voluptas et recusandae quaerat sed. Qui sit ut omnis dignissimos suscipit repellat. Officia itaque voluptas itaque aperiam et quae.', '2013-11-11 20:20:55', NULL, NULL, '2013-11-11 20:20:55', '2013-11-11 20:20:55', NULL, 'Pariatur sapiente eveniet magni tenetur sunt itaque libero beatae.', 'choice'),
(38, 1, NULL, 'Sticker "ea"', 'sticker-ea', 'Totam rerum adipisci tempore sint labore libero voluptas. Vitae blanditiis nostrum ipsam perferendis illo voluptas dolores totam. Ea est quia suscipit iusto commodi.', '2013-11-11 20:20:55', NULL, NULL, '2013-11-11 20:20:55', '2013-11-11 20:20:55', NULL, 'Expedita maxime alias reprehenderit eos.', 'match'),
(39, 1, NULL, 'T-Shirt "minus"', 't-shirt-minus', 'Deleniti laborum aliquid omnis rem voluptas. Totam quis adipisci impedit et aut. Omnis et a ullam libero deserunt ut.', '2013-11-11 20:20:55', NULL, NULL, '2013-11-11 20:20:55', '2013-11-11 20:20:55', NULL, 'Cupiditate laudantium esse blanditiis a nihil.', 'match'),
(40, 1, NULL, 'T-Shirt "laboriosam"', 't-shirt-laboriosam', 'Tempora nemo dignissimos quasi. Inventore et fuga officiis reiciendis consequatur tenetur aliquam. Sed cum optio ut dolorem harum iure.', '2013-11-11 20:20:55', NULL, NULL, '2013-11-11 20:20:55', '2013-11-11 20:20:55', NULL, 'Et vero maiores consequatur.', 'match'),
(41, 1, NULL, 'Book "Modi" by "Hershel Quitzon"', 'book-modi-by-hershel-quitzon', 'Autem perspiciatis commodi quia deleniti consequatur a dolore. Beatae et minus accusamus omnis recusandae possimus laboriosam provident. Blanditiis vero dicta voluptate earum rem aspernatur.', '2013-11-11 20:20:57', NULL, NULL, '2013-11-11 20:20:57', '2013-11-11 20:20:57', NULL, 'Quia voluptatem consectetur maiores facilis ducimus.', 'choice'),
(42, 1, NULL, 'T-Shirt "voluptatem"', 't-shirt-voluptatem', 'Vitae dolor dolore reiciendis. Distinctio soluta magnam pariatur cupiditate laborum. Quis iure in deserunt alias accusamus.', '2013-11-11 20:20:57', NULL, NULL, '2013-11-11 20:20:57', '2013-11-11 20:20:57', NULL, 'Repellendus quis voluptas ducimus deserunt expedita.', 'match'),
(43, 1, NULL, 'T-Shirt "voluptatem"', 't-shirt-voluptatem-1', 'Non voluptas eaque voluptates. Qui vitae officia incidunt id quibusdam. Voluptas id deserunt nesciunt incidunt aperiam nulla. Tempora et exercitationem sit fuga sunt ea consequatur.', '2013-11-11 20:20:57', NULL, NULL, '2013-11-11 20:20:57', '2013-11-11 20:20:57', NULL, 'Autem quidem impedit earum et qui.', 'match'),
(44, 1, NULL, 'Book "Repudiandae" by "Lonzo Lynch"', 'book-repudiandae-by-lonzo-lynch', 'Pariatur soluta dolore eius ut iste illum asperiores. Molestias dolorem dolorem natus repudiandae. Est dolore dolores unde iste voluptas.', '2013-11-11 20:20:57', NULL, NULL, '2013-11-11 20:20:57', '2013-11-11 20:20:57', NULL, 'Accusamus perspiciatis quis labore.', 'choice'),
(45, 1, NULL, 'Mug "quia"', 'mug-quia', 'Ab eos sint quae sit. Rerum quo unde qui sed sit. Alias alias laborum doloremque qui corporis soluta.', '2013-11-11 20:20:57', NULL, NULL, '2013-11-11 20:20:57', '2013-11-11 20:20:57', NULL, 'Voluptatum perspiciatis minima vel sapiente delectus.', 'choice'),
(46, 1, NULL, 'Sticker "maiores"', 'sticker-maiores', 'Esse dolor porro eum aut ullam. Tempora cum impedit repellendus id similique expedita et. Alias ipsam aut ut repellendus cumque dignissimos.', '2013-11-11 20:20:57', NULL, NULL, '2013-11-11 20:20:57', '2013-11-11 20:20:57', NULL, 'Dolorem delectus et eius dolorum corporis totam et.', 'match'),
(47, 1, NULL, 'Book "Odio" by "Mr. Cade Veum"', 'book-odio-by-mr-cade-veum', 'Voluptatum aut fuga nihil sunt et. Eos eveniet qui et inventore doloremque impedit. Earum ex consequatur quia est autem. Consequatur doloribus natus quia qui.', '2013-11-11 20:20:57', NULL, NULL, '2013-11-11 20:20:57', '2013-11-11 20:20:57', NULL, 'Quia similique occaecati nam sunt velit modi.', 'choice'),
(48, 1, NULL, 'Mug "provident"', 'mug-provident', 'Atque voluptates sit assumenda modi enim enim. Qui nobis distinctio vel. Id sunt consectetur dolores qui tempora qui et dolorem.', '2013-11-11 20:20:57', NULL, NULL, '2013-11-11 20:20:57', '2013-11-11 20:20:57', NULL, 'Animi expedita quae cum eos eos facilis sint exercitationem.', 'choice'),
(49, 1, NULL, 'T-Shirt "error"', 't-shirt-error', 'Mollitia provident autem animi tempora. Incidunt atque ab repudiandae accusantium quam. Molestiae autem est sunt ipsa illum. Perferendis nihil velit voluptate amet non quo.', '2013-11-11 20:20:57', NULL, NULL, '2013-11-11 20:20:57', '2013-11-11 20:20:57', NULL, 'Occaecati qui qui quam consequatur.', 'match'),
(50, 1, NULL, 'Mug "autem"', 'mug-autem', 'Odio mollitia consectetur delectus et sit. Harum dolorum corporis et et fugiat enim. Quod repellendus et quibusdam blanditiis error. Quas aut quo alias odio.', '2013-11-11 20:20:57', NULL, NULL, '2013-11-11 20:20:57', '2013-11-11 20:20:57', NULL, 'Rerum assumenda provident voluptas vel.', 'choice'),
(51, 1, NULL, 'Mug "consequatur"', 'mug-consequatur', 'Tenetur ad neque illo. Omnis illo aliquid omnis ut architecto deserunt. Eum doloremque sed facere consectetur vel laboriosam porro. Optio voluptas qui rerum ratione.', '2013-11-11 20:20:57', NULL, NULL, '2013-11-11 20:20:57', '2013-11-11 20:20:57', NULL, 'Fugiat dicta numquam quam dolorum vero sed.', 'choice'),
(52, 1, NULL, 'Mug "sequi"', 'mug-sequi', 'Error corporis neque cum. Sed quidem ipsam necessitatibus assumenda. Commodi dolores dignissimos aut. Voluptas consequatur perferendis sit.', '2013-11-11 20:20:57', NULL, NULL, '2013-11-11 20:20:57', '2013-11-11 20:20:57', NULL, 'Nulla laboriosam culpa facere repellendus aliquid non cum.', 'choice'),
(53, 1, NULL, 'Book "Nihil" by "Ms. Sage Trantow"', 'book-nihil-by-ms-sage-trantow', 'Voluptatibus necessitatibus eum occaecati expedita molestiae. Enim explicabo et illo. Sit iusto voluptas nisi numquam ut esse voluptates.', '2013-11-11 20:20:57', NULL, NULL, '2013-11-11 20:20:57', '2013-11-11 20:20:57', NULL, 'Rerum non quia adipisci quae quia fugit consequatur.', 'choice'),
(54, 1, NULL, 'T-Shirt "tenetur"', 't-shirt-tenetur', 'Voluptatem commodi rem sunt maxime. Ipsa voluptas dolorum distinctio molestiae totam temporibus reprehenderit. Odio nulla cumque ratione repudiandae sint distinctio tempora. Beatae cupiditate magnam ea vitae et ratione aut.', '2013-11-11 20:20:57', NULL, NULL, '2013-11-11 20:20:57', '2013-11-11 20:20:57', NULL, 'Et quia velit est veniam dicta a et.', 'match'),
(55, 1, NULL, 'T-Shirt "praesentium"', 't-shirt-praesentium', 'Delectus a unde maxime et aut sequi unde. Cum tempora aperiam sit alias enim quam omnis. Nihil occaecati doloribus suscipit repellat hic minus rerum deleniti. Sit hic nostrum aut aut non inventore.', '2013-11-11 20:20:57', NULL, NULL, '2013-11-11 20:20:57', '2013-11-11 20:20:57', NULL, 'Earum dignissimos earum id et labore quaerat.', 'match'),
(56, 1, NULL, 'Book "Corrupti" by "Jazlyn Schimmel DVM"', 'book-corrupti-by-jazlyn-schimmel-dvm', 'Eligendi sit qui est et natus. Et a et maiores. Sed modi eum aperiam est vel libero quo. Nobis quia deleniti aspernatur.', '2013-11-11 20:20:57', NULL, NULL, '2013-11-11 20:20:57', '2013-11-11 20:20:57', NULL, 'Quibusdam eligendi neque dolores ratione aliquid ut delectus fugiat.', 'choice'),
(57, 1, NULL, 'Sticker "ea"', 'sticker-ea-1', 'Quia veniam et ut. Repudiandae ut ex beatae consequuntur vero aut aut. Nesciunt neque qui vel placeat illum aperiam ipsa. Consectetur aut mollitia eum. Sit tempore tempore blanditiis qui nihil et perspiciatis.', '2013-11-11 20:20:57', NULL, NULL, '2013-11-11 20:20:57', '2013-11-11 20:20:57', NULL, 'Incidunt error illo dolores.', 'match'),
(58, 1, NULL, 'Sticker "dicta"', 'sticker-dicta', 'Et corrupti eum nihil amet velit animi at. Velit nam voluptas consectetur at quis. Voluptatem reiciendis et est error molestiae pariatur.', '2013-11-11 20:20:57', NULL, NULL, '2013-11-11 20:20:57', '2013-11-11 20:20:57', NULL, 'Accusantium dolorem laboriosam sed sed.', 'match'),
(59, 1, NULL, 'Book "Ut" by "Noemi Deckow"', 'book-ut-by-noemi-deckow', 'Nam perferendis quia nobis consequuntur est iusto saepe. Atque quod necessitatibus impedit eaque perspiciatis laboriosam. Id voluptatem omnis optio qui assumenda.', '2013-11-11 20:20:57', NULL, NULL, '2013-11-11 20:20:57', '2013-11-11 20:20:57', NULL, 'Nulla dignissimos explicabo quas aut.', 'choice'),
(60, 1, NULL, 'T-Shirt "at"', 't-shirt-at', 'Quod voluptatibus molestias quidem a soluta dolorem rerum. Minus ad ratione numquam voluptatem et est. Id quibusdam porro sed. Qui voluptate magni rerum qui ratione cumque porro.', '2013-11-11 20:20:57', NULL, NULL, '2013-11-11 20:20:57', '2013-11-11 20:20:57', NULL, 'Deserunt voluptas pariatur impedit inventore et.', 'match'),
(61, 1, NULL, 'Sticker "quia"', 'sticker-quia', 'Tenetur debitis aliquam corporis modi consequatur animi. Ullam et ex illo possimus et reprehenderit deserunt. Sunt alias aut aliquid tenetur. Fugit impedit pariatur placeat delectus aut laborum.', '2013-11-11 20:20:59', NULL, NULL, '2013-11-11 20:20:59', '2013-11-11 20:20:59', NULL, 'Voluptatum velit atque et perspiciatis soluta.', 'match'),
(62, 1, NULL, 'T-Shirt "porro"', 't-shirt-porro', 'Accusantium est eum et qui at adipisci. Voluptates necessitatibus doloribus cum laudantium laborum quia saepe. Hic optio id voluptates magnam rerum consequatur. Et mollitia maiores sed.', '2013-11-11 20:20:59', NULL, NULL, '2013-11-11 20:20:59', '2013-11-11 20:20:59', NULL, 'Repellat necessitatibus repudiandae expedita similique.', 'match'),
(63, 1, NULL, 'Mug "nisi"', 'mug-nisi', 'Maiores cumque dolores aperiam quidem praesentium aut nobis ipsa. Exercitationem delectus molestiae earum repellat est. Voluptatem tenetur minus nemo eum maxime rem.', '2013-11-11 20:20:59', NULL, NULL, '2013-11-11 20:20:59', '2013-11-11 20:20:59', NULL, 'Nostrum quas sapiente tenetur quis sunt alias quis.', 'choice'),
(64, 1, NULL, 'T-Shirt "quod"', 't-shirt-quod', 'Doloribus aut eveniet eveniet illum aut cumque. Sint neque in animi est est dolorum. Voluptates in placeat tenetur.', '2013-11-11 20:20:59', NULL, NULL, '2013-11-11 20:20:59', '2013-11-11 20:20:59', NULL, 'Reprehenderit iusto id facere excepturi et est.', 'match'),
(65, 1, NULL, 'Mug "sit"', 'mug-sit', 'Quia quisquam et minus nihil aut. Minus perspiciatis enim exercitationem odit ipsa necessitatibus velit. Id perferendis et debitis sed ullam voluptatem.', '2013-11-11 20:20:59', NULL, NULL, '2013-11-11 20:20:59', '2013-11-11 20:20:59', NULL, 'Praesentium ut cum quo vel ipsum placeat itaque.', 'choice'),
(66, 1, NULL, 'Sticker "enim"', 'sticker-enim', 'Eos autem et quas ut. Perferendis ut ex et repellendus facilis et ab. Omnis voluptate non commodi non. Quaerat perspiciatis necessitatibus eveniet error assumenda voluptas.', '2013-11-11 20:20:59', NULL, NULL, '2013-11-11 20:20:59', '2013-11-11 20:20:59', NULL, 'Aliquid qui sed fugit veritatis exercitationem dolorem nihil.', 'match'),
(67, 1, NULL, 'T-Shirt "rerum"', 't-shirt-rerum', 'Perspiciatis qui reprehenderit assumenda inventore et. Iure est dolor ut. Neque qui sed labore asperiores.', '2013-11-11 20:20:59', NULL, NULL, '2013-11-11 20:20:59', '2013-11-11 20:20:59', NULL, 'Quae voluptates quis aut.', 'match'),
(68, 1, NULL, 'T-Shirt "eos"', 't-shirt-eos-1', 'Quia provident ea ut. Reprehenderit ut aut qui reiciendis distinctio ea atque voluptatem. Aut culpa voluptatum perferendis.', '2013-11-11 20:20:59', NULL, NULL, '2013-11-11 20:20:59', '2013-11-11 20:20:59', NULL, 'Aut hic sit eum corporis asperiores earum nam.', 'match'),
(69, 1, NULL, 'Book "Iure" by "Fritz Ruecker"', 'book-iure-by-fritz-ruecker', 'Labore suscipit necessitatibus eum iusto. Blanditiis excepturi magni aut quaerat velit possimus velit. Sed aut aliquid et laborum fuga. Nihil qui et quidem soluta.', '2013-11-11 20:20:59', NULL, NULL, '2013-11-11 20:20:59', '2013-11-11 20:20:59', NULL, 'Quia ullam fugiat dolore tenetur.', 'choice'),
(70, 1, NULL, 'Book "Ratione" by "Mitchel Rohan"', 'book-ratione-by-mitchel-rohan', 'Quo recusandae ipsa possimus velit. Sed voluptatem officiis sequi earum. Maiores enim asperiores alias fuga qui. Tempore maxime repellendus nisi et.', '2013-11-11 20:20:59', NULL, NULL, '2013-11-11 20:20:59', '2013-11-11 20:20:59', NULL, 'Vel culpa adipisci porro neque voluptatem dolorem voluptas.', 'choice'),
(71, 1, NULL, 'Sticker "molestiae"', 'sticker-molestiae', 'Eaque quibusdam et debitis ipsa. Recusandae qui aut quam enim at rerum officiis velit. Quo natus voluptatibus et culpa voluptatem sunt quaerat.', '2013-11-11 20:20:59', NULL, NULL, '2013-11-11 20:20:59', '2013-11-11 20:20:59', NULL, 'Explicabo enim assumenda reprehenderit.', 'match'),
(72, 1, NULL, 'T-Shirt "dolor"', 't-shirt-dolor', 'Molestiae voluptatem sit non eum est porro voluptas. Qui aut error quidem. Deserunt qui nesciunt odit in omnis et ipsa. Molestiae laborum repellendus unde itaque.', '2013-11-11 20:20:59', NULL, NULL, '2013-11-11 20:20:59', '2013-11-11 20:20:59', NULL, 'Voluptate explicabo non dolorem numquam architecto est.', 'match'),
(73, 1, NULL, 'T-Shirt "et"', 't-shirt-et-1', 'Ut aut est et omnis nemo accusantium fuga. Quam nostrum et dignissimos ut. Quae dolore aspernatur aliquid iusto ea. Rerum voluptatem amet ullam consequuntur nostrum omnis.', '2013-11-11 20:20:59', NULL, NULL, '2013-11-11 20:20:59', '2013-11-11 20:20:59', NULL, 'Velit nesciunt et repellendus totam ut.', 'match'),
(74, 1, NULL, 'T-Shirt "nulla"', 't-shirt-nulla', 'Vel rerum facere provident. Qui temporibus sed qui ex. Nisi ea voluptatem quia.', '2013-11-11 20:20:59', NULL, NULL, '2013-11-11 20:20:59', '2013-11-11 20:20:59', NULL, 'Non quaerat dolor voluptas doloribus est dignissimos ut.', 'match'),
(75, 1, NULL, 'Mug "illo"', 'mug-illo', 'Tempore enim nisi eum veritatis et eum quibusdam. Accusamus nam eum voluptas non. Impedit sunt iure explicabo facere architecto et omnis.', '2013-11-11 20:20:59', NULL, NULL, '2013-11-11 20:20:59', '2013-11-11 20:20:59', NULL, 'Assumenda veniam sint voluptatum cupiditate.', 'choice'),
(76, 1, NULL, 'T-Shirt "amet"', 't-shirt-amet', 'Et perferendis quas ducimus quod inventore fugit. Odit culpa dolorum laudantium ex enim quasi.', '2013-11-11 20:20:59', NULL, NULL, '2013-11-11 20:20:59', '2013-11-11 20:20:59', NULL, 'Nisi non consequatur nisi ipsa nulla.', 'match'),
(77, 1, NULL, 'T-Shirt "aperiam"', 't-shirt-aperiam', 'Omnis voluptatibus illum quaerat doloribus architecto. Et tenetur perferendis laudantium dolores numquam. Voluptatem distinctio iusto nisi aut error quibusdam ea. Voluptatem non autem ut maxime vel aut esse perspiciatis.', '2013-11-11 20:20:59', NULL, NULL, '2013-11-11 20:20:59', '2013-11-11 20:20:59', NULL, 'Molestias qui deleniti inventore qui voluptatem molestias fuga.', 'match'),
(78, 1, NULL, 'Sticker "minus"', 'sticker-minus', 'Est eius quidem minus. Voluptas dignissimos ut esse. Iusto porro voluptatibus sunt dolores et deserunt.', '2013-11-11 20:20:59', NULL, NULL, '2013-11-11 20:20:59', '2013-11-11 20:20:59', NULL, 'Ut ipsum nesciunt fugit unde officia ea quis temporibus.', 'match'),
(79, 1, NULL, 'Sticker "voluptatem"', 'sticker-voluptatem', 'Iusto consequatur officiis repellendus eius perferendis ducimus quas. Id neque autem deleniti dolorem eos. Necessitatibus aut sequi debitis id consequatur earum hic. Ut dignissimos vitae labore qui sed ut nisi.', '2013-11-11 20:20:59', NULL, NULL, '2013-11-11 20:20:59', '2013-11-11 20:20:59', NULL, 'Dolor non impedit praesentium ut corporis porro.', 'match'),
(80, 1, NULL, 'Book "Illum" by "Roberta Medhurst I"', 'book-illum-by-roberta-medhurst-i', 'Quaerat tempora repellendus quos. Et dicta deleniti molestiae laborum. Perferendis voluptatem sunt consequatur et sequi alias quibusdam. Est numquam aut id maiores voluptas laboriosam.', '2013-11-11 20:20:59', NULL, NULL, '2013-11-11 20:20:59', '2013-11-11 20:20:59', NULL, 'Magni similique iste facere quae fuga dolor suscipit dignissimos.', 'choice'),
(81, 1, NULL, 'Sticker "qui"', 'sticker-qui', 'Eius culpa est est quam. Quia porro esse iusto est dolore. Non labore doloremque saepe a dignissimos excepturi.', '2013-11-11 20:21:01', NULL, NULL, '2013-11-11 20:21:01', '2013-11-11 20:21:01', NULL, 'Quia voluptas itaque voluptas sunt debitis similique quis.', 'match'),
(82, 1, NULL, 'Mug "excepturi"', 'mug-excepturi', 'Et molestias animi quia aperiam numquam numquam consequatur autem. Earum est voluptas consequatur consequatur placeat totam non. Incidunt officiis nobis ipsum velit est. Iste dolorem blanditiis amet corporis sint.', '2013-11-11 20:21:01', NULL, NULL, '2013-11-11 20:21:01', '2013-11-11 20:21:01', NULL, 'Rerum maxime quas aut corporis fuga consequatur ut.', 'choice'),
(83, 1, NULL, 'T-Shirt "dolorem"', 't-shirt-dolorem', 'Sequi quo sit inventore placeat. Facere iure sit officia rem sint et cupiditate. Quibusdam fugit inventore explicabo officia quia nostrum.', '2013-11-11 20:21:01', NULL, NULL, '2013-11-11 20:21:01', '2013-11-11 20:21:01', NULL, 'Qui iure non nesciunt nemo voluptatum qui fugiat.', 'match'),
(84, 1, NULL, 'Book "Rerum" by "Harrison Cartwright"', 'book-rerum-by-harrison-cartwright', 'Assumenda officiis incidunt repellendus reprehenderit molestias dolor. Alias ab excepturi non dolores est magnam. Qui illo vel commodi tempore porro maxime rerum quia.', '2013-11-11 20:21:01', NULL, NULL, '2013-11-11 20:21:01', '2013-11-11 20:21:01', NULL, 'Et quisquam laboriosam est non nihil voluptatem hic.', 'choice'),
(85, 1, NULL, 'Mug "autem"', 'mug-autem-1', 'Aspernatur omnis exercitationem distinctio impedit. Voluptatem quasi in quae dolores et cupiditate aliquid voluptatem. Non debitis facilis assumenda laudantium.', '2013-11-11 20:21:01', NULL, NULL, '2013-11-11 20:21:01', '2013-11-11 20:21:01', NULL, 'Quis architecto libero quibusdam.', 'choice'),
(86, 1, NULL, 'Mug "earum"', 'mug-earum', 'Voluptate assumenda quam asperiores occaecati architecto nemo. A omnis a explicabo atque est eum quaerat. Maxime quos enim cumque id eos quas. Commodi eum beatae animi eos ratione.', '2013-11-11 20:21:01', NULL, NULL, '2013-11-11 20:21:01', '2013-11-11 20:21:01', NULL, 'Quo sunt labore quasi dolores facilis.', 'choice'),
(87, 1, NULL, 'T-Shirt "consequatur"', 't-shirt-consequatur', 'Adipisci aperiam sint et aut beatae dolores rerum praesentium. At quae libero ut quis corporis adipisci et deserunt. Rerum id non dolorem voluptas id rerum mollitia. Velit labore nostrum deserunt provident.', '2013-11-11 20:21:01', NULL, NULL, '2013-11-11 20:21:01', '2013-11-11 20:21:01', NULL, 'Quia in vero sed aliquid doloremque at est.', 'match'),
(88, 1, NULL, 'T-Shirt "rerum"', 't-shirt-rerum-1', 'Consectetur quaerat quam dolorum officia vel perferendis. Aut eos labore libero et libero quam. Id autem ut atque blanditiis eos voluptate quo rerum. Quia sed sequi et iste eveniet consectetur.', '2013-11-11 20:21:01', NULL, NULL, '2013-11-11 20:21:01', '2013-11-11 20:21:01', NULL, 'Incidunt molestiae et ipsum odit et.', 'match'),
(89, 1, NULL, 'Book "Est" by "Miss Florencio Konopelski"', 'book-est-by-miss-florencio-konopelski', 'Omnis voluptates veniam aperiam est et laboriosam tenetur. Neque iure quia itaque esse aut labore ut. Ipsam omnis architecto quidem iusto excepturi voluptatem.', '2013-11-11 20:21:01', NULL, NULL, '2013-11-11 20:21:01', '2013-11-11 20:21:01', NULL, 'Aut quasi consequatur ut maiores et modi nihil.', 'choice'),
(90, 1, NULL, 'T-Shirt "dolores"', 't-shirt-dolores', 'Consequatur ut illum nulla esse ea enim. Rerum natus autem sit inventore molestiae voluptas. Occaecati aliquam magnam ut nulla voluptas voluptas voluptas quas.', '2013-11-11 20:21:01', NULL, NULL, '2013-11-11 20:21:01', '2013-11-11 20:21:01', NULL, 'Accusamus cupiditate minus dolor est libero magni molestias.', 'match'),
(91, 1, NULL, 'Mug "tenetur"', 'mug-tenetur', 'Atque rem ut dicta modi. Vel et praesentium autem aut amet officia. Ipsam qui quo et rerum voluptatibus necessitatibus facilis.', '2013-11-11 20:21:01', NULL, NULL, '2013-11-11 20:21:01', '2013-11-11 20:21:01', NULL, 'Dolor corrupti vitae numquam id fuga qui alias.', 'choice'),
(92, 1, NULL, 'Book "Itaque" by "Miss Jordane Johns IV"', 'book-itaque-by-miss-jordane-johns-iv', 'In deserunt vel doloribus aut vero iure sint quidem. Vel deleniti deleniti exercitationem rem cumque. Maiores minus ratione perferendis sed. Qui neque omnis aut et deserunt.', '2013-11-11 20:21:01', NULL, NULL, '2013-11-11 20:21:01', '2013-11-11 20:21:01', NULL, 'Debitis et ratione non fuga sed laborum.', 'choice'),
(93, 1, NULL, 'Book "Cupiditate" by "Dayton Monahan"', 'book-cupiditate-by-dayton-monahan', 'Eos enim et libero sit illum. Ab quo numquam aut quo at a non. Ullam et et molestiae non esse possimus.', '2013-11-11 20:21:01', NULL, NULL, '2013-11-11 20:21:01', '2013-11-11 20:21:01', NULL, 'Voluptas minima vero ducimus vel.', 'choice'),
(94, 1, NULL, 'Mug "nobis"', 'mug-nobis', 'Recusandae iure rerum maiores dolores blanditiis eaque. Mollitia natus vitae aperiam recusandae eum. Occaecati reiciendis totam cupiditate optio ipsa. Atque laboriosam nostrum harum.', '2013-11-11 20:21:01', NULL, NULL, '2013-11-11 20:21:01', '2013-11-11 20:21:01', NULL, 'Ut esse dolores ullam sunt iste.', 'choice'),
(95, 1, NULL, 'Mug "sit"', 'mug-sit-1', 'Aliquam magni inventore dolore. Minima temporibus deleniti et repellendus. Sunt eligendi illo et. Adipisci asperiores accusamus impedit accusamus soluta accusamus.', '2013-11-11 20:21:01', NULL, NULL, '2013-11-11 20:21:01', '2013-11-11 20:21:01', NULL, 'Sunt praesentium quibusdam nemo qui.', 'choice'),
(96, 1, NULL, 'Book "Impedit" by "Dr. Lula Smitham"', 'book-impedit-by-dr-lula-smitham', 'Similique quod sunt et qui unde qui accusantium. Quo sint inventore et autem in ratione adipisci. Qui voluptatem et qui. Vel excepturi consequatur id qui veritatis ab.', '2013-11-11 20:21:01', NULL, NULL, '2013-11-11 20:21:01', '2013-11-11 20:21:01', NULL, 'Rerum et sed et.', 'choice'),
(97, 1, NULL, 'Sticker "sed"', 'sticker-sed', 'Dolorem sed rem qui iste voluptatem repudiandae modi. Accusamus aut quam quam velit. Sunt odit quidem eum ut consequatur nobis dolore. Quo magnam et enim est.', '2013-11-11 20:21:01', NULL, NULL, '2013-11-11 20:21:01', '2013-11-11 20:21:01', NULL, 'Odit fugiat possimus illo id eum delectus quidem.', 'match'),
(98, 1, NULL, 'Mug "numquam"', 'mug-numquam', 'Commodi eos in officiis. Pariatur illum et atque odit debitis labore. Accusamus corrupti occaecati id quaerat animi sed vel.', '2013-11-11 20:21:01', NULL, NULL, '2013-11-11 20:21:01', '2013-11-11 20:21:01', NULL, 'Nisi voluptas aspernatur saepe excepturi esse sunt in laborum.', 'choice'),
(99, 1, NULL, 'Book "Natus" by "Mr. Logan Purdy IV"', 'book-natus-by-mr-logan-purdy-iv', 'Hic dolores accusamus deleniti quaerat animi doloremque illum alias. Quos a dolorum dolorem et architecto. Quia mollitia nam provident. Consequatur cum molestiae aperiam dolor hic.', '2013-11-11 20:21:01', NULL, NULL, '2013-11-11 20:21:01', '2013-11-11 20:21:01', NULL, 'Sint ea dolor eveniet aut aut rerum.', 'choice'),
(100, 1, NULL, 'Book "Voluptatem" by "Alexanne Roberts Sr."', 'book-voluptatem-by-alexanne-roberts-sr', 'Magnam quaerat ipsum veritatis fugit. Et magni ipsam ipsum et delectus numquam quisquam doloribus. Sint dolore culpa voluptatem at consectetur.', '2013-11-11 20:21:01', NULL, NULL, '2013-11-11 20:21:01', '2013-11-11 20:21:01', NULL, 'Quam qui ab sequi sequi qui atque autem iure.', 'choice'),
(101, 1, NULL, 'Book "Eius" by "Darrick Runolfsson"', 'book-eius-by-darrick-runolfsson', 'Quis voluptatem praesentium rem ea. Totam reiciendis deserunt beatae necessitatibus. Eum amet qui consequatur dolorem mollitia. Qui asperiores fugit est possimus reiciendis sed.', '2013-11-11 20:21:03', NULL, NULL, '2013-11-11 20:21:03', '2013-11-11 20:21:03', NULL, 'Nisi quibusdam consectetur expedita magnam.', 'choice'),
(102, 1, NULL, 'Mug "ea"', 'mug-ea', 'Voluptatem similique dolorem minima officiis repudiandae nihil. Accusamus soluta deserunt doloribus rerum. Dolor est eligendi quaerat eum accusantium minus ut provident. Eum non aliquid ea quidem autem eum. Voluptatem in molestiae eos hic reprehenderit.', '2013-11-11 20:21:03', NULL, NULL, '2013-11-11 20:21:03', '2013-11-11 20:21:03', NULL, 'Nostrum quo architecto sunt voluptatibus libero perspiciatis officiis.', 'choice'),
(103, 1, NULL, 'T-Shirt "ipsa"', 't-shirt-ipsa', 'Error neque earum et consequatur. Facere maxime repellendus incidunt ipsam. Est rerum harum adipisci qui magnam beatae ut. Asperiores non provident non atque.', '2013-11-11 20:21:03', NULL, NULL, '2013-11-11 20:21:03', '2013-11-11 20:21:03', NULL, 'Porro odit ut nihil sit eveniet velit in.', 'match'),
(104, 1, NULL, 'T-Shirt "alias"', 't-shirt-alias', 'Et quam et est ab corrupti. Voluptas illum amet molestiae unde. Rem incidunt cumque ratione et magni sint consequatur.', '2013-11-11 20:21:03', NULL, NULL, '2013-11-11 20:21:03', '2013-11-11 20:21:03', NULL, 'Voluptas natus expedita sit sed odit et qui.', 'match'),
(105, 1, NULL, 'Mug "quisquam"', 'mug-quisquam', 'Doloribus atque accusamus deleniti quam. Temporibus exercitationem amet nihil voluptates aspernatur perspiciatis. Accusamus cupiditate porro veniam sint ut iusto.', '2013-11-11 20:21:03', NULL, NULL, '2013-11-11 20:21:03', '2013-11-11 20:21:03', NULL, 'Eum veritatis sed fuga porro sit maiores sit et.', 'choice'),
(106, 1, NULL, 'Sticker "suscipit"', 'sticker-suscipit', 'Necessitatibus et non eum quia maxime qui rerum ipsum. Iure nihil dolor officiis. Ab at ab ut. Distinctio saepe a quasi nisi ut quibusdam nemo.', '2013-11-11 20:21:03', NULL, NULL, '2013-11-11 20:21:03', '2013-11-11 20:21:03', NULL, 'Doloribus ducimus sint est nihil.', 'match'),
(107, 1, NULL, 'Sticker "qui"', 'sticker-qui-1', 'Quod repellendus distinctio possimus qui dolores sunt ut. Voluptatem omnis iste corrupti consectetur quisquam ipsam id. Aspernatur repudiandae et id pariatur tenetur qui. Ea quaerat repellendus sit.', '2013-11-11 20:21:03', NULL, NULL, '2013-11-11 20:21:03', '2013-11-11 20:21:03', NULL, 'Veniam nemo harum eum aut saepe consequatur sit.', 'match'),
(108, 1, NULL, 'Mug "dicta"', 'mug-dicta', 'Corrupti nihil et eaque aut non quo. Sit neque et et officia. Quod nulla sit nesciunt soluta sed dolor aspernatur in.', '2013-11-11 20:21:03', NULL, NULL, '2013-11-11 20:21:03', '2013-11-11 20:21:03', NULL, 'Velit dolores unde quo omnis nihil adipisci nihil.', 'choice'),
(109, 1, NULL, 'T-Shirt "quo"', 't-shirt-quo', 'Aliquam quia eos maxime rerum. Eos excepturi quaerat quaerat possimus eius in excepturi. Eligendi necessitatibus ratione qui quidem dolor ducimus laboriosam. Quia iste officiis sit dolorum excepturi neque ipsa libero.', '2013-11-11 20:21:03', NULL, NULL, '2013-11-11 20:21:03', '2013-11-11 20:21:03', NULL, 'Voluptatem facere aut rerum provident nemo.', 'match'),
(110, 1, NULL, 'Sticker "voluptas"', 'sticker-voluptas', 'Ut est qui doloribus amet assumenda eligendi dolore. Necessitatibus dolorem porro officia quia quia quia libero ducimus. Totam possimus et voluptatem commodi dolorem. Est rerum quis error aliquid aspernatur magni non eos. Qui veritatis nemo quia perspiciatis laboriosam voluptas.', '2013-11-11 20:21:03', NULL, NULL, '2013-11-11 20:21:03', '2013-11-11 20:21:03', NULL, 'Totam aut dignissimos quo ipsa aut.', 'match'),
(111, 1, NULL, 'Book "Sit" by "Dr. Ines Howe I"', 'book-sit-by-dr-ines-howe-i', 'Ut inventore placeat saepe sed eaque. Mollitia qui pariatur sunt quaerat. Consequatur maxime nihil sint.', '2013-11-11 20:21:03', NULL, NULL, '2013-11-11 20:21:03', '2013-11-11 20:21:03', NULL, 'Atque magni aperiam est quia.', 'choice'),
(112, 1, NULL, 'Sticker "magnam"', 'sticker-magnam', 'Et in impedit repudiandae fuga molestiae. Ex nisi aut modi id itaque id. Esse dolore doloremque velit voluptas sunt. Ullam non qui vel. Eos cumque eveniet consequatur neque eum ea dolorem.', '2013-11-11 20:21:03', NULL, NULL, '2013-11-11 20:21:03', '2013-11-11 20:21:03', NULL, 'Ullam officia cum sit illo similique.', 'match'),
(113, 1, NULL, 'Book "Animi" by "Alexa Reilly"', 'book-animi-by-alexa-reilly', 'Nisi pariatur sed soluta cumque sunt ratione possimus dolor. Nobis perspiciatis est nihil. Ut iure tempora officiis eaque quo eum accusantium.', '2013-11-11 20:21:03', NULL, NULL, '2013-11-11 20:21:03', '2013-11-11 20:21:03', NULL, 'Ut aut totam est dolor quia tenetur.', 'choice'),
(114, 1, NULL, 'Book "Totam" by "Keyshawn Shields"', 'book-totam-by-keyshawn-shields', 'Asperiores quaerat qui ullam eveniet eum voluptatem temporibus. Ea harum voluptas sed et error saepe eaque minus. Maxime totam laborum perspiciatis aliquid.', '2013-11-11 20:21:03', NULL, NULL, '2013-11-11 20:21:03', '2013-11-11 20:21:03', NULL, 'Sint eveniet modi molestiae blanditiis fugit voluptate.', 'choice'),
(115, 1, NULL, 'Book "Praesentium" by "Dr. Willie Witting"', 'book-praesentium-by-dr-willie-witting', 'Vero ut accusantium aut illum sed voluptatibus. Facilis sint aut quis. Unde blanditiis sequi veritatis ipsum. Omnis tempore beatae mollitia corporis laborum et eos et. Dolores voluptates corrupti est voluptates quod quaerat.', '2013-11-11 20:21:03', NULL, NULL, '2013-11-11 20:21:03', '2013-11-11 20:21:03', NULL, 'Quibusdam enim ut impedit quia et vero ducimus voluptates.', 'choice'),
(116, 1, NULL, 'Mug "libero"', 'mug-libero', 'Sint non dolores culpa cupiditate. Facilis molestiae non nisi vel ut. Sed illum consequatur aut veritatis nisi. Dolor consequatur sequi voluptatem et.', '2013-11-11 20:21:03', NULL, NULL, '2013-11-11 20:21:03', '2013-11-11 20:21:03', NULL, 'Commodi similique quos velit aut consectetur ipsa nesciunt reprehenderit.', 'choice'),
(117, 1, NULL, 'Book "Veniam" by "Ms. Larissa Tremblay"', 'book-veniam-by-ms-larissa-tremblay', 'Autem perferendis perferendis natus pariatur. Numquam ea placeat qui minus officiis rem nobis. Rerum nulla necessitatibus sit eius sapiente dolorem provident.', '2013-11-11 20:21:03', NULL, NULL, '2013-11-11 20:21:03', '2013-11-11 20:21:03', NULL, 'Dolorem non est vel voluptas aspernatur repudiandae ut.', 'choice'),
(118, 1, NULL, 'Sticker "nemo"', 'sticker-nemo', 'Voluptatem quis tenetur laboriosam totam. Cum minima sit vel aperiam ex quia laudantium.', '2013-11-11 20:21:03', NULL, NULL, '2013-11-11 20:21:03', '2013-11-11 20:21:03', NULL, 'Tempore ipsum ad velit accusantium beatae molestias.', 'match'),
(119, 1, NULL, 'T-Shirt "illum"', 't-shirt-illum', 'Et quis aut ex alias deserunt. Quo consequuntur voluptatem iste enim delectus molestiae maiores. Sit ad hic blanditiis voluptatem ex veritatis qui eaque. Nemo ab in tempore culpa.', '2013-11-11 20:21:03', NULL, NULL, '2013-11-11 20:21:03', '2013-11-11 20:21:03', NULL, 'Voluptatem corporis ducimus eos ex quae voluptatem nemo minus.', 'match'),
(120, 1, NULL, 'T-Shirt "dolores"', 't-shirt-dolores-1', 'Dolorem possimus et facere esse debitis id. Architecto et eveniet sint facilis provident. Quia aut ut quidem omnis voluptatum similique nemo ut.', '2013-11-11 20:21:03', NULL, NULL, '2013-11-11 20:21:03', '2013-11-11 20:21:03', NULL, 'Et vero minima enim iure et.', 'match');

-- --------------------------------------------------------

--
-- Table structure for table `sylius_product_option`
--

CREATE TABLE IF NOT EXISTS `sylius_product_option` (
  `product_id` int(11) NOT NULL,
  `option_id` int(11) NOT NULL,
  PRIMARY KEY (`product_id`,`option_id`),
  KEY `IDX_E4C0EBEF4584665A` (`product_id`),
  KEY `IDX_E4C0EBEFA7C41D6F` (`option_id`)
) ENGINE=InnoDB DEFAULT CHARSET=utf8 COLLATE=utf8_unicode_ci;

--
-- Dumping data for table `sylius_product_option`
--

INSERT INTO `sylius_product_option` (`product_id`, `option_id`) VALUES
(1, 1),
(1, 2),
(2, 4),
(3, 3),
(4, 4),
(5, 1),
(5, 2),
(6, 1),
(6, 2),
(8, 1),
(8, 2),
(9, 1),
(9, 2),
(10, 3),
(11, 1),
(11, 2),
(12, 3),
(13, 4),
(14, 3),
(15, 4),
(16, 4),
(17, 4),
(19, 3),
(20, 1),
(20, 2),
(21, 4),
(22, 4),
(23, 4),
(24, 1),
(24, 2),
(25, 4),
(27, 1),
(27, 2),
(29, 3),
(30, 3),
(31, 3),
(32, 1),
(32, 2),
(34, 3),
(35, 4),
(36, 1),
(36, 2),
(38, 3),
(39, 1),
(39, 2),
(40, 1),
(40, 2),
(42, 1),
(42, 2),
(43, 1),
(43, 2),
(45, 4),
(46, 3),
(48, 4),
(49, 1),
(49, 2),
(50, 4),
(51, 4),
(52, 4),
(54, 1),
(54, 2),
(55, 1),
(55, 2),
(57, 3),
(58, 3),
(60, 1),
(60, 2),
(61, 3),
(62, 1),
(62, 2),
(63, 4),
(64, 1),
(64, 2),
(65, 4),
(66, 3),
(67, 1),
(67, 2),
(68, 1),
(68, 2),
(71, 3),
(72, 1),
(72, 2),
(73, 1),
(73, 2),
(74, 1),
(74, 2),
(75, 4),
(76, 1),
(76, 2),
(77, 1),
(77, 2),
(78, 3),
(79, 3),
(81, 3),
(82, 4),
(83, 1),
(83, 2),
(85, 4),
(86, 4),
(87, 1),
(87, 2),
(88, 1),
(88, 2),
(90, 1),
(90, 2),
(91, 4),
(94, 4),
(95, 4),
(97, 3),
(98, 4),
(102, 4),
(103, 1),
(103, 2),
(104, 1),
(104, 2),
(105, 4),
(106, 3),
(107, 3),
(108, 4),
(109, 1),
(109, 2),
(110, 3),
(112, 3),
(116, 4),
(118, 3),
(119, 1),
(119, 2),
(120, 1),
(120, 2);

-- --------------------------------------------------------

--
-- Table structure for table `sylius_product_property`
--

CREATE TABLE IF NOT EXISTS `sylius_product_property` (
  `id` int(11) NOT NULL AUTO_INCREMENT,
  `product_id` int(11) NOT NULL,
  `property_id` int(11) NOT NULL,
  `value` varchar(255) COLLATE utf8_unicode_ci NOT NULL,
  PRIMARY KEY (`id`),
  KEY `IDX_8109D8F34584665A` (`product_id`),
  KEY `IDX_8109D8F3549213EC` (`property_id`)
) ENGINE=InnoDB  DEFAULT CHARSET=utf8 COLLATE=utf8_unicode_ci AUTO_INCREMENT=276 ;

--
-- Dumping data for table `sylius_product_property`
--

INSERT INTO `sylius_product_property` (`id`, `product_id`, `property_id`, `value`) VALUES
(1, 1, 1, 'Adidas'),
(2, 1, 2, 'Symfony2 Winter 2006'),
(3, 1, 3, 'Polyester'),
(4, 2, 6, 'Invisible porcelain'),
(5, 3, 4, 'Waka waka'),
(6, 3, 5, 'Paper from tree Wung'),
(7, 4, 6, 'Invisible porcelain'),
(8, 5, 1, 'Nike'),
(9, 5, 2, 'Symfony2 Autumn 1998'),
(10, 5, 3, 'Potato 100%'),
(11, 6, 1, 'Potato'),
(12, 6, 2, 'Symfony2 Spring 2005'),
(13, 6, 3, 'Polyester'),
(14, 7, 7, 'Lucy Schowalter'),
(15, 7, 8, '655975849'),
(16, 7, 9, '246'),
(17, 8, 1, 'Puma'),
(18, 8, 2, 'Symfony2 Summer 2000'),
(19, 8, 3, 'Wool'),
(20, 9, 1, 'Puma'),
(21, 9, 2, 'Symfony2 Winter 1998'),
(22, 9, 3, 'Wool'),
(23, 10, 4, '200DPI'),
(24, 10, 5, 'Paper from tree Wung'),
(25, 11, 1, 'Potato'),
(26, 11, 2, 'Symfony2 Spring 1997'),
(27, 11, 3, 'Wool'),
(28, 12, 4, 'Waka waka'),
(29, 12, 5, 'Paper from tree Me-Gusta'),
(30, 13, 6, 'Porcelain'),
(31, 14, 4, 'Waka waka'),
(32, 14, 5, 'Paper from tree Lemon-San'),
(33, 15, 6, 'Invisible porcelain'),
(34, 16, 6, 'Porcelain'),
(35, 17, 6, 'Invisible porcelain'),
(36, 18, 7, 'Bobby Lockman'),
(37, 18, 8, '1107425227'),
(38, 18, 9, '672'),
(39, 19, 4, 'FULL HD'),
(40, 19, 5, 'Paper from tree Wung'),
(41, 20, 1, 'Adidas'),
(42, 20, 2, 'Symfony2 Summer 2006'),
(43, 20, 3, 'Wool'),
(44, 21, 6, 'Invisible porcelain'),
(45, 22, 6, 'Porcelain'),
(46, 23, 6, 'Porcelain'),
(47, 24, 1, 'Nike'),
(48, 24, 2, 'Symfony2 Winter 2009'),
(49, 24, 3, 'Potato 100%'),
(50, 25, 6, 'Banana skin'),
(51, 26, 7, 'Candelario Shields Jr.'),
(52, 26, 8, '735831172'),
(53, 26, 9, '404'),
(54, 27, 1, 'Puma'),
(55, 27, 2, 'Symfony2 Winter 2002'),
(56, 27, 3, 'Polyester'),
(57, 28, 7, 'Anna Price'),
(58, 28, 8, '1170158109'),
(59, 28, 9, '133'),
(60, 29, 4, 'FULL HD'),
(61, 29, 5, 'Paper from tree Wung'),
(62, 30, 4, 'Waka waka'),
(63, 30, 5, 'Paper from tree Lemon-San'),
(64, 31, 4, 'Waka waka'),
(65, 31, 5, 'Paper from tree Yang'),
(66, 32, 1, 'Adidas'),
(67, 32, 2, 'Symfony2 Summer 2004'),
(68, 32, 3, 'Potato 100%'),
(69, 33, 7, 'Ms. Rudy Mills'),
(70, 33, 8, '420755349'),
(71, 33, 9, '855'),
(72, 34, 4, 'Waka waka'),
(73, 34, 5, 'Paper from tree Me-Gusta'),
(74, 35, 6, 'Invisible porcelain'),
(75, 36, 1, 'Potato'),
(76, 36, 2, 'Symfony2 Summer 2005'),
(77, 36, 3, 'Wool'),
(78, 37, 7, 'Gaetano Labadie Sr.'),
(79, 37, 8, '1244220429'),
(80, 37, 9, '787'),
(81, 38, 4, 'Waka waka'),
(82, 38, 5, 'Paper from tree Lemon-San'),
(83, 39, 1, 'Adidas'),
(84, 39, 2, 'Symfony2 Winter 1999'),
(85, 39, 3, 'Wool'),
(86, 40, 1, 'Nike'),
(87, 40, 2, 'Symfony2 Autumn 2010'),
(88, 40, 3, 'Wool'),
(89, 41, 7, 'Hershel Quitzon'),
(90, 41, 8, '1254854155'),
(91, 41, 9, '565'),
(92, 42, 1, 'Potato'),
(93, 42, 2, 'Symfony2 Spring 1997'),
(94, 42, 3, 'Polyester 10% / Wool 90%'),
(95, 43, 1, 'Puma'),
(96, 43, 2, 'Symfony2 Summer 2008'),
(97, 43, 3, 'Polyester 10% / Wool 90%'),
(98, 44, 7, 'Lonzo Lynch'),
(99, 44, 8, '997701688'),
(100, 44, 9, '662'),
(101, 45, 6, 'Banana skin'),
(102, 46, 4, '300DPI'),
(103, 46, 5, 'Paper from tree Wung'),
(104, 47, 7, 'Mr. Cade Veum'),
(105, 47, 8, '879628975'),
(106, 47, 9, '796'),
(107, 48, 6, 'Banana skin'),
(108, 49, 1, 'Potato'),
(109, 49, 2, 'Symfony2 Spring 2007'),
(110, 49, 3, 'Potato 100%'),
(111, 50, 6, 'Banana skin'),
(112, 51, 6, 'Porcelain'),
(113, 52, 6, 'Banana skin'),
(114, 53, 7, 'Ms. Sage Trantow'),
(115, 53, 8, '573566824'),
(116, 53, 9, '244'),
(117, 54, 1, 'Puma'),
(118, 54, 2, 'Symfony2 Spring 1995'),
(119, 54, 3, 'Polyester'),
(120, 55, 1, 'Nike'),
(121, 55, 2, 'Symfony2 Spring 2005'),
(122, 55, 3, 'Wool'),
(123, 56, 7, 'Jazlyn Schimmel DVM'),
(124, 56, 8, '1125700925'),
(125, 56, 9, '595'),
(126, 57, 4, '200DPI'),
(127, 57, 5, 'Paper from tree Wung'),
(128, 58, 4, 'Waka waka'),
(129, 58, 5, 'Paper from tree Lemon-San'),
(130, 59, 7, 'Noemi Deckow'),
(131, 59, 8, '125015004'),
(132, 59, 9, '804'),
(133, 60, 1, 'Adidas'),
(134, 60, 2, 'Symfony2 Autumn 1997'),
(135, 60, 3, 'Wool'),
(136, 61, 4, '300DPI'),
(137, 61, 5, 'Paper from tree Lemon-San'),
(138, 62, 1, 'Nike'),
(139, 62, 2, 'Symfony2 Winter 2001'),
(140, 62, 3, 'Wool'),
(141, 63, 6, 'Invisible porcelain'),
(142, 64, 1, 'Potato'),
(143, 64, 2, 'Symfony2 Spring 1999'),
(144, 64, 3, 'Polyester'),
(145, 65, 6, 'Banana skin'),
(146, 66, 4, 'Waka waka'),
(147, 66, 5, 'Paper from tree Yang'),
(148, 67, 1, 'Nike'),
(149, 67, 2, 'Symfony2 Autumn 2002'),
(150, 67, 3, 'Polyester'),
(151, 68, 1, 'Adidas'),
(152, 68, 2, 'Symfony2 Winter 2012'),
(153, 68, 3, 'Wool'),
(154, 69, 7, 'Fritz Ruecker'),
(155, 69, 8, '349409889'),
(156, 69, 9, '296'),
(157, 70, 7, 'Mitchel Rohan'),
(158, 70, 8, '1103121451'),
(159, 70, 9, '560'),
(160, 71, 4, '300DPI'),
(161, 71, 5, 'Paper from tree Yang'),
(162, 72, 1, 'Adidas'),
(163, 72, 2, 'Symfony2 Winter 2005'),
(164, 72, 3, 'Potato 100%'),
(165, 73, 1, 'Nike'),
(166, 73, 2, 'Symfony2 Winter 2006'),
(167, 73, 3, 'Potato 100%'),
(168, 74, 1, 'Potato'),
(169, 74, 2, 'Symfony2 Autumn 2010'),
(170, 74, 3, 'Polyester'),
(171, 75, 6, 'Sand'),
(172, 76, 1, 'Puma'),
(173, 76, 2, 'Symfony2 Autumn 2011'),
(174, 76, 3, 'Polyester'),
(175, 77, 1, 'Potato'),
(176, 77, 2, 'Symfony2 Autumn 2011'),
(177, 77, 3, 'Wool'),
(178, 78, 4, 'Waka waka'),
(179, 78, 5, 'Paper from tree Me-Gusta'),
(180, 79, 4, 'FULL HD'),
(181, 79, 5, 'Paper from tree Me-Gusta'),
(182, 80, 7, 'Roberta Medhurst I'),
(183, 80, 8, '423693294'),
(184, 80, 9, '469'),
(185, 81, 4, '200DPI'),
(186, 81, 5, 'Paper from tree Wung'),
(187, 82, 6, 'Sand'),
(188, 83, 1, 'Nike'),
(189, 83, 2, 'Symfony2 Summer 2006'),
(190, 83, 3, 'Polyester'),
(191, 84, 7, 'Harrison Cartwright'),
(192, 84, 8, '16181437'),
(193, 84, 9, '730'),
(194, 85, 6, 'Invisible porcelain'),
(195, 86, 6, 'Invisible porcelain'),
(196, 87, 1, 'Potato'),
(197, 87, 2, 'Symfony2 Winter 2001'),
(198, 87, 3, 'Polyester'),
(199, 88, 1, 'Potato'),
(200, 88, 2, 'Symfony2 Summer 2002'),
(201, 88, 3, 'Wool'),
(202, 89, 7, 'Miss Florencio Konopelski'),
(203, 89, 8, '445929525'),
(204, 89, 9, '738'),
(205, 90, 1, 'Nike'),
(206, 90, 2, 'Symfony2 Autumn 2002'),
(207, 90, 3, 'Wool'),
(208, 91, 6, 'Invisible porcelain'),
(209, 92, 7, 'Miss Jordane Johns IV'),
(210, 92, 8, '939942800'),
(211, 92, 9, '197'),
(212, 93, 7, 'Dayton Monahan'),
(213, 93, 8, '829251465'),
(214, 93, 9, '34'),
(215, 94, 6, 'Banana skin'),
(216, 95, 6, 'Invisible porcelain'),
(217, 96, 7, 'Dr. Lula Smitham'),
(218, 96, 8, '618199306'),
(219, 96, 9, '314'),
(220, 97, 4, '300DPI'),
(221, 97, 5, 'Paper from tree Lemon-San'),
(222, 98, 6, 'Porcelain'),
(223, 99, 7, 'Mr. Logan Purdy IV'),
(224, 99, 8, '319548057'),
(225, 99, 9, '764'),
(226, 100, 7, 'Alexanne Roberts Sr.'),
(227, 100, 8, '1199762595'),
(228, 100, 9, '995'),
(229, 101, 7, 'Darrick Runolfsson'),
(230, 101, 8, '131700681'),
(231, 101, 9, '492'),
(232, 102, 6, 'Sand'),
(233, 103, 1, 'Puma'),
(234, 103, 2, 'Symfony2 Summer 2006'),
(235, 103, 3, 'Polyester'),
(236, 104, 1, 'Puma'),
(237, 104, 2, 'Symfony2 Spring 2006'),
(238, 104, 3, 'Potato 100%'),
(239, 105, 6, 'Sand'),
(240, 106, 4, '300DPI'),
(241, 106, 5, 'Paper from tree Yang'),
(242, 107, 4, 'Waka waka'),
(243, 107, 5, 'Paper from tree Wung'),
(244, 108, 6, 'Sand'),
(245, 109, 1, 'Puma'),
(246, 109, 2, 'Symfony2 Winter 1999'),
(247, 109, 3, 'Polyester'),
(248, 110, 4, '300DPI'),
(249, 110, 5, 'Paper from tree Wung'),
(250, 111, 7, 'Dr. Ines Howe I'),
(251, 111, 8, '359141447'),
(252, 111, 9, '552'),
(253, 112, 4, '200DPI'),
(254, 112, 5, 'Paper from tree Yang'),
(255, 113, 7, 'Alexa Reilly'),
(256, 113, 8, '263657828'),
(257, 113, 9, '85'),
(258, 114, 7, 'Keyshawn Shields'),
(259, 114, 8, '162913555'),
(260, 114, 9, '657'),
(261, 115, 7, 'Dr. Willie Witting'),
(262, 115, 8, '902958583'),
(263, 115, 9, '20'),
(264, 116, 6, 'Sand'),
(265, 117, 7, 'Ms. Larissa Tremblay'),
(266, 117, 8, '178755671'),
(267, 117, 9, '521'),
(268, 118, 4, 'Waka waka'),
(269, 118, 5, 'Paper from tree Lemon-San'),
(270, 119, 1, 'Puma'),
(271, 119, 2, 'Symfony2 Summer 2009'),
(272, 119, 3, 'Polyester'),
(273, 120, 1, 'Nike'),
(274, 120, 2, 'Symfony2 Spring 2010'),
(275, 120, 3, 'Wool');

-- --------------------------------------------------------

--
-- Table structure for table `sylius_product_taxon`
--

CREATE TABLE IF NOT EXISTS `sylius_product_taxon` (
  `product_id` int(11) NOT NULL,
  `taxon_id` int(11) NOT NULL,
  PRIMARY KEY (`product_id`,`taxon_id`),
  KEY `IDX_169C6CD94584665A` (`product_id`),
  KEY `IDX_169C6CD9DE13F470` (`taxon_id`)
) ENGINE=InnoDB DEFAULT CHARSET=utf8 COLLATE=utf8_unicode_ci;

--
-- Dumping data for table `sylius_product_taxon`
--

INSERT INTO `sylius_product_taxon` (`product_id`, `taxon_id`) VALUES
(1, 2),
(1, 7),
(2, 4),
(2, 9),
(3, 3),
(3, 8),
(4, 4),
(4, 9),
(5, 2),
(5, 7),
(6, 2),
(6, 7),
(7, 5),
(7, 10),
(8, 2),
(8, 7),
(9, 2),
(9, 7),
(10, 3),
(10, 8),
(11, 2),
(11, 7),
(12, 3),
(12, 8),
(13, 4),
(13, 9),
(14, 3),
(14, 8),
(15, 4),
(15, 9),
(16, 4),
(16, 9),
(17, 4),
(17, 9),
(18, 5),
(18, 10),
(19, 3),
(19, 8),
(20, 2),
(20, 7),
(21, 4),
(21, 9),
(22, 4),
(22, 9),
(23, 4),
(23, 9),
(24, 2),
(24, 7),
(25, 4),
(25, 9),
(26, 5),
(26, 10),
(27, 2),
(27, 7),
(28, 5),
(28, 10),
(29, 3),
(29, 8),
(30, 3),
(30, 8),
(31, 3),
(31, 8),
(32, 2),
(32, 7),
(33, 5),
(33, 10),
(34, 3),
(34, 8),
(35, 4),
(35, 9),
(36, 2),
(36, 7),
(37, 5),
(37, 10),
(38, 3),
(38, 8),
(39, 2),
(39, 7),
(40, 2),
(40, 7),
(41, 5),
(41, 10),
(42, 2),
(42, 7),
(43, 2),
(43, 7),
(44, 5),
(44, 10),
(45, 4),
(45, 9),
(46, 3),
(46, 8),
(47, 5),
(47, 10),
(48, 4),
(48, 9),
(49, 2),
(49, 7),
(50, 4),
(50, 9),
(51, 4),
(51, 9),
(52, 4),
(52, 9),
(53, 5),
(53, 10),
(54, 2),
(54, 7),
(55, 2),
(55, 7),
(56, 5),
(56, 10),
(57, 3),
(57, 8),
(58, 3),
(58, 8),
(59, 5),
(59, 10),
(60, 2),
(60, 7),
(61, 3),
(61, 8),
(62, 2),
(62, 7),
(63, 4),
(63, 9),
(64, 2),
(64, 7),
(65, 4),
(65, 9),
(66, 3),
(66, 8),
(67, 2),
(67, 7),
(68, 2),
(68, 7),
(69, 5),
(69, 10),
(70, 5),
(70, 10),
(71, 3),
(71, 8),
(72, 2),
(72, 7),
(73, 2),
(73, 7),
(74, 2),
(74, 7),
(75, 4),
(75, 9),
(76, 2),
(76, 7),
(77, 2),
(77, 7),
(78, 3),
(78, 8),
(79, 3),
(79, 8),
(80, 5),
(80, 10),
(81, 3),
(81, 8),
(82, 4),
(82, 9),
(83, 2),
(83, 7),
(84, 5),
(84, 10),
(85, 4),
(85, 9),
(86, 4),
(86, 9),
(87, 2),
(87, 7),
(88, 2),
(88, 7),
(89, 5),
(89, 10),
(90, 2),
(90, 7),
(91, 4),
(91, 9),
(92, 5),
(92, 10),
(93, 5),
(93, 10),
(94, 4),
(94, 9),
(95, 4),
(95, 9),
(96, 5),
(96, 10),
(97, 3),
(97, 8),
(98, 4),
(98, 9),
(99, 5),
(99, 10),
(100, 5),
(100, 10),
(101, 5),
(101, 10),
(102, 4),
(102, 9),
(103, 2),
(103, 7),
(104, 2),
(104, 7),
(105, 4),
(105, 9),
(106, 3),
(106, 8),
(107, 3),
(107, 8),
(108, 4),
(108, 9),
(109, 2),
(109, 7),
(110, 3),
(110, 8),
(111, 5),
(111, 10),
(112, 3),
(112, 8),
(113, 5),
(113, 10),
(114, 5),
(114, 10),
(115, 5),
(115, 10),
(116, 4),
(116, 9),
(117, 5),
(117, 10),
(118, 3),
(118, 8),
(119, 2),
(119, 7),
(120, 2),
(120, 7);

-- --------------------------------------------------------

--
-- Table structure for table `sylius_promotion`
--

CREATE TABLE IF NOT EXISTS `sylius_promotion` (
  `id` int(11) NOT NULL AUTO_INCREMENT,
  `name` varchar(255) COLLATE utf8_unicode_ci NOT NULL,
  `description` varchar(255) COLLATE utf8_unicode_ci NOT NULL,
  `usage_limit` int(11) DEFAULT NULL,
  `used` int(11) NOT NULL,
  `coupon_based` tinyint(1) NOT NULL,
  `starts_at` datetime DEFAULT NULL,
  `ends_at` datetime DEFAULT NULL,
  `created_at` datetime NOT NULL,
  `updated_at` datetime DEFAULT NULL,
  PRIMARY KEY (`id`)
) ENGINE=InnoDB  DEFAULT CHARSET=utf8 COLLATE=utf8_unicode_ci AUTO_INCREMENT=3 ;

--
-- Dumping data for table `sylius_promotion`
--

INSERT INTO `sylius_promotion` (`id`, `name`, `description`, `usage_limit`, `used`, `coupon_based`, `starts_at`, `ends_at`, `created_at`, `updated_at`) VALUES
(1, 'New Year', 'New Year Sale for 3 and more items.', NULL, 0, 0, NULL, NULL, '2013-11-11 20:20:50', '2013-11-11 20:20:50'),
(2, 'Christmas', 'Christmas Sale for orders over 100 EUR.', NULL, 0, 0, NULL, NULL, '2013-11-11 20:20:50', '2013-11-11 20:20:50');

-- --------------------------------------------------------

--
-- Table structure for table `sylius_promotion_action`
--

CREATE TABLE IF NOT EXISTS `sylius_promotion_action` (
  `id` int(11) NOT NULL AUTO_INCREMENT,
  `promotion_id` int(11) DEFAULT NULL,
  `type` varchar(255) COLLATE utf8_unicode_ci NOT NULL,
  `configuration` longtext COLLATE utf8_unicode_ci NOT NULL COMMENT '(DC2Type:array)',
  PRIMARY KEY (`id`),
  KEY `IDX_933D0915139DF194` (`promotion_id`)
) ENGINE=InnoDB  DEFAULT CHARSET=utf8 COLLATE=utf8_unicode_ci AUTO_INCREMENT=3 ;

--
-- Dumping data for table `sylius_promotion_action`
--

INSERT INTO `sylius_promotion_action` (`id`, `promotion_id`, `type`, `configuration`) VALUES
(1, 1, 'fixed_discount', 'a:1:{s:6:"amount";i:500;}'),
(2, 2, 'fixed_discount', 'a:1:{s:6:"amount";i:250;}');

-- --------------------------------------------------------

--
-- Table structure for table `sylius_promotion_coupon`
--

CREATE TABLE IF NOT EXISTS `sylius_promotion_coupon` (
  `id` int(11) NOT NULL AUTO_INCREMENT,
  `promotion_id` int(11) DEFAULT NULL,
  `code` varchar(255) COLLATE utf8_unicode_ci NOT NULL,
  `usage_limit` int(11) DEFAULT NULL,
  `used` int(11) NOT NULL,
  `expires_at` datetime DEFAULT NULL,
  PRIMARY KEY (`id`),
  KEY `IDX_B04EBA85139DF194` (`promotion_id`)
) ENGINE=InnoDB DEFAULT CHARSET=utf8 COLLATE=utf8_unicode_ci AUTO_INCREMENT=1 ;

-- --------------------------------------------------------

--
-- Table structure for table `sylius_promotion_rule`
--

CREATE TABLE IF NOT EXISTS `sylius_promotion_rule` (
  `id` int(11) NOT NULL AUTO_INCREMENT,
  `promotion_id` int(11) DEFAULT NULL,
  `type` varchar(255) COLLATE utf8_unicode_ci NOT NULL,
  `configuration` longtext COLLATE utf8_unicode_ci NOT NULL COMMENT '(DC2Type:array)',
  PRIMARY KEY (`id`),
  KEY `IDX_2C188EA8139DF194` (`promotion_id`)
) ENGINE=InnoDB  DEFAULT CHARSET=utf8 COLLATE=utf8_unicode_ci AUTO_INCREMENT=3 ;

--
-- Dumping data for table `sylius_promotion_rule`
--

INSERT INTO `sylius_promotion_rule` (`id`, `promotion_id`, `type`, `configuration`) VALUES
(1, 1, 'item_count', 'a:2:{s:5:"count";i:3;s:5:"equal";b:1;}'),
(2, 2, 'item_total', 'a:2:{s:6:"amount";i:10000;s:5:"equal";b:1;}');

-- --------------------------------------------------------

--
-- Table structure for table `sylius_property`
--

CREATE TABLE IF NOT EXISTS `sylius_property` (
  `id` int(11) NOT NULL AUTO_INCREMENT,
  `name` varchar(255) COLLATE utf8_unicode_ci NOT NULL,
  `presentation` varchar(255) COLLATE utf8_unicode_ci NOT NULL,
  `type` varchar(255) COLLATE utf8_unicode_ci NOT NULL,
  `configuration` longtext COLLATE utf8_unicode_ci NOT NULL COMMENT '(DC2Type:array)',
  `created_at` datetime NOT NULL,
  `updated_at` datetime DEFAULT NULL,
  PRIMARY KEY (`id`)
) ENGINE=InnoDB  DEFAULT CHARSET=utf8 COLLATE=utf8_unicode_ci AUTO_INCREMENT=10 ;

--
-- Dumping data for table `sylius_property`
--

INSERT INTO `sylius_property` (`id`, `name`, `presentation`, `type`, `configuration`, `created_at`, `updated_at`) VALUES
(1, 'T-Shirt brand', 'Brand', 'text', 'a:0:{}', '2013-11-11 20:20:52', '2013-11-11 20:20:52'),
(2, 'T-Shirt collection', 'Collection', 'text', 'a:0:{}', '2013-11-11 20:20:52', '2013-11-11 20:20:52'),
(3, 'T-Shirt material', 'Made of', 'text', 'a:0:{}', '2013-11-11 20:20:52', '2013-11-11 20:20:52'),
(4, 'Sticker resolution', 'Print resolution', 'text', 'a:0:{}', '2013-11-11 20:20:52', '2013-11-11 20:20:52'),
(5, 'Sticker paper', 'Paper', 'text', 'a:0:{}', '2013-11-11 20:20:52', '2013-11-11 20:20:52'),
(6, 'Mug material', 'Material', 'text', 'a:0:{}', '2013-11-11 20:20:52', '2013-11-11 20:20:52'),
(7, 'Book author', 'Author', 'text', 'a:0:{}', '2013-11-11 20:20:52', '2013-11-11 20:20:52'),
(8, 'Book ISBN', 'ISBN', 'text', 'a:0:{}', '2013-11-11 20:20:52', '2013-11-11 20:20:52'),
(9, 'Book pages', 'Number of pages', 'text', 'a:0:{}', '2013-11-11 20:20:52', '2013-11-11 20:20:52');

-- --------------------------------------------------------

--
-- Table structure for table `sylius_prototype`
--

CREATE TABLE IF NOT EXISTS `sylius_prototype` (
  `id` int(11) NOT NULL AUTO_INCREMENT,
  `name` varchar(255) COLLATE utf8_unicode_ci NOT NULL,
  `created_at` datetime NOT NULL,
  `updated_at` datetime DEFAULT NULL,
  PRIMARY KEY (`id`)
) ENGINE=InnoDB  DEFAULT CHARSET=utf8 COLLATE=utf8_unicode_ci AUTO_INCREMENT=5 ;

--
-- Dumping data for table `sylius_prototype`
--

INSERT INTO `sylius_prototype` (`id`, `name`, `created_at`, `updated_at`) VALUES
(1, 'T-Shirt', '2013-11-11 20:20:52', '2013-11-11 20:20:52'),
(2, 'Sticker', '2013-11-11 20:20:52', '2013-11-11 20:20:52'),
(3, 'Mug', '2013-11-11 20:20:52', '2013-11-11 20:20:52'),
(4, 'Book', '2013-11-11 20:20:52', '2013-11-11 20:20:52');

-- --------------------------------------------------------

--
-- Table structure for table `sylius_prototype_option`
--

CREATE TABLE IF NOT EXISTS `sylius_prototype_option` (
  `prototype_id` int(11) NOT NULL,
  `option_id` int(11) NOT NULL,
  PRIMARY KEY (`prototype_id`,`option_id`),
  KEY `IDX_B458391B25998077` (`prototype_id`),
  KEY `IDX_B458391BA7C41D6F` (`option_id`)
) ENGINE=InnoDB DEFAULT CHARSET=utf8 COLLATE=utf8_unicode_ci;

--
-- Dumping data for table `sylius_prototype_option`
--

INSERT INTO `sylius_prototype_option` (`prototype_id`, `option_id`) VALUES
(1, 1),
(1, 2),
(2, 3),
(3, 4);

-- --------------------------------------------------------

--
-- Table structure for table `sylius_prototype_property`
--

CREATE TABLE IF NOT EXISTS `sylius_prototype_property` (
  `prototype_id` int(11) NOT NULL,
  `property_id` int(11) NOT NULL,
  PRIMARY KEY (`prototype_id`,`property_id`),
  KEY `IDX_99041F2A25998077` (`prototype_id`),
  KEY `IDX_99041F2A549213EC` (`property_id`)
) ENGINE=InnoDB DEFAULT CHARSET=utf8 COLLATE=utf8_unicode_ci;

--
-- Dumping data for table `sylius_prototype_property`
--

INSERT INTO `sylius_prototype_property` (`prototype_id`, `property_id`) VALUES
(1, 1),
(1, 2),
(1, 3),
(2, 4),
(2, 5),
(3, 6),
(4, 7),
(4, 8),
(4, 9);

-- --------------------------------------------------------

--
-- Table structure for table `sylius_province`
--

CREATE TABLE IF NOT EXISTS `sylius_province` (
  `id` int(11) NOT NULL AUTO_INCREMENT,
  `country_id` int(11) DEFAULT NULL,
  `name` varchar(255) COLLATE utf8_unicode_ci NOT NULL,
  PRIMARY KEY (`id`),
  KEY `IDX_B5618FE4F92F3E70` (`country_id`)
) ENGINE=InnoDB  DEFAULT CHARSET=utf8 COLLATE=utf8_unicode_ci AUTO_INCREMENT=52 ;

--
-- Dumping data for table `sylius_province`
--

INSERT INTO `sylius_province` (`id`, `country_id`, `name`) VALUES
(1, 247, 'Alabama'),
(2, 247, 'Alaska'),
(3, 247, 'Arizona'),
(4, 247, 'Arkansas'),
(5, 247, 'California'),
(6, 247, 'Colorado'),
(7, 247, 'Connecticut'),
(8, 247, 'Delaware'),
(9, 247, 'District Of Columbia'),
(10, 247, 'Florida'),
(11, 247, 'Georgia'),
(12, 247, 'Hawaii'),
(13, 247, 'Idaho'),
(14, 247, 'Illinois'),
(15, 247, 'Indiana'),
(16, 247, 'Iowa'),
(17, 247, 'Kansas'),
(18, 247, 'Kentucky'),
(19, 247, 'Louisiana'),
(20, 247, 'Maine'),
(21, 247, 'Maryland'),
(22, 247, 'Massachusetts'),
(23, 247, 'Michigan'),
(24, 247, 'Minnesota'),
(25, 247, 'Mississippi'),
(26, 247, 'Missouri'),
(27, 247, 'Montana'),
(28, 247, 'Nebraska'),
(29, 247, 'Nevada'),
(30, 247, 'New Hampshire'),
(31, 247, 'New Jersey'),
(32, 247, 'New Mexico'),
(33, 247, 'New York'),
(34, 247, 'North Carolina'),
(35, 247, 'North Dakota'),
(36, 247, 'Ohio'),
(37, 247, 'Oklahoma'),
(38, 247, 'Oregon'),
(39, 247, 'Pennsylvania'),
(40, 247, 'Rhode Island'),
(41, 247, 'South Carolina'),
(42, 247, 'South Dakota'),
(43, 247, 'Tennessee'),
(44, 247, 'Texas'),
(45, 247, 'Utah'),
(46, 247, 'Vermont'),
(47, 247, 'Virginia'),
(48, 247, 'Washington'),
(49, 247, 'West Virginia'),
(50, 247, 'Wisconsin'),
(51, 247, 'Wyoming');

-- --------------------------------------------------------

--
-- Table structure for table `sylius_settings_parameter`
--

CREATE TABLE IF NOT EXISTS `sylius_settings_parameter` (
  `id` int(11) NOT NULL AUTO_INCREMENT,
  `namespace` varchar(255) COLLATE utf8_unicode_ci NOT NULL,
  `name` varchar(255) COLLATE utf8_unicode_ci NOT NULL,
  `value` varchar(255) COLLATE utf8_unicode_ci DEFAULT NULL,
  PRIMARY KEY (`id`)
) ENGINE=InnoDB  DEFAULT CHARSET=utf8 COLLATE=utf8_unicode_ci AUTO_INCREMENT=2 ;

--
-- Dumping data for table `sylius_settings_parameter`
--

INSERT INTO `sylius_settings_parameter` (`id`, `namespace`, `name`, `value`) VALUES
(1, 'taxation', 'default_tax_zone', 'i:1;');

-- --------------------------------------------------------

--
-- Table structure for table `sylius_shipment`
--

CREATE TABLE IF NOT EXISTS `sylius_shipment` (
  `id` int(11) NOT NULL AUTO_INCREMENT,
  `method_id` int(11) NOT NULL,
  `order_id` int(11) NOT NULL,
  `state` varchar(255) COLLATE utf8_unicode_ci NOT NULL,
  `tracking` varchar(255) COLLATE utf8_unicode_ci DEFAULT NULL,
  `created_at` datetime NOT NULL,
  `updated_at` datetime DEFAULT NULL,
  PRIMARY KEY (`id`),
  KEY `IDX_FD707B3319883967` (`method_id`),
  KEY `IDX_FD707B338D9F6D38` (`order_id`)
) ENGINE=InnoDB  DEFAULT CHARSET=utf8 COLLATE=utf8_unicode_ci AUTO_INCREMENT=51 ;

--
-- Dumping data for table `sylius_shipment`
--

INSERT INTO `sylius_shipment` (`id`, `method_id`, `order_id`, `state`, `tracking`, `created_at`, `updated_at`) VALUES
(1, 2, 1, 'checkout', NULL, '2013-11-11 20:21:05', '2013-11-11 20:21:05'),
(2, 2, 2, 'checkout', NULL, '2013-11-11 20:21:05', '2013-11-11 20:21:05'),
(3, 2, 3, 'checkout', NULL, '2013-11-11 20:21:05', '2013-11-11 20:21:05'),
(4, 2, 4, 'checkout', NULL, '2013-11-11 20:21:05', '2013-11-11 20:21:05'),
(5, 2, 5, 'checkout', NULL, '2013-11-11 20:21:05', '2013-11-11 20:21:05'),
(6, 2, 6, 'checkout', NULL, '2013-11-11 20:21:05', '2013-11-11 20:21:05'),
(7, 2, 7, 'checkout', NULL, '2013-11-11 20:21:05', '2013-11-11 20:21:05'),
(8, 2, 8, 'checkout', NULL, '2013-11-11 20:21:05', '2013-11-11 20:21:05'),
(9, 2, 9, 'checkout', NULL, '2013-11-11 20:21:05', '2013-11-11 20:21:06'),
(10, 2, 10, 'checkout', NULL, '2013-11-11 20:21:06', '2013-11-11 20:21:06'),
(11, 2, 11, 'checkout', NULL, '2013-11-11 20:21:06', '2013-11-11 20:21:06'),
(12, 2, 12, 'checkout', NULL, '2013-11-11 20:21:06', '2013-11-11 20:21:06'),
(13, 2, 13, 'checkout', NULL, '2013-11-11 20:21:06', '2013-11-11 20:21:06'),
(14, 2, 14, 'checkout', NULL, '2013-11-11 20:21:06', '2013-11-11 20:21:06'),
(15, 2, 15, 'checkout', NULL, '2013-11-11 20:21:06', '2013-11-11 20:21:06'),
(16, 2, 16, 'checkout', NULL, '2013-11-11 20:21:06', '2013-11-11 20:21:06'),
(17, 2, 17, 'checkout', NULL, '2013-11-11 20:21:06', '2013-11-11 20:21:06'),
(18, 2, 18, 'checkout', NULL, '2013-11-11 20:21:06', '2013-11-11 20:21:06'),
(19, 2, 19, 'checkout', NULL, '2013-11-11 20:21:06', '2013-11-11 20:21:06'),
(20, 2, 20, 'checkout', NULL, '2013-11-11 20:21:06', '2013-11-11 20:21:06'),
(21, 2, 21, 'checkout', NULL, '2013-11-11 20:21:06', '2013-11-11 20:21:06'),
(22, 2, 22, 'checkout', NULL, '2013-11-11 20:21:06', '2013-11-11 20:21:06'),
(23, 2, 23, 'checkout', NULL, '2013-11-11 20:21:06', '2013-11-11 20:21:06'),
(24, 2, 24, 'checkout', NULL, '2013-11-11 20:21:06', '2013-11-11 20:21:06'),
(25, 2, 25, 'checkout', NULL, '2013-11-11 20:21:06', '2013-11-11 20:21:06'),
(26, 2, 26, 'checkout', NULL, '2013-11-11 20:21:06', '2013-11-11 20:21:06'),
(27, 2, 27, 'checkout', NULL, '2013-11-11 20:21:06', '2013-11-11 20:21:06'),
(28, 2, 28, 'checkout', NULL, '2013-11-11 20:21:06', '2013-11-11 20:21:06'),
(29, 2, 29, 'checkout', NULL, '2013-11-11 20:21:06', '2013-11-11 20:21:06'),
(30, 2, 30, 'checkout', NULL, '2013-11-11 20:21:06', '2013-11-11 20:21:06'),
(31, 2, 31, 'checkout', NULL, '2013-11-11 20:21:06', '2013-11-11 20:21:06'),
(32, 2, 32, 'checkout', NULL, '2013-11-11 20:21:06', '2013-11-11 20:21:06'),
(33, 2, 33, 'checkout', NULL, '2013-11-11 20:21:06', '2013-11-11 20:21:06'),
(34, 2, 34, 'checkout', NULL, '2013-11-11 20:21:06', '2013-11-11 20:21:06'),
(35, 2, 35, 'checkout', NULL, '2013-11-11 20:21:06', '2013-11-11 20:21:06'),
(36, 2, 36, 'checkout', NULL, '2013-11-11 20:21:06', '2013-11-11 20:21:06'),
(37, 2, 37, 'checkout', NULL, '2013-11-11 20:21:06', '2013-11-11 20:21:06'),
(38, 2, 38, 'checkout', NULL, '2013-11-11 20:21:06', '2013-11-11 20:21:06'),
(39, 2, 39, 'checkout', NULL, '2013-11-11 20:21:06', '2013-11-11 20:21:06'),
(40, 2, 40, 'checkout', NULL, '2013-11-11 20:21:06', '2013-11-11 20:21:06'),
(41, 2, 41, 'checkout', NULL, '2013-11-11 20:21:06', '2013-11-11 20:21:06'),
(42, 2, 42, 'checkout', NULL, '2013-11-11 20:21:06', '2013-11-11 20:21:06'),
(43, 2, 43, 'checkout', NULL, '2013-11-11 20:21:06', '2013-11-11 20:21:06'),
(44, 2, 44, 'checkout', NULL, '2013-11-11 20:21:06', '2013-11-11 20:21:06'),
(45, 2, 45, 'checkout', NULL, '2013-11-11 20:21:06', '2013-11-11 20:21:06'),
(46, 2, 46, 'checkout', NULL, '2013-11-11 20:21:06', '2013-11-11 20:21:06'),
(47, 2, 47, 'checkout', NULL, '2013-11-11 20:21:06', '2013-11-11 20:21:06'),
(48, 2, 48, 'checkout', NULL, '2013-11-11 20:21:06', '2013-11-11 20:21:06'),
(49, 2, 49, 'checkout', NULL, '2013-11-11 20:21:06', '2013-11-11 20:21:06'),
(50, 2, 50, 'checkout', NULL, '2013-11-11 20:21:06', '2013-11-11 20:21:06');

-- --------------------------------------------------------

--
-- Table structure for table `sylius_shipping_category`
--

CREATE TABLE IF NOT EXISTS `sylius_shipping_category` (
  `id` int(11) NOT NULL AUTO_INCREMENT,
  `name` varchar(255) COLLATE utf8_unicode_ci NOT NULL,
  `description` longtext COLLATE utf8_unicode_ci,
  `created_at` datetime NOT NULL,
  `updated_at` datetime DEFAULT NULL,
  PRIMARY KEY (`id`)
) ENGINE=InnoDB  DEFAULT CHARSET=utf8 COLLATE=utf8_unicode_ci AUTO_INCREMENT=3 ;

--
-- Dumping data for table `sylius_shipping_category`
--

INSERT INTO `sylius_shipping_category` (`id`, `name`, `description`, `created_at`, `updated_at`) VALUES
(1, 'Regular', 'Regular weight items', '2013-11-11 20:20:52', '2013-11-11 20:20:52'),
(2, 'Heavy', 'Heavy items', '2013-11-11 20:20:52', '2013-11-11 20:20:52');

-- --------------------------------------------------------

--
-- Table structure for table `sylius_shipping_method`
--

CREATE TABLE IF NOT EXISTS `sylius_shipping_method` (
  `id` int(11) NOT NULL AUTO_INCREMENT,
  `category_id` int(11) DEFAULT NULL,
  `zone_id` int(11) NOT NULL,
  `name` varchar(255) COLLATE utf8_unicode_ci NOT NULL,
  `configuration` longtext COLLATE utf8_unicode_ci NOT NULL COMMENT '(DC2Type:array)',
  `category_requirement` int(11) NOT NULL,
  `calculator` varchar(255) COLLATE utf8_unicode_ci NOT NULL,
  `is_enabled` tinyint(1) NOT NULL,
  `created_at` datetime NOT NULL,
  `updated_at` datetime DEFAULT NULL,
  PRIMARY KEY (`id`),
  KEY `IDX_5FB0EE1112469DE2` (`category_id`),
  KEY `IDX_5FB0EE119F2C3FAB` (`zone_id`)
) ENGINE=InnoDB  DEFAULT CHARSET=utf8 COLLATE=utf8_unicode_ci AUTO_INCREMENT=5 ;

--
-- Dumping data for table `sylius_shipping_method`
--

INSERT INTO `sylius_shipping_method` (`id`, `category_id`, `zone_id`, `name`, `configuration`, `category_requirement`, `calculator`, `is_enabled`, `created_at`, `updated_at`) VALUES
(1, NULL, 2, 'FedEx', 'a:3:{s:15:"first_item_cost";i:1000;s:20:"additional_item_cost";i:500;s:21:"additional_item_limit";i:0;}', 1, 'flexible_rate', 1, '2013-11-11 20:20:52', '2013-11-11 20:20:52'),
(2, NULL, 1, 'UPS Ground', 'a:1:{s:6:"amount";i:2500;}', 1, 'flat_rate', 1, '2013-11-11 20:20:52', '2013-11-11 20:20:52'),
(3, NULL, 1, 'DHL', 'a:1:{s:6:"amount";i:2350;}', 1, 'flat_rate', 1, '2013-11-11 20:20:52', '2013-11-11 20:20:52'),
(4, NULL, 4, 'FedEx World Shipping', 'a:3:{s:15:"first_item_cost";i:4000;s:20:"additional_item_cost";i:500;s:21:"additional_item_limit";i:10;}', 1, 'flexible_rate', 1, '2013-11-11 20:20:52', '2013-11-11 20:20:52');

-- --------------------------------------------------------

--
-- Table structure for table `sylius_shipping_rule`
--

CREATE TABLE IF NOT EXISTS `sylius_shipping_rule` (
  `id` int(11) NOT NULL AUTO_INCREMENT,
  `method_id` int(11) NOT NULL,
  `type` varchar(255) COLLATE utf8_unicode_ci NOT NULL,
  `configuration` longtext COLLATE utf8_unicode_ci NOT NULL COMMENT '(DC2Type:array)',
  PRIMARY KEY (`id`),
  KEY `IDX_3BC30EE019883967` (`method_id`)
) ENGINE=InnoDB DEFAULT CHARSET=utf8 COLLATE=utf8_unicode_ci AUTO_INCREMENT=1 ;

-- --------------------------------------------------------

--
-- Table structure for table `sylius_taxon`
--

CREATE TABLE IF NOT EXISTS `sylius_taxon` (
  `id` int(11) NOT NULL AUTO_INCREMENT,
  `taxonomy_id` int(11) DEFAULT NULL,
  `parent_id` int(11) DEFAULT NULL,
  `name` varchar(255) COLLATE utf8_unicode_ci NOT NULL,
  `slug` varchar(255) COLLATE utf8_unicode_ci NOT NULL,
  `permalink` varchar(255) COLLATE utf8_unicode_ci NOT NULL,
  `description` longtext COLLATE utf8_unicode_ci,
  `tree_left` int(11) NOT NULL,
  `tree_right` int(11) NOT NULL,
  `tree_level` int(11) NOT NULL,
  `path` varchar(255) COLLATE utf8_unicode_ci DEFAULT NULL,
  PRIMARY KEY (`id`),
  UNIQUE KEY `UNIQ_CFD811CA989D9B62` (`slug`),
  UNIQUE KEY `UNIQ_CFD811CAF286BC32` (`permalink`),
  KEY `IDX_CFD811CA9557E6F6` (`taxonomy_id`),
  KEY `IDX_CFD811CA727ACA70` (`parent_id`)
) ENGINE=InnoDB  DEFAULT CHARSET=utf8 COLLATE=utf8_unicode_ci AUTO_INCREMENT=11 ;

--
-- Dumping data for table `sylius_taxon`
--

INSERT INTO `sylius_taxon` (`id`, `taxonomy_id`, `parent_id`, `name`, `slug`, `permalink`, `description`, `tree_left`, `tree_right`, `tree_level`, `path`) VALUES
(1, 1, NULL, 'Category', 'category', 'category', NULL, 1, 18, 0, NULL),
(2, 1, 1, 'T-Shirts', 't-shirts', 't-shirts', NULL, 2, 3, 1, NULL),
(3, 1, 1, 'Stickers', 'stickers', 'stickers', NULL, 12, 13, 1, NULL),
(4, 1, 1, 'Mugs', 'mugs', 'mugs', NULL, 14, 15, 1, NULL),
(5, 1, 1, 'Books', 'books', 'books', NULL, 16, 17, 1, NULL),
(6, 2, NULL, 'Brand', 'brand', 'brand', NULL, 3, 12, 0, NULL),
(7, 2, 6, 'SuperTees', 'supertees', 'supertees', NULL, 4, 5, 1, NULL),
(8, 2, 6, 'Stickypicky', 'stickypicky', 'stickypicky', NULL, 6, 7, 1, NULL),
(9, 2, 6, 'Mugland', 'mugland', 'mugland', NULL, 8, 9, 1, NULL),
(10, 2, 6, 'Bookmania', 'bookmania', 'bookmania', NULL, 10, 11, 1, NULL);

-- --------------------------------------------------------

--
-- Table structure for table `sylius_taxonomy`
--

CREATE TABLE IF NOT EXISTS `sylius_taxonomy` (
  `id` int(11) NOT NULL AUTO_INCREMENT,
  `root_id` int(11) DEFAULT NULL,
  `name` varchar(255) COLLATE utf8_unicode_ci NOT NULL,
  PRIMARY KEY (`id`),
  KEY `IDX_2A9E3D279066886` (`root_id`)
) ENGINE=InnoDB  DEFAULT CHARSET=utf8 COLLATE=utf8_unicode_ci AUTO_INCREMENT=3 ;

--
-- Dumping data for table `sylius_taxonomy`
--

INSERT INTO `sylius_taxonomy` (`id`, `root_id`, `name`) VALUES
(1, 1, 'Category'),
(2, 6, 'Brand');

-- --------------------------------------------------------

--
-- Table structure for table `sylius_tax_category`
--

CREATE TABLE IF NOT EXISTS `sylius_tax_category` (
  `id` int(11) NOT NULL AUTO_INCREMENT,
  `name` varchar(255) COLLATE utf8_unicode_ci NOT NULL,
  `description` longtext COLLATE utf8_unicode_ci,
  `created_at` datetime NOT NULL,
  `updated_at` datetime DEFAULT NULL,
  PRIMARY KEY (`id`)
) ENGINE=InnoDB  DEFAULT CHARSET=utf8 COLLATE=utf8_unicode_ci AUTO_INCREMENT=2 ;

--
-- Dumping data for table `sylius_tax_category`
--

INSERT INTO `sylius_tax_category` (`id`, `name`, `description`, `created_at`, `updated_at`) VALUES
(1, 'Taxable goods', 'Default taxation category', '2013-11-11 20:20:52', '2013-11-11 20:20:52');

-- --------------------------------------------------------

--
-- Table structure for table `sylius_tax_rate`
--

CREATE TABLE IF NOT EXISTS `sylius_tax_rate` (
  `id` int(11) NOT NULL AUTO_INCREMENT,
  `category_id` int(11) NOT NULL,
  `zone_id` int(11) NOT NULL,
  `name` varchar(255) COLLATE utf8_unicode_ci NOT NULL,
  `amount` decimal(10,4) NOT NULL,
  `included_in_price` tinyint(1) NOT NULL,
  `calculator` varchar(255) COLLATE utf8_unicode_ci NOT NULL,
  `created_at` datetime NOT NULL,
  `updated_at` datetime DEFAULT NULL,
  PRIMARY KEY (`id`),
  KEY `IDX_3CD86B2E12469DE2` (`category_id`),
  KEY `IDX_3CD86B2E9F2C3FAB` (`zone_id`)
) ENGINE=InnoDB  DEFAULT CHARSET=utf8 COLLATE=utf8_unicode_ci AUTO_INCREMENT=2 ;

--
-- Dumping data for table `sylius_tax_rate`
--

INSERT INTO `sylius_tax_rate` (`id`, `category_id`, `zone_id`, `name`, `amount`, `included_in_price`, `calculator`, `created_at`, `updated_at`) VALUES
(1, 1, 1, 'EU VAT', '0.2300', 0, 'default', '2013-11-11 20:20:52', '2013-11-11 20:20:52');

-- --------------------------------------------------------

--
-- Table structure for table `sylius_user`
--

CREATE TABLE IF NOT EXISTS `sylius_user` (
  `id` int(11) NOT NULL AUTO_INCREMENT,
  `billing_address_id` int(11) DEFAULT NULL,
  `shipping_address_id` int(11) DEFAULT NULL,
  `username` varchar(255) COLLATE utf8_unicode_ci NOT NULL,
  `username_canonical` varchar(255) COLLATE utf8_unicode_ci NOT NULL,
  `email` varchar(255) COLLATE utf8_unicode_ci NOT NULL,
  `email_canonical` varchar(255) COLLATE utf8_unicode_ci NOT NULL,
  `enabled` tinyint(1) NOT NULL,
  `salt` varchar(255) COLLATE utf8_unicode_ci NOT NULL,
  `password` varchar(255) COLLATE utf8_unicode_ci NOT NULL,
  `last_login` datetime DEFAULT NULL,
  `locked` tinyint(1) NOT NULL,
  `expired` tinyint(1) NOT NULL,
  `expires_at` datetime DEFAULT NULL,
  `confirmation_token` varchar(255) COLLATE utf8_unicode_ci DEFAULT NULL,
  `password_requested_at` datetime DEFAULT NULL,
  `roles` longtext COLLATE utf8_unicode_ci NOT NULL COMMENT '(DC2Type:array)',
  `credentials_expired` tinyint(1) NOT NULL,
  `credentials_expire_at` datetime DEFAULT NULL,
  `currency` varchar(3) COLLATE utf8_unicode_ci DEFAULT NULL,
  `first_name` varchar(255) COLLATE utf8_unicode_ci DEFAULT NULL,
  `last_name` varchar(255) COLLATE utf8_unicode_ci DEFAULT NULL,
  `amazon_id` varchar(255) COLLATE utf8_unicode_ci DEFAULT NULL,
  `facebook_id` varchar(255) COLLATE utf8_unicode_ci DEFAULT NULL,
  `google_id` varchar(255) COLLATE utf8_unicode_ci DEFAULT NULL,
  `created_at` datetime NOT NULL,
  `updated_at` datetime NOT NULL,
  PRIMARY KEY (`id`),
  UNIQUE KEY `UNIQ_569A33C092FC23A8` (`username_canonical`),
  UNIQUE KEY `UNIQ_569A33C0A0D96FBF` (`email_canonical`),
  UNIQUE KEY `UNIQ_569A33C079D0C0E4` (`billing_address_id`),
  UNIQUE KEY `UNIQ_569A33C04D4CFF2B` (`shipping_address_id`)
) ENGINE=InnoDB  DEFAULT CHARSET=utf8 COLLATE=utf8_unicode_ci AUTO_INCREMENT=18 ;

--
-- Dumping data for table `sylius_user`
--

INSERT INTO `sylius_user` (`id`, `billing_address_id`, `shipping_address_id`, `username`, `username_canonical`, `email`, `email_canonical`, `enabled`, `salt`, `password`, `last_login`, `locked`, `expired`, `expires_at`, `confirmation_token`, `password_requested_at`, `roles`, `credentials_expired`, `credentials_expire_at`, `currency`, `first_name`, `last_name`, `amazon_id`, `facebook_id`, `google_id`, `created_at`, `updated_at`) VALUES
(1, NULL, NULL, 'sylius@example.com', 'sylius@example.com', 'sylius@example.com', 'sylius@example.com', 1, 'fkp40curwdko00gk4gssc4wkoowwo4w', 'Zj6C5Qcp7yJSVuHrLk1+sILvMCjtV+rC/lALyxvGoWsBLmYqt4Hcv8ZpxMYMeTkbS0PvUvPyDds5guYaPGLXXA==', NULL, 0, 0, NULL, NULL, NULL, 'a:1:{i:0;s:17:"ROLE_SYLIUS_ADMIN";}', 0, NULL, 'EUR', 'Mittie', 'Lynch', NULL, NULL, NULL, '2013-11-11 20:20:50', '2013-11-11 20:20:50'),
(2, NULL, NULL, 'bode.jalyn@example.com', 'bode.jalyn@example.com', 'bode.jalyn@example.com', 'bode.jalyn@example.com', 1, 'e3yxk2ipb0o4k0w0csssckgcgsko040', 'uKdSnBVniaKKvxNvwDDVPdtu7oxiqbN5YY2QLAwSa5TT78/Sjpzdgry1bSWkFlxf07h/6C7zV9bNcNadxkm14w==', NULL, 0, 0, NULL, NULL, NULL, 'a:0:{}', 0, NULL, NULL, 'Skyla', 'Legros', NULL, NULL, NULL, '2013-11-11 20:20:50', '2013-11-11 20:20:50'),
(3, NULL, NULL, 'steuber.fabiola@example.com', 'steuber.fabiola@example.com', 'steuber.fabiola@example.com', 'steuber.fabiola@example.com', 0, 'mbcrrjusey8oko4kw844wc008kwgggo', 'vF0gpYKC36WcV1IpBcv/AqQnd3ex/9+QwndOHO31wwcs6IkFCO5HhKYzC5Z5CKpXDyw+I3fRN4z7HDUF1843wA==', NULL, 0, 0, NULL, NULL, NULL, 'a:0:{}', 0, NULL, NULL, 'Felix', 'Little', NULL, NULL, NULL, '2013-11-11 20:20:50', '2013-11-11 20:20:50'),
(4, NULL, NULL, 'ckoepp@example.com', 'ckoepp@example.com', 'ckoepp@example.com', 'ckoepp@example.com', 0, 'eo1gwxe0xlw00gko4og0csg0gs4gw0o', 'bGdzgt6V4Fmz2MAlRKXEgoOUsOwhj2gpZNLQlPWd5Ht1WcvJeRxN/neMhHJXZ0Ggbes1Jqg19B1gT4U2Rly71Q==', NULL, 0, 0, NULL, NULL, NULL, 'a:0:{}', 0, NULL, NULL, 'Frankie', 'Pouros', NULL, NULL, NULL, '2013-11-11 20:20:50', '2013-11-11 20:20:50'),
(5, NULL, NULL, 'award@example.com', 'award@example.com', 'award@example.com', 'award@example.com', 1, '7q5z0ool4vk8c84s488ooo84kwcso4o', 'yfiRcmBFkof6pe9p0PPYievyjDA3IFuloxE+VS+XE35m42l9wIW3gnVyUWcdE7J2qPR44OGV9B0WL1BAukd1Ng==', NULL, 0, 0, NULL, NULL, NULL, 'a:0:{}', 0, NULL, NULL, 'Charlene', 'Rosenbaum', NULL, NULL, NULL, '2013-11-11 20:20:50', '2013-11-11 20:20:50'),
(6, NULL, NULL, 'roxanne65@example.com', 'roxanne65@example.com', 'roxanne65@example.com', 'roxanne65@example.com', 0, 'es1bu6aaexsgscogc0sw84wcc8ook4o', 'NdOvaAtCe6yoE+dg+c7eUvppZ59BbRlajtgp+hTNKNCXSa2mbI+VPAwnXW7Z/FqkhuEUvFKYTLtVq0PoPtPcxg==', NULL, 0, 0, NULL, NULL, NULL, 'a:0:{}', 0, NULL, NULL, 'Armand', 'Wisoky', NULL, NULL, NULL, '2013-11-11 20:20:50', '2013-11-11 20:20:50'),
(7, NULL, NULL, 'jacobson.johnnie@example.com', 'jacobson.johnnie@example.com', 'jacobson.johnnie@example.com', 'jacobson.johnnie@example.com', 1, 'gpq6fngc60gs8wck8skwksck4wsw0ko', 'x3AfgTlvQEE/BLQ/5pHH5UL9F4+WzE3DU4XQRYmToCzWYfwa51HDNXuZ1kUw7xSqU3kEb4oLSJ8NExPD5N6UhA==', NULL, 0, 0, NULL, NULL, NULL, 'a:0:{}', 0, NULL, NULL, 'Kayleigh', 'Robel', NULL, NULL, NULL, '2013-11-11 20:20:50', '2013-11-11 20:20:50'),
(8, NULL, NULL, 'camylle.windler@example.com', 'camylle.windler@example.com', 'camylle.windler@example.com', 'camylle.windler@example.com', 0, '5xgi572zcd8gkk8cocswggg8g84kook', 'mPZn0KfauI8piPBllj644VDzoHMLBmfC4htPb1/4bG13HKECC5I4i/TKLTnZ6MXzDfeeJutJCVcmUOQxSaVPZA==', NULL, 0, 0, NULL, NULL, NULL, 'a:0:{}', 0, NULL, NULL, 'Savanna', 'DuBuque', NULL, NULL, NULL, '2013-11-11 20:20:50', '2013-11-11 20:20:50'),
(9, NULL, NULL, 'fbrakus@example.com', 'fbrakus@example.com', 'fbrakus@example.com', 'fbrakus@example.com', 1, 'lwk4b5wihk0k4gkkss8s0sw0c804kks', 'APLoF8//Lh8peAte3T0Q6lvgzuelucP19puVmLldk5UnQc1/Rx4wi8xFe/rkCU8EskhyUBWJ7ppJLawEYbO0+A==', NULL, 0, 0, NULL, NULL, NULL, 'a:0:{}', 0, NULL, NULL, 'Magali', 'Reilly', NULL, NULL, NULL, '2013-11-11 20:20:50', '2013-11-11 20:20:51'),
(10, NULL, NULL, 'nicolette17@example.com', 'nicolette17@example.com', 'nicolette17@example.com', 'nicolette17@example.com', 0, 'dh8j72nrfdsg4c80wg8g4g48ogg0c4o', 'lsqOWwp8KHhMIaVNDQ0Z7Ca/nJY+IjIBTwKiatSIe7LyzAlfPidIqN3ckD2hX1wJwtzU+WO9mMxYlPUIAr24Dg==', NULL, 0, 0, NULL, NULL, NULL, 'a:0:{}', 0, NULL, NULL, 'Richmond', 'Watsica', NULL, NULL, NULL, '2013-11-11 20:20:51', '2013-11-11 20:20:51'),
(11, NULL, NULL, 'frieda.altenwerth@example.com', 'frieda.altenwerth@example.com', 'frieda.altenwerth@example.com', 'frieda.altenwerth@example.com', 1, 'qwpu3kn932848oc00o0w8ggooss4wcw', 'cG5uKkpw+/ZoxVxQP9bMi73Inn7RMftFq3kP80hqIY5aO0eVk9/Baa8+OKuPmHdjjsjsD3DpteeTQeW7V4RS0A==', NULL, 0, 0, NULL, NULL, NULL, 'a:0:{}', 0, NULL, NULL, 'Jermaine', 'Frami', NULL, NULL, NULL, '2013-11-11 20:20:51', '2013-11-11 20:20:51'),
(12, NULL, NULL, 'cartwright.monserrate@example.com', 'cartwright.monserrate@example.com', 'cartwright.monserrate@example.com', 'cartwright.monserrate@example.com', 0, '2a0trfu5bfb4co0k4soc44ckc8okc4s', 'KudkibaKuGnWaY0+PCFQqi79Rwy6/Cy7CjWHnmPuSMXZRkJXCz9WlTDwbRvFpyKCaldhmdHROLgvrYLtwx3nAw==', NULL, 0, 0, NULL, NULL, NULL, 'a:0:{}', 0, NULL, NULL, 'Leonora', 'Littel', NULL, NULL, NULL, '2013-11-11 20:20:51', '2013-11-11 20:20:51'),
(13, NULL, NULL, 'ritchie.rebecca@example.com', 'ritchie.rebecca@example.com', 'ritchie.rebecca@example.com', 'ritchie.rebecca@example.com', 0, 'nin0yviml7kkg44ogsokw044cwg8o0k', 'tWS25laZKLGP0T+reA1ZOXZDE4aAi4EdWecCic4Ly/AmEe3BsgZz5POXfD0fVEbsrRokIZdyT/pxoB1v2bElag==', NULL, 0, 0, NULL, NULL, NULL, 'a:0:{}', 0, NULL, NULL, 'Amara', 'Hoppe', NULL, NULL, NULL, '2013-11-11 20:20:51', '2013-11-11 20:20:51'),
(14, NULL, NULL, 'fay24@example.com', 'fay24@example.com', 'fay24@example.com', 'fay24@example.com', 0, 'do4ouvsjlbksksocgkggsocoogg8k8w', 'djsWHtWIxImqYcIpqckMaJYb+YjjZZalqkaa1q770rGaj+MrthvE5JzAEKh6j9IMU9FhxfdIS729fh2dtmFqBA==', NULL, 0, 0, NULL, NULL, NULL, 'a:0:{}', 0, NULL, NULL, 'Kennedi', 'Pfannerstill', NULL, NULL, NULL, '2013-11-11 20:20:51', '2013-11-11 20:20:51'),
(15, NULL, NULL, 'ortiz.chanel@example.com', 'ortiz.chanel@example.com', 'ortiz.chanel@example.com', 'ortiz.chanel@example.com', 1, 'beaz2r6cho8wkgkg84cc4owgswgok8k', '1P8bdyIecsCdETVNaViKCQLtC4Uos3IipWnnyqFBo7t2xVktLryqSjxgq+9Ap61QlNc/WmJUkxQH0vodrzHctQ==', NULL, 0, 0, NULL, NULL, NULL, 'a:0:{}', 0, NULL, NULL, 'Hilda', 'Wolff', NULL, NULL, NULL, '2013-11-11 20:20:51', '2013-11-11 20:20:51'),
(16, NULL, NULL, 'flavie49@example.com', 'flavie49@example.com', 'flavie49@example.com', 'flavie49@example.com', 1, 'lf36ymqjk68kgkgsg40k4gkwok84440', '1efeVYtSmXvTqGYAaG6li0kTKhl633kMDhHgNRDfA+CA+UmBVPkm6GSctKR3Z7fqUguGIzCy0EqI7o1nMBKRiA==', NULL, 0, 0, NULL, NULL, NULL, 'a:0:{}', 0, NULL, NULL, 'Chyna', 'Hirthe', NULL, NULL, NULL, '2013-11-11 20:20:51', '2013-11-11 20:20:51'),
(17, NULL, NULL, 'demian@infinixsoft.com', 'demian@infinixsoft.com', 'demian@infinixsoft.com', 'demian@infinixsoft.com', 1, 'pf6aflmtl1cwwc4g8k0o4kcgwos8g4k', 'D0RTnr1Uv6FLLX95dy6mjnlvz5KNL2rNjrJFeSqoU9wjgK+LaQNmp+IxBfAH5oYZncd0HqL7xvKsxY9Olao2FQ==', NULL, 0, 0, NULL, NULL, NULL, 'a:1:{i:0;s:17:"ROLE_SYLIUS_ADMIN";}', 0, NULL, NULL, NULL, NULL, NULL, NULL, NULL, '2013-11-11 20:21:08', '2013-11-11 20:21:30');

-- --------------------------------------------------------

--
-- Table structure for table `sylius_user_address`
--

CREATE TABLE IF NOT EXISTS `sylius_user_address` (
  `user_id` int(11) NOT NULL,
  `address_id` int(11) NOT NULL,
  PRIMARY KEY (`user_id`,`address_id`),
  UNIQUE KEY `UNIQ_9185794AF5B7AF75` (`address_id`),
  KEY `IDX_9185794AA76ED395` (`user_id`)
) ENGINE=InnoDB DEFAULT CHARSET=utf8 COLLATE=utf8_unicode_ci;

-- --------------------------------------------------------

--
-- Table structure for table `sylius_user_group`
--

CREATE TABLE IF NOT EXISTS `sylius_user_group` (
  `user_id` int(11) NOT NULL,
  `group_id` int(11) NOT NULL,
  PRIMARY KEY (`user_id`,`group_id`),
  KEY `IDX_AA5D2779A76ED395` (`user_id`),
  KEY `IDX_AA5D2779FE54D947` (`group_id`)
) ENGINE=InnoDB DEFAULT CHARSET=utf8 COLLATE=utf8_unicode_ci;

-- --------------------------------------------------------

--
-- Table structure for table `sylius_variant`
--

CREATE TABLE IF NOT EXISTS `sylius_variant` (
  `id` int(11) NOT NULL AUTO_INCREMENT,
  `product_id` int(11) NOT NULL,
  `is_master` tinyint(1) NOT NULL,
  `presentation` varchar(255) COLLATE utf8_unicode_ci DEFAULT NULL,
  `available_on` datetime NOT NULL,
  `created_at` datetime NOT NULL,
  `updated_at` datetime DEFAULT NULL,
  `deleted_at` datetime DEFAULT NULL,
  `sku` varchar(255) COLLATE utf8_unicode_ci DEFAULT NULL,
  `price` int(11) NOT NULL,
  `on_hand` int(11) NOT NULL,
  `available_on_demand` tinyint(1) NOT NULL,
  PRIMARY KEY (`id`),
  KEY `IDX_457220744584665A` (`product_id`)
) ENGINE=InnoDB  DEFAULT CHARSET=utf8 COLLATE=utf8_unicode_ci AUTO_INCREMENT=841 ;

--
-- Dumping data for table `sylius_variant`
--

INSERT INTO `sylius_variant` (`id`, `product_id`, `is_master`, `presentation`, `available_on`, `created_at`, `updated_at`, `deleted_at`, `sku`, `price`, `on_hand`, `available_on_demand`) VALUES
(1, 1, 1, NULL, '2013-03-20 19:35:43', '2013-11-11 20:20:53', '2013-11-11 20:20:53', NULL, '66967', 2054, 5, 1),
(2, 1, 0, NULL, '2012-11-29 08:41:46', '2013-11-11 20:20:53', '2013-11-11 20:20:53', NULL, '6403', 8291, 5, 1),
(3, 1, 0, NULL, '2013-06-11 14:16:23', '2013-11-11 20:20:53', '2013-11-11 20:20:53', NULL, '84300', 4892, 4, 1),
(4, 1, 0, NULL, '2012-12-25 19:44:02', '2013-11-11 20:20:53', '2013-11-11 20:20:53', NULL, '11444', 9866, 5, 1),
(5, 1, 0, NULL, '2013-06-28 18:57:10', '2013-11-11 20:20:53', '2013-11-11 20:20:53', NULL, '26745', 4651, 0, 1),
(6, 1, 0, NULL, '2013-04-17 14:12:48', '2013-11-11 20:20:53', '2013-11-11 20:20:53', NULL, '48263', 4830, 0, 1),
(7, 1, 0, NULL, '2013-09-16 12:37:45', '2013-11-11 20:20:53', '2013-11-11 20:20:53', NULL, '88394', 1344, 9, 1),
(8, 1, 0, NULL, '2013-02-06 16:28:26', '2013-11-11 20:20:53', '2013-11-11 20:20:53', NULL, '44595', 2308, 2, 1),
(9, 1, 0, NULL, '2013-01-04 08:22:59', '2013-11-11 20:20:53', '2013-11-11 20:20:53', NULL, '29192', 9680, 0, 1),
(10, 1, 0, NULL, '2012-11-23 02:38:03', '2013-11-11 20:20:53', '2013-11-11 20:20:53', NULL, '89605', 793, 0, 1),
(11, 1, 0, NULL, '2013-02-02 19:46:55', '2013-11-11 20:20:53', '2013-11-11 20:20:53', NULL, '65510', 5661, 8, 1),
(12, 1, 0, NULL, '2013-01-13 20:58:01', '2013-11-11 20:20:53', '2013-11-11 20:20:53', NULL, '1472', 4359, 0, 1),
(13, 1, 0, NULL, '2013-03-28 12:47:48', '2013-11-11 20:20:53', '2013-11-11 20:20:53', NULL, '95330', 4966, 3, 1),
(14, 1, 0, NULL, '2013-01-01 01:36:02', '2013-11-11 20:20:53', '2013-11-11 20:20:53', NULL, '89936', 971, 3, 1),
(15, 1, 0, NULL, '2013-02-17 21:33:28', '2013-11-11 20:20:53', '2013-11-11 20:20:53', NULL, '12557', 909, 8, 1),
(16, 1, 0, NULL, '2013-05-05 18:04:19', '2013-11-11 20:20:53', '2013-11-11 20:20:53', NULL, '57007', 904, 4, 1),
(17, 2, 1, NULL, '2013-04-01 12:20:08', '2013-11-11 20:20:53', '2013-11-11 20:20:53', NULL, '19905', 1498, 2, 1),
(18, 2, 0, NULL, '2013-03-07 10:59:54', '2013-11-11 20:20:53', '2013-11-11 20:20:53', NULL, '42243', 7112, 6, 1),
(19, 2, 0, NULL, '2013-08-19 16:44:24', '2013-11-11 20:20:53', '2013-11-11 20:20:53', NULL, '7539', 7683, 1, 1),
(20, 2, 0, NULL, '2013-09-12 14:22:02', '2013-11-11 20:20:53', '2013-11-11 20:20:53', NULL, '15882', 6181, 2, 1),
(21, 3, 1, NULL, '2013-07-14 12:23:48', '2013-11-11 20:20:53', '2013-11-11 20:20:53', NULL, '80745', 7782, 8, 1),
(22, 3, 0, NULL, '2013-08-07 22:08:53', '2013-11-11 20:20:53', '2013-11-11 20:20:53', NULL, '63908', 7521, 7, 1),
(23, 3, 0, NULL, '2012-11-19 23:10:11', '2013-11-11 20:20:53', '2013-11-11 20:20:53', NULL, '71756', 9599, 9, 1),
(24, 3, 0, NULL, '2013-06-17 11:06:50', '2013-11-11 20:20:53', '2013-11-11 20:20:53', NULL, '83208', 9916, 7, 1),
(25, 4, 1, NULL, '2013-02-17 18:19:26', '2013-11-11 20:20:53', '2013-11-11 20:20:53', NULL, '11938', 449, 1, 1),
(26, 4, 0, NULL, '2013-02-17 00:25:03', '2013-11-11 20:20:53', '2013-11-11 20:20:53', NULL, '79264', 4076, 0, 1),
(27, 4, 0, NULL, '2013-05-26 07:22:06', '2013-11-11 20:20:53', '2013-11-11 20:20:53', NULL, '82920', 677, 7, 1),
(28, 4, 0, NULL, '2012-12-15 04:54:58', '2013-11-11 20:20:53', '2013-11-11 20:20:53', NULL, '7552', 1491, 9, 1),
(29, 5, 1, NULL, '2013-02-01 22:10:52', '2013-11-11 20:20:53', '2013-11-11 20:20:53', NULL, '16413', 8902, 4, 1),
(30, 5, 0, NULL, '2012-12-09 07:30:14', '2013-11-11 20:20:53', '2013-11-11 20:20:53', NULL, '81073', 9276, 8, 1),
(31, 5, 0, NULL, '2013-01-20 23:30:12', '2013-11-11 20:20:53', '2013-11-11 20:20:53', NULL, '81504', 4383, 3, 1),
(32, 5, 0, NULL, '2013-03-12 11:46:14', '2013-11-11 20:20:53', '2013-11-11 20:20:53', NULL, '22184', 9450, 6, 1),
(33, 5, 0, NULL, '2013-05-12 15:12:21', '2013-11-11 20:20:53', '2013-11-11 20:20:53', NULL, '29504', 3296, 3, 1),
(34, 5, 0, NULL, '2013-09-25 09:20:44', '2013-11-11 20:20:53', '2013-11-11 20:20:53', NULL, '54236', 6991, 9, 1),
(35, 5, 0, NULL, '2013-08-12 14:27:44', '2013-11-11 20:20:53', '2013-11-11 20:20:53', NULL, '98224', 9500, 0, 1),
(36, 5, 0, NULL, '2013-02-12 04:33:13', '2013-11-11 20:20:53', '2013-11-11 20:20:53', NULL, '3345', 5442, 8, 1),
(37, 5, 0, NULL, '2013-01-31 03:54:21', '2013-11-11 20:20:53', '2013-11-11 20:20:53', NULL, '25452', 2566, 7, 1),
(38, 5, 0, NULL, '2013-02-28 12:14:51', '2013-11-11 20:20:53', '2013-11-11 20:20:53', NULL, '41937', 4494, 2, 1),
(39, 5, 0, NULL, '2013-06-10 07:46:46', '2013-11-11 20:20:53', '2013-11-11 20:20:53', NULL, '12843', 8477, 2, 1),
(40, 5, 0, NULL, '2013-08-01 13:18:17', '2013-11-11 20:20:53', '2013-11-11 20:20:53', NULL, '58717', 2709, 7, 1),
(41, 5, 0, NULL, '2013-10-28 19:24:58', '2013-11-11 20:20:53', '2013-11-11 20:20:53', NULL, '49142', 3712, 5, 1),
(42, 5, 0, NULL, '2013-03-16 11:29:55', '2013-11-11 20:20:53', '2013-11-11 20:20:53', NULL, '60843', 4779, 0, 1),
(43, 5, 0, NULL, '2013-10-24 07:50:28', '2013-11-11 20:20:53', '2013-11-11 20:20:53', NULL, '22337', 9028, 8, 1),
(44, 5, 0, NULL, '2013-05-22 16:33:41', '2013-11-11 20:20:53', '2013-11-11 20:20:53', NULL, '77228', 6568, 8, 1),
(45, 6, 1, NULL, '2013-09-14 07:31:43', '2013-11-11 20:20:53', '2013-11-11 20:20:54', NULL, '82503', 127, 3, 1),
(46, 6, 0, NULL, '2013-08-11 12:11:48', '2013-11-11 20:20:53', '2013-11-11 20:20:54', NULL, '99795', 7899, 3, 1),
(47, 6, 0, NULL, '2013-05-01 20:57:23', '2013-11-11 20:20:53', '2013-11-11 20:20:54', NULL, '79051', 9999, 9, 1),
(48, 6, 0, NULL, '2013-10-09 10:46:38', '2013-11-11 20:20:53', '2013-11-11 20:20:54', NULL, '31873', 1792, 6, 1),
(49, 6, 0, NULL, '2012-12-30 00:52:43', '2013-11-11 20:20:53', '2013-11-11 20:20:54', NULL, '16648', 1917, 4, 1),
(50, 6, 0, NULL, '2013-04-20 05:12:21', '2013-11-11 20:20:53', '2013-11-11 20:20:54', NULL, '97061', 5898, 9, 1),
(51, 6, 0, NULL, '2012-12-14 08:44:00', '2013-11-11 20:20:54', '2013-11-11 20:20:54', NULL, '25117', 4127, 5, 1),
(52, 6, 0, NULL, '2013-04-26 04:17:12', '2013-11-11 20:20:54', '2013-11-11 20:20:54', NULL, '33153', 2129, 0, 1),
(53, 6, 0, NULL, '2013-02-03 14:01:13', '2013-11-11 20:20:54', '2013-11-11 20:20:54', NULL, '69885', 711, 8, 1),
(54, 6, 0, NULL, '2013-09-30 22:20:14', '2013-11-11 20:20:54', '2013-11-11 20:20:54', NULL, '93555', 6236, 9, 1),
(55, 6, 0, NULL, '2013-05-03 14:33:44', '2013-11-11 20:20:54', '2013-11-11 20:20:54', NULL, '3425', 4732, 0, 1),
(56, 6, 0, NULL, '2013-07-22 01:26:36', '2013-11-11 20:20:54', '2013-11-11 20:20:54', NULL, '39515', 5515, 5, 1),
(57, 6, 0, NULL, '2013-07-27 23:03:09', '2013-11-11 20:20:54', '2013-11-11 20:20:54', NULL, '34632', 3373, 4, 1),
(58, 6, 0, NULL, '2012-12-28 19:13:03', '2013-11-11 20:20:54', '2013-11-11 20:20:54', NULL, '36452', 7116, 0, 1),
(59, 6, 0, NULL, '2013-03-23 15:45:06', '2013-11-11 20:20:54', '2013-11-11 20:20:54', NULL, '71194', 8360, 1, 1),
(60, 6, 0, NULL, '2012-11-21 04:35:49', '2013-11-11 20:20:54', '2013-11-11 20:20:54', NULL, '51848', 7855, 6, 1),
(61, 7, 1, NULL, '2013-08-23 19:57:29', '2013-11-11 20:20:54', '2013-11-11 20:20:54', NULL, '655975849', 7882, 9, 1),
(62, 8, 1, NULL, '2013-08-31 12:52:28', '2013-11-11 20:20:54', '2013-11-11 20:20:54', NULL, '91536', 9561, 3, 1),
(63, 8, 0, NULL, '2013-05-04 03:54:50', '2013-11-11 20:20:54', '2013-11-11 20:20:54', NULL, '38388', 2552, 0, 1),
(64, 8, 0, NULL, '2013-03-03 15:07:11', '2013-11-11 20:20:54', '2013-11-11 20:20:54', NULL, '71671', 9467, 1, 1),
(65, 8, 0, NULL, '2013-10-30 13:56:57', '2013-11-11 20:20:54', '2013-11-11 20:20:54', NULL, '81663', 9740, 2, 1),
(66, 8, 0, NULL, '2013-01-25 14:12:31', '2013-11-11 20:20:54', '2013-11-11 20:20:54', NULL, '47234', 9132, 1, 1),
(67, 8, 0, NULL, '2013-10-26 08:27:49', '2013-11-11 20:20:54', '2013-11-11 20:20:54', NULL, '13664', 3800, 5, 1),
(68, 8, 0, NULL, '2013-01-23 07:50:41', '2013-11-11 20:20:54', '2013-11-11 20:20:54', NULL, '9257', 9854, 3, 1),
(69, 8, 0, NULL, '2013-04-21 19:45:49', '2013-11-11 20:20:54', '2013-11-11 20:20:54', NULL, '10596', 6873, 8, 1),
(70, 8, 0, NULL, '2012-12-10 02:23:35', '2013-11-11 20:20:54', '2013-11-11 20:20:54', NULL, '71424', 3078, 7, 1),
(71, 8, 0, NULL, '2013-08-16 12:46:35', '2013-11-11 20:20:54', '2013-11-11 20:20:54', NULL, '24311', 5680, 3, 1),
(72, 8, 0, NULL, '2013-07-14 23:13:10', '2013-11-11 20:20:54', '2013-11-11 20:20:54', NULL, '55613', 8341, 0, 1),
(73, 8, 0, NULL, '2013-01-23 17:07:32', '2013-11-11 20:20:54', '2013-11-11 20:20:54', NULL, '15798', 8590, 1, 1),
(74, 8, 0, NULL, '2013-05-09 13:44:17', '2013-11-11 20:20:54', '2013-11-11 20:20:54', NULL, '53234', 1203, 1, 1),
(75, 8, 0, NULL, '2012-11-27 19:52:33', '2013-11-11 20:20:54', '2013-11-11 20:20:54', NULL, '48979', 8667, 3, 1),
(76, 8, 0, NULL, '2012-12-09 17:10:26', '2013-11-11 20:20:54', '2013-11-11 20:20:54', NULL, '76529', 8816, 5, 1),
(77, 8, 0, NULL, '2013-08-23 16:19:22', '2013-11-11 20:20:54', '2013-11-11 20:20:54', NULL, '69554', 1829, 4, 1),
(78, 9, 1, NULL, '2013-06-16 14:35:22', '2013-11-11 20:20:54', '2013-11-11 20:20:54', NULL, '65764', 4241, 1, 1),
(79, 9, 0, NULL, '2013-07-31 23:18:34', '2013-11-11 20:20:54', '2013-11-11 20:20:54', NULL, '73559', 2268, 6, 1),
(80, 9, 0, NULL, '2012-11-23 20:26:25', '2013-11-11 20:20:54', '2013-11-11 20:20:54', NULL, '85115', 6637, 6, 1),
(81, 9, 0, NULL, '2013-08-17 22:11:48', '2013-11-11 20:20:54', '2013-11-11 20:20:54', NULL, '57963', 5072, 8, 1),
(82, 9, 0, NULL, '2012-12-05 12:23:02', '2013-11-11 20:20:54', '2013-11-11 20:20:54', NULL, '80523', 5799, 0, 1),
(83, 9, 0, NULL, '2012-11-26 02:29:23', '2013-11-11 20:20:54', '2013-11-11 20:20:54', NULL, '45851', 9796, 9, 1),
(84, 9, 0, NULL, '2013-03-10 13:29:59', '2013-11-11 20:20:54', '2013-11-11 20:20:54', NULL, '60659', 8980, 5, 1),
(85, 9, 0, NULL, '2013-05-09 09:28:10', '2013-11-11 20:20:54', '2013-11-11 20:20:54', NULL, '16624', 1171, 9, 1),
(86, 9, 0, NULL, '2013-01-19 23:49:54', '2013-11-11 20:20:54', '2013-11-11 20:20:54', NULL, '50730', 7438, 3, 1),
(87, 9, 0, NULL, '2013-04-17 11:56:22', '2013-11-11 20:20:54', '2013-11-11 20:20:54', NULL, '75767', 4452, 5, 1),
(88, 9, 0, NULL, '2013-10-15 19:50:51', '2013-11-11 20:20:54', '2013-11-11 20:20:54', NULL, '99875', 2362, 3, 1),
(89, 9, 0, NULL, '2013-06-17 03:11:17', '2013-11-11 20:20:54', '2013-11-11 20:20:54', NULL, '29665', 824, 0, 1),
(90, 9, 0, NULL, '2012-12-09 05:18:28', '2013-11-11 20:20:54', '2013-11-11 20:20:54', NULL, '86131', 9643, 7, 1),
(91, 9, 0, NULL, '2013-07-04 07:58:08', '2013-11-11 20:20:54', '2013-11-11 20:20:54', NULL, '68502', 4751, 8, 1),
(92, 9, 0, NULL, '2013-01-20 16:29:51', '2013-11-11 20:20:54', '2013-11-11 20:20:54', NULL, '46189', 6538, 0, 1),
(93, 9, 0, NULL, '2013-03-16 22:12:02', '2013-11-11 20:20:54', '2013-11-11 20:20:54', NULL, '35308', 4465, 8, 1),
(94, 10, 1, NULL, '2013-03-23 00:10:54', '2013-11-11 20:20:54', '2013-11-11 20:20:54', NULL, '82122', 8049, 7, 1),
(95, 10, 0, NULL, '2012-11-16 05:01:13', '2013-11-11 20:20:54', '2013-11-11 20:20:54', NULL, '15194', 4922, 1, 1),
(96, 10, 0, NULL, '2013-01-21 22:36:01', '2013-11-11 20:20:54', '2013-11-11 20:20:54', NULL, '10422', 7856, 4, 1),
(97, 10, 0, NULL, '2013-04-16 02:10:50', '2013-11-11 20:20:54', '2013-11-11 20:20:54', NULL, '12968', 5575, 6, 1),
(98, 11, 1, NULL, '2012-12-20 09:30:09', '2013-11-11 20:20:54', '2013-11-11 20:20:54', NULL, '61938', 7759, 7, 1),
(99, 11, 0, NULL, '2013-08-29 23:17:26', '2013-11-11 20:20:54', '2013-11-11 20:20:54', NULL, '15309', 104, 6, 1),
(100, 11, 0, NULL, '2013-08-11 20:46:27', '2013-11-11 20:20:54', '2013-11-11 20:20:54', NULL, '1572', 9965, 3, 1),
(101, 11, 0, NULL, '2013-09-28 20:34:29', '2013-11-11 20:20:54', '2013-11-11 20:20:54', NULL, '27506', 7898, 2, 1),
(102, 11, 0, NULL, '2013-08-07 08:47:06', '2013-11-11 20:20:54', '2013-11-11 20:20:54', NULL, '54689', 6058, 0, 1),
(103, 11, 0, NULL, '2013-02-05 20:23:21', '2013-11-11 20:20:54', '2013-11-11 20:20:54', NULL, '96663', 5346, 7, 1),
(104, 11, 0, NULL, '2013-08-10 13:17:29', '2013-11-11 20:20:54', '2013-11-11 20:20:54', NULL, '77933', 7144, 1, 1),
(105, 11, 0, NULL, '2013-09-17 04:11:12', '2013-11-11 20:20:54', '2013-11-11 20:20:54', NULL, '4707', 3050, 0, 1),
(106, 11, 0, NULL, '2013-02-12 00:06:05', '2013-11-11 20:20:54', '2013-11-11 20:20:54', NULL, '99641', 392, 7, 1),
(107, 11, 0, NULL, '2013-03-20 17:46:50', '2013-11-11 20:20:54', '2013-11-11 20:20:54', NULL, '73478', 7695, 3, 1),
(108, 11, 0, NULL, '2013-11-07 07:04:01', '2013-11-11 20:20:54', '2013-11-11 20:20:54', NULL, '26267', 8827, 1, 1),
(109, 11, 0, NULL, '2012-11-25 22:35:56', '2013-11-11 20:20:54', '2013-11-11 20:20:54', NULL, '38584', 860, 6, 1),
(110, 11, 0, NULL, '2013-05-03 06:43:52', '2013-11-11 20:20:54', '2013-11-11 20:20:54', NULL, '5372', 7459, 1, 1),
(111, 11, 0, NULL, '2013-06-17 03:36:51', '2013-11-11 20:20:54', '2013-11-11 20:20:54', NULL, '21335', 4729, 6, 1),
(112, 11, 0, NULL, '2013-09-17 03:45:17', '2013-11-11 20:20:54', '2013-11-11 20:20:54', NULL, '46601', 7810, 1, 1),
(113, 11, 0, NULL, '2013-01-11 20:00:07', '2013-11-11 20:20:54', '2013-11-11 20:20:54', NULL, '60832', 1871, 3, 1),
(114, 12, 1, NULL, '2013-05-31 16:32:48', '2013-11-11 20:20:54', '2013-11-11 20:20:54', NULL, '3333', 6383, 1, 1),
(115, 12, 0, NULL, '2013-08-08 09:55:02', '2013-11-11 20:20:54', '2013-11-11 20:20:54', NULL, '19966', 8816, 1, 1),
(116, 12, 0, NULL, '2012-11-20 17:23:49', '2013-11-11 20:20:54', '2013-11-11 20:20:54', NULL, '27947', 3206, 8, 1),
(117, 12, 0, NULL, '2013-08-11 10:02:02', '2013-11-11 20:20:54', '2013-11-11 20:20:54', NULL, '53668', 7929, 1, 1),
(118, 13, 1, NULL, '2012-12-27 11:00:42', '2013-11-11 20:20:54', '2013-11-11 20:20:54', NULL, '3317', 8850, 6, 1),
(119, 13, 0, NULL, '2013-03-10 16:58:11', '2013-11-11 20:20:54', '2013-11-11 20:20:54', NULL, '47663', 3142, 4, 1),
(120, 13, 0, NULL, '2012-11-25 21:24:00', '2013-11-11 20:20:54', '2013-11-11 20:20:54', NULL, '73348', 597, 9, 1),
(121, 13, 0, NULL, '2013-09-13 02:40:48', '2013-11-11 20:20:54', '2013-11-11 20:20:54', NULL, '449', 5666, 2, 1),
(122, 14, 1, NULL, '2013-02-13 14:30:12', '2013-11-11 20:20:54', '2013-11-11 20:20:54', NULL, '3801', 6085, 5, 1),
(123, 14, 0, NULL, '2012-11-24 19:18:32', '2013-11-11 20:20:54', '2013-11-11 20:20:54', NULL, '30363', 8906, 0, 1),
(124, 14, 0, NULL, '2013-11-02 14:02:16', '2013-11-11 20:20:54', '2013-11-11 20:20:54', NULL, '45802', 4424, 3, 1),
(125, 14, 0, NULL, '2013-06-08 06:29:48', '2013-11-11 20:20:54', '2013-11-11 20:20:54', NULL, '87146', 4121, 8, 1),
(126, 15, 1, NULL, '2013-09-21 07:45:49', '2013-11-11 20:20:54', '2013-11-11 20:20:54', NULL, '18030', 1759, 6, 1),
(127, 15, 0, NULL, '2013-06-11 15:44:00', '2013-11-11 20:20:54', '2013-11-11 20:20:54', NULL, '50702', 2854, 3, 1),
(128, 15, 0, NULL, '2013-05-13 15:07:50', '2013-11-11 20:20:54', '2013-11-11 20:20:54', NULL, '19208', 2494, 0, 1),
(129, 15, 0, NULL, '2013-06-05 01:09:30', '2013-11-11 20:20:54', '2013-11-11 20:20:54', NULL, '71086', 5384, 6, 1),
(130, 16, 1, NULL, '2012-11-21 17:55:40', '2013-11-11 20:20:54', '2013-11-11 20:20:54', NULL, '78041', 1915, 9, 1),
(131, 16, 0, NULL, '2013-06-24 09:55:21', '2013-11-11 20:20:54', '2013-11-11 20:20:54', NULL, '66912', 4518, 2, 1),
(132, 16, 0, NULL, '2013-06-15 10:32:21', '2013-11-11 20:20:54', '2013-11-11 20:20:54', NULL, '46993', 6062, 2, 1),
(133, 16, 0, NULL, '2013-09-03 07:48:24', '2013-11-11 20:20:54', '2013-11-11 20:20:54', NULL, '28872', 6140, 5, 1),
(134, 17, 1, NULL, '2013-07-18 22:48:10', '2013-11-11 20:20:54', '2013-11-11 20:20:54', NULL, '59091', 3605, 3, 1),
(135, 17, 0, NULL, '2013-08-24 22:29:08', '2013-11-11 20:20:54', '2013-11-11 20:20:54', NULL, '54677', 9322, 5, 1),
(136, 17, 0, NULL, '2013-11-01 06:49:39', '2013-11-11 20:20:54', '2013-11-11 20:20:54', NULL, '34879', 3670, 2, 1),
(137, 17, 0, NULL, '2013-05-04 10:35:47', '2013-11-11 20:20:54', '2013-11-11 20:20:54', NULL, '45653', 1475, 1, 1),
(138, 18, 1, NULL, '2013-05-12 03:35:44', '2013-11-11 20:20:54', '2013-11-11 20:20:54', NULL, '1107425227', 4823, 5, 1),
(139, 19, 1, NULL, '2013-06-12 08:00:21', '2013-11-11 20:20:54', '2013-11-11 20:20:54', NULL, '71947', 3050, 7, 1),
(140, 19, 0, NULL, '2013-02-09 18:42:01', '2013-11-11 20:20:54', '2013-11-11 20:20:54', NULL, '17147', 7257, 2, 1),
(141, 19, 0, NULL, '2013-08-09 16:59:13', '2013-11-11 20:20:54', '2013-11-11 20:20:54', NULL, '70004', 5875, 3, 1),
(142, 19, 0, NULL, '2013-04-02 17:37:24', '2013-11-11 20:20:54', '2013-11-11 20:20:54', NULL, '40943', 5553, 6, 1),
(143, 20, 1, NULL, '2013-02-02 17:01:30', '2013-11-11 20:20:54', '2013-11-11 20:20:54', NULL, '17459', 4898, 4, 1),
(144, 20, 0, NULL, '2013-06-13 13:55:58', '2013-11-11 20:20:54', '2013-11-11 20:20:54', NULL, '49302', 4843, 2, 1),
(145, 20, 0, NULL, '2013-06-08 21:54:16', '2013-11-11 20:20:54', '2013-11-11 20:20:54', NULL, '94679', 520, 3, 1),
(146, 20, 0, NULL, '2013-02-13 16:00:29', '2013-11-11 20:20:54', '2013-11-11 20:20:54', NULL, '76373', 677, 7, 1),
(147, 20, 0, NULL, '2013-04-11 23:56:08', '2013-11-11 20:20:54', '2013-11-11 20:20:54', NULL, '56157', 5148, 4, 1),
(148, 20, 0, NULL, '2012-12-07 11:09:37', '2013-11-11 20:20:54', '2013-11-11 20:20:54', NULL, '35393', 6371, 3, 1),
(149, 20, 0, NULL, '2013-06-25 19:09:08', '2013-11-11 20:20:54', '2013-11-11 20:20:54', NULL, '18995', 1408, 2, 1),
(150, 20, 0, NULL, '2013-06-18 15:02:43', '2013-11-11 20:20:54', '2013-11-11 20:20:54', NULL, '18743', 8060, 9, 1),
(151, 20, 0, NULL, '2012-11-17 15:44:05', '2013-11-11 20:20:54', '2013-11-11 20:20:54', NULL, '60975', 778, 8, 1),
(152, 20, 0, NULL, '2013-09-10 10:00:05', '2013-11-11 20:20:54', '2013-11-11 20:20:54', NULL, '66082', 8342, 8, 1),
(153, 20, 0, NULL, '2013-01-29 01:55:43', '2013-11-11 20:20:54', '2013-11-11 20:20:54', NULL, '14732', 2133, 7, 1),
(154, 20, 0, NULL, '2013-09-19 00:24:12', '2013-11-11 20:20:54', '2013-11-11 20:20:54', NULL, '88186', 9952, 8, 1),
(155, 20, 0, NULL, '2013-04-22 18:47:33', '2013-11-11 20:20:54', '2013-11-11 20:20:54', NULL, '11425', 4675, 8, 1),
(156, 20, 0, NULL, '2013-05-20 23:47:10', '2013-11-11 20:20:54', '2013-11-11 20:20:54', NULL, '61485', 1296, 4, 1),
(157, 20, 0, NULL, '2013-05-12 11:13:45', '2013-11-11 20:20:54', '2013-11-11 20:20:54', NULL, '77937', 5889, 5, 1),
(158, 20, 0, NULL, '2013-08-18 08:48:49', '2013-11-11 20:20:54', '2013-11-11 20:20:54', NULL, '23429', 1540, 8, 1),
(159, 21, 1, NULL, '2013-02-08 21:36:13', '2013-11-11 20:20:55', '2013-11-11 20:20:55', NULL, '22758', 6457, 1, 1),
(160, 21, 0, NULL, '2012-11-23 09:45:38', '2013-11-11 20:20:55', '2013-11-11 20:20:55', NULL, '24568', 2359, 6, 1),
(161, 21, 0, NULL, '2013-09-07 01:22:38', '2013-11-11 20:20:55', '2013-11-11 20:20:55', NULL, '29673', 6886, 1, 1),
(162, 21, 0, NULL, '2013-03-15 06:24:24', '2013-11-11 20:20:55', '2013-11-11 20:20:55', NULL, '98653', 414, 3, 1),
(163, 22, 1, NULL, '2013-06-06 14:51:16', '2013-11-11 20:20:55', '2013-11-11 20:20:55', NULL, '37139', 2354, 2, 1),
(164, 22, 0, NULL, '2012-11-14 18:50:39', '2013-11-11 20:20:55', '2013-11-11 20:20:55', NULL, '96594', 7896, 9, 1),
(165, 22, 0, NULL, '2013-11-09 00:21:14', '2013-11-11 20:20:55', '2013-11-11 20:20:55', NULL, '50049', 5078, 7, 1),
(166, 22, 0, NULL, '2013-03-02 17:27:43', '2013-11-11 20:20:55', '2013-11-11 20:20:55', NULL, '18150', 1835, 7, 1),
(167, 23, 1, NULL, '2013-05-24 00:57:38', '2013-11-11 20:20:55', '2013-11-11 20:20:55', NULL, '76928', 5075, 0, 1),
(168, 23, 0, NULL, '2013-10-27 06:21:18', '2013-11-11 20:20:55', '2013-11-11 20:20:55', NULL, '56122', 9740, 7, 1),
(169, 23, 0, NULL, '2013-09-02 03:34:23', '2013-11-11 20:20:55', '2013-11-11 20:20:55', NULL, '34902', 5863, 2, 1),
(170, 23, 0, NULL, '2013-05-27 11:48:28', '2013-11-11 20:20:55', '2013-11-11 20:20:55', NULL, '64281', 1694, 6, 1),
(171, 24, 1, NULL, '2013-06-18 13:45:40', '2013-11-11 20:20:55', '2013-11-11 20:20:55', NULL, '27389', 2860, 7, 1),
(172, 24, 0, NULL, '2013-06-11 01:32:20', '2013-11-11 20:20:55', '2013-11-11 20:20:55', NULL, '29935', 2767, 1, 1),
(173, 24, 0, NULL, '2013-10-04 16:41:09', '2013-11-11 20:20:55', '2013-11-11 20:20:55', NULL, '96959', 6246, 0, 1),
(174, 24, 0, NULL, '2013-05-10 21:28:44', '2013-11-11 20:20:55', '2013-11-11 20:20:55', NULL, '95220', 5205, 0, 1),
(175, 24, 0, NULL, '2013-06-05 05:32:13', '2013-11-11 20:20:55', '2013-11-11 20:20:55', NULL, '12962', 2680, 1, 1),
(176, 24, 0, NULL, '2013-08-26 16:18:00', '2013-11-11 20:20:55', '2013-11-11 20:20:55', NULL, '35387', 9118, 0, 1),
(177, 24, 0, NULL, '2012-11-28 16:13:46', '2013-11-11 20:20:55', '2013-11-11 20:20:55', NULL, '87755', 7337, 8, 1),
(178, 24, 0, NULL, '2012-12-12 20:55:46', '2013-11-11 20:20:55', '2013-11-11 20:20:55', NULL, '14279', 6657, 0, 1),
(179, 24, 0, NULL, '2012-11-21 11:27:49', '2013-11-11 20:20:55', '2013-11-11 20:20:55', NULL, '62238', 9778, 7, 1),
(180, 24, 0, NULL, '2013-09-23 03:15:25', '2013-11-11 20:20:55', '2013-11-11 20:20:55', NULL, '29838', 9106, 8, 1),
(181, 24, 0, NULL, '2013-05-15 16:06:26', '2013-11-11 20:20:55', '2013-11-11 20:20:55', NULL, '6137', 6543, 5, 1),
(182, 24, 0, NULL, '2013-09-06 07:42:39', '2013-11-11 20:20:55', '2013-11-11 20:20:55', NULL, '42508', 7792, 9, 1),
(183, 24, 0, NULL, '2013-06-01 17:16:22', '2013-11-11 20:20:55', '2013-11-11 20:20:55', NULL, '57208', 7331, 6, 1),
(184, 24, 0, NULL, '2013-05-11 18:31:46', '2013-11-11 20:20:55', '2013-11-11 20:20:55', NULL, '78570', 2084, 6, 1),
(185, 24, 0, NULL, '2013-06-06 06:23:00', '2013-11-11 20:20:55', '2013-11-11 20:20:55', NULL, '72635', 4599, 7, 1),
(186, 24, 0, NULL, '2013-10-18 01:02:31', '2013-11-11 20:20:55', '2013-11-11 20:20:55', NULL, '97672', 4155, 0, 1),
(187, 25, 1, NULL, '2013-09-05 23:28:47', '2013-11-11 20:20:55', '2013-11-11 20:20:55', NULL, '64469', 6820, 6, 1),
(188, 25, 0, NULL, '2013-06-06 03:59:16', '2013-11-11 20:20:55', '2013-11-11 20:20:55', NULL, '62291', 9902, 6, 1),
(189, 25, 0, NULL, '2013-02-12 14:17:52', '2013-11-11 20:20:55', '2013-11-11 20:20:55', NULL, '36773', 4071, 5, 1),
(190, 25, 0, NULL, '2013-05-17 19:38:09', '2013-11-11 20:20:55', '2013-11-11 20:20:55', NULL, '62411', 6011, 2, 1),
(191, 26, 1, NULL, '2013-07-09 12:14:59', '2013-11-11 20:20:55', '2013-11-11 20:20:55', NULL, '735831172', 2378, 6, 1),
(192, 27, 1, NULL, '2013-07-19 20:30:49', '2013-11-11 20:20:55', '2013-11-11 20:20:55', NULL, '22124', 3491, 6, 1),
(193, 27, 0, NULL, '2013-02-07 01:02:20', '2013-11-11 20:20:55', '2013-11-11 20:20:55', NULL, '37709', 3036, 6, 1),
(194, 27, 0, NULL, '2013-01-09 12:47:58', '2013-11-11 20:20:55', '2013-11-11 20:20:55', NULL, '80723', 5012, 1, 1),
(195, 27, 0, NULL, '2013-03-20 04:50:31', '2013-11-11 20:20:55', '2013-11-11 20:20:55', NULL, '69961', 9297, 4, 1),
(196, 27, 0, NULL, '2013-05-10 19:23:20', '2013-11-11 20:20:55', '2013-11-11 20:20:55', NULL, '14431', 9295, 3, 1),
(197, 27, 0, NULL, '2013-03-26 01:49:06', '2013-11-11 20:20:55', '2013-11-11 20:20:55', NULL, '11961', 6952, 8, 1),
(198, 27, 0, NULL, '2012-12-28 06:02:18', '2013-11-11 20:20:55', '2013-11-11 20:20:55', NULL, '97690', 2893, 9, 1),
(199, 27, 0, NULL, '2013-05-04 12:14:47', '2013-11-11 20:20:55', '2013-11-11 20:20:55', NULL, '66875', 6875, 8, 1),
(200, 27, 0, NULL, '2013-06-30 16:19:14', '2013-11-11 20:20:55', '2013-11-11 20:20:55', NULL, '92107', 1742, 5, 1),
(201, 27, 0, NULL, '2013-05-13 01:05:03', '2013-11-11 20:20:55', '2013-11-11 20:20:55', NULL, '55288', 3357, 6, 1),
(202, 27, 0, NULL, '2013-06-28 02:31:32', '2013-11-11 20:20:55', '2013-11-11 20:20:55', NULL, '35279', 2541, 9, 1),
(203, 27, 0, NULL, '2013-02-14 10:40:26', '2013-11-11 20:20:55', '2013-11-11 20:20:55', NULL, '99755', 4683, 5, 1),
(204, 27, 0, NULL, '2013-05-26 03:51:16', '2013-11-11 20:20:55', '2013-11-11 20:20:55', NULL, '30590', 7395, 2, 1),
(205, 27, 0, NULL, '2013-06-09 21:55:47', '2013-11-11 20:20:55', '2013-11-11 20:20:55', NULL, '24848', 9206, 0, 1),
(206, 27, 0, NULL, '2013-08-21 21:52:27', '2013-11-11 20:20:55', '2013-11-11 20:20:55', NULL, '69866', 2068, 8, 1),
(207, 27, 0, NULL, '2013-05-11 12:19:09', '2013-11-11 20:20:55', '2013-11-11 20:20:55', NULL, '60369', 9358, 1, 1),
(208, 28, 1, NULL, '2013-06-18 18:33:51', '2013-11-11 20:20:55', '2013-11-11 20:20:55', NULL, '1170158109', 7407, 9, 1),
(209, 29, 1, NULL, '2013-10-25 10:17:33', '2013-11-11 20:20:55', '2013-11-11 20:20:55', NULL, '88525', 208, 1, 1),
(210, 29, 0, NULL, '2013-05-26 06:44:20', '2013-11-11 20:20:55', '2013-11-11 20:20:55', NULL, '1723', 127, 9, 1),
(211, 29, 0, NULL, '2013-04-12 12:21:44', '2013-11-11 20:20:55', '2013-11-11 20:20:55', NULL, '16224', 5609, 3, 1),
(212, 29, 0, NULL, '2013-05-17 17:28:50', '2013-11-11 20:20:55', '2013-11-11 20:20:55', NULL, '31122', 9050, 3, 1),
(213, 30, 1, NULL, '2013-07-16 16:42:02', '2013-11-11 20:20:55', '2013-11-11 20:20:55', NULL, '79596', 6703, 7, 1),
(214, 30, 0, NULL, '2013-06-19 20:34:40', '2013-11-11 20:20:55', '2013-11-11 20:20:55', NULL, '69044', 116, 6, 1),
(215, 30, 0, NULL, '2013-06-03 21:35:14', '2013-11-11 20:20:55', '2013-11-11 20:20:55', NULL, '15023', 1856, 4, 1),
(216, 30, 0, NULL, '2013-02-01 06:14:10', '2013-11-11 20:20:55', '2013-11-11 20:20:55', NULL, '16676', 859, 4, 1),
(217, 31, 1, NULL, '2013-04-15 07:33:01', '2013-11-11 20:20:55', '2013-11-11 20:20:55', NULL, '44601', 5620, 7, 1),
(218, 31, 0, NULL, '2013-04-20 01:14:07', '2013-11-11 20:20:55', '2013-11-11 20:20:55', NULL, '63915', 2178, 3, 1),
(219, 31, 0, NULL, '2013-05-26 03:38:34', '2013-11-11 20:20:55', '2013-11-11 20:20:55', NULL, '34138', 2898, 9, 1),
(220, 31, 0, NULL, '2013-09-07 22:54:40', '2013-11-11 20:20:55', '2013-11-11 20:20:55', NULL, '62301', 2896, 8, 1),
(221, 32, 1, NULL, '2012-12-24 00:52:26', '2013-11-11 20:20:55', '2013-11-11 20:20:55', NULL, '79644', 7048, 6, 1),
(222, 32, 0, NULL, '2012-12-08 20:50:53', '2013-11-11 20:20:55', '2013-11-11 20:20:55', NULL, '52367', 9034, 8, 1),
(223, 32, 0, NULL, '2013-04-30 05:00:44', '2013-11-11 20:20:55', '2013-11-11 20:20:55', NULL, '81525', 4453, 1, 1),
(224, 32, 0, NULL, '2012-12-23 18:27:26', '2013-11-11 20:20:55', '2013-11-11 20:20:55', NULL, '51180', 9513, 6, 1),
(225, 32, 0, NULL, '2013-08-11 15:42:59', '2013-11-11 20:20:55', '2013-11-11 20:20:55', NULL, '4067', 8861, 0, 1),
(226, 32, 0, NULL, '2013-03-22 23:49:18', '2013-11-11 20:20:55', '2013-11-11 20:20:55', NULL, '83338', 512, 4, 1),
(227, 32, 0, NULL, '2012-12-20 17:57:47', '2013-11-11 20:20:55', '2013-11-11 20:20:55', NULL, '53802', 947, 4, 1),
(228, 32, 0, NULL, '2013-06-19 12:19:01', '2013-11-11 20:20:55', '2013-11-11 20:20:55', NULL, '63326', 3542, 9, 1),
(229, 32, 0, NULL, '2013-07-29 20:54:31', '2013-11-11 20:20:55', '2013-11-11 20:20:55', NULL, '47916', 6943, 6, 1),
(230, 32, 0, NULL, '2012-12-17 13:50:25', '2013-11-11 20:20:55', '2013-11-11 20:20:55', NULL, '6234', 9514, 4, 1),
(231, 32, 0, NULL, '2013-07-07 04:38:06', '2013-11-11 20:20:55', '2013-11-11 20:20:55', NULL, '33924', 8802, 2, 1),
(232, 32, 0, NULL, '2013-10-26 10:38:17', '2013-11-11 20:20:55', '2013-11-11 20:20:55', NULL, '25830', 8536, 7, 1),
(233, 32, 0, NULL, '2013-10-07 12:13:24', '2013-11-11 20:20:55', '2013-11-11 20:20:55', NULL, '63356', 6232, 0, 1),
(234, 32, 0, NULL, '2013-07-19 20:27:42', '2013-11-11 20:20:55', '2013-11-11 20:20:55', NULL, '31862', 3383, 5, 1),
(235, 32, 0, NULL, '2013-01-06 23:03:43', '2013-11-11 20:20:55', '2013-11-11 20:20:55', NULL, '55578', 1140, 0, 1),
(236, 32, 0, NULL, '2013-09-22 06:18:10', '2013-11-11 20:20:55', '2013-11-11 20:20:55', NULL, '76653', 1081, 0, 1),
(237, 33, 1, NULL, '2013-01-09 09:29:43', '2013-11-11 20:20:55', '2013-11-11 20:20:55', NULL, '420755349', 4571, 3, 1),
(238, 34, 1, NULL, '2013-10-28 03:21:42', '2013-11-11 20:20:55', '2013-11-11 20:20:55', NULL, '44290', 3604, 9, 1),
(239, 34, 0, NULL, '2013-04-12 05:28:42', '2013-11-11 20:20:55', '2013-11-11 20:20:55', NULL, '51398', 4133, 4, 1),
(240, 34, 0, NULL, '2013-09-27 06:54:52', '2013-11-11 20:20:55', '2013-11-11 20:20:55', NULL, '30999', 3864, 9, 1),
(241, 34, 0, NULL, '2013-09-10 22:37:10', '2013-11-11 20:20:55', '2013-11-11 20:20:55', NULL, '91784', 6858, 2, 1),
(242, 35, 1, NULL, '2013-03-02 14:51:56', '2013-11-11 20:20:55', '2013-11-11 20:20:55', NULL, '86657', 9020, 0, 1),
(243, 35, 0, NULL, '2012-12-05 00:27:58', '2013-11-11 20:20:55', '2013-11-11 20:20:55', NULL, '56638', 2387, 2, 1),
(244, 35, 0, NULL, '2013-10-22 22:18:29', '2013-11-11 20:20:55', '2013-11-11 20:20:55', NULL, '82568', 3371, 9, 1),
(245, 35, 0, NULL, '2012-12-26 10:48:43', '2013-11-11 20:20:55', '2013-11-11 20:20:55', NULL, '66269', 6460, 2, 1),
(246, 36, 1, NULL, '2013-06-09 06:44:46', '2013-11-11 20:20:55', '2013-11-11 20:20:55', NULL, '93528', 2395, 6, 1),
(247, 36, 0, NULL, '2012-12-19 04:18:45', '2013-11-11 20:20:55', '2013-11-11 20:20:55', NULL, '55963', 8469, 4, 1),
(248, 36, 0, NULL, '2013-02-12 13:37:22', '2013-11-11 20:20:55', '2013-11-11 20:20:55', NULL, '52332', 9334, 6, 1),
(249, 36, 0, NULL, '2013-09-23 14:38:54', '2013-11-11 20:20:55', '2013-11-11 20:20:55', NULL, '16789', 4127, 6, 1),
(250, 36, 0, NULL, '2013-04-12 23:13:54', '2013-11-11 20:20:55', '2013-11-11 20:20:55', NULL, '66391', 6446, 8, 1),
(251, 36, 0, NULL, '2013-02-05 09:21:15', '2013-11-11 20:20:55', '2013-11-11 20:20:55', NULL, '51025', 9600, 6, 1),
(252, 36, 0, NULL, '2013-05-25 19:32:18', '2013-11-11 20:20:55', '2013-11-11 20:20:55', NULL, '12088', 5505, 3, 1),
(253, 36, 0, NULL, '2013-03-06 19:00:06', '2013-11-11 20:20:55', '2013-11-11 20:20:55', NULL, '51679', 3103, 2, 1),
(254, 36, 0, NULL, '2013-08-23 11:24:27', '2013-11-11 20:20:55', '2013-11-11 20:20:55', NULL, '5975', 1976, 9, 1),
(255, 36, 0, NULL, '2013-02-04 01:37:38', '2013-11-11 20:20:55', '2013-11-11 20:20:55', NULL, '78452', 5436, 9, 1),
(256, 36, 0, NULL, '2013-06-22 22:51:22', '2013-11-11 20:20:55', '2013-11-11 20:20:55', NULL, '24713', 9557, 3, 1),
(257, 36, 0, NULL, '2013-10-31 01:39:29', '2013-11-11 20:20:55', '2013-11-11 20:20:55', NULL, '56452', 7778, 2, 1),
(258, 36, 0, NULL, '2012-12-09 08:36:18', '2013-11-11 20:20:55', '2013-11-11 20:20:55', NULL, '26715', 1551, 7, 1),
(259, 36, 0, NULL, '2013-04-14 22:01:49', '2013-11-11 20:20:55', '2013-11-11 20:20:55', NULL, '78815', 382, 0, 1),
(260, 36, 0, NULL, '2013-03-29 05:28:16', '2013-11-11 20:20:55', '2013-11-11 20:20:55', NULL, '23565', 3485, 5, 1),
(261, 36, 0, NULL, '2013-04-06 21:42:38', '2013-11-11 20:20:55', '2013-11-11 20:20:55', NULL, '94782', 8812, 5, 1),
(262, 37, 1, NULL, '2013-04-02 12:00:01', '2013-11-11 20:20:55', '2013-11-11 20:20:55', NULL, '1244220429', 6137, 9, 1),
(263, 38, 1, NULL, '2012-12-02 12:50:37', '2013-11-11 20:20:55', '2013-11-11 20:20:55', NULL, '97966', 2166, 2, 1),
(264, 38, 0, NULL, '2013-10-29 19:24:13', '2013-11-11 20:20:55', '2013-11-11 20:20:55', NULL, '82095', 9357, 8, 1),
(265, 38, 0, NULL, '2013-01-16 12:02:47', '2013-11-11 20:20:55', '2013-11-11 20:20:55', NULL, '17757', 3049, 8, 1),
(266, 38, 0, NULL, '2013-10-24 03:18:05', '2013-11-11 20:20:55', '2013-11-11 20:20:55', NULL, '18801', 1039, 0, 1),
(267, 39, 1, NULL, '2013-08-25 10:03:18', '2013-11-11 20:20:55', '2013-11-11 20:20:55', NULL, '97580', 6562, 7, 1),
(268, 39, 0, NULL, '2013-03-23 15:05:44', '2013-11-11 20:20:55', '2013-11-11 20:20:55', NULL, '61161', 3638, 3, 1),
(269, 39, 0, NULL, '2013-08-25 14:56:32', '2013-11-11 20:20:55', '2013-11-11 20:20:55', NULL, '40295', 5417, 1, 1),
(270, 39, 0, NULL, '2012-12-26 06:01:46', '2013-11-11 20:20:55', '2013-11-11 20:20:55', NULL, '17143', 5781, 1, 1),
(271, 39, 0, NULL, '2013-08-05 21:53:20', '2013-11-11 20:20:55', '2013-11-11 20:20:55', NULL, '35774', 104, 6, 1),
(272, 39, 0, NULL, '2013-10-03 19:00:15', '2013-11-11 20:20:55', '2013-11-11 20:20:55', NULL, '63102', 5787, 9, 1),
(273, 39, 0, NULL, '2013-02-15 19:34:02', '2013-11-11 20:20:55', '2013-11-11 20:20:55', NULL, '82551', 7175, 7, 1),
(274, 39, 0, NULL, '2012-12-14 11:27:23', '2013-11-11 20:20:55', '2013-11-11 20:20:55', NULL, '7537', 1620, 0, 1),
(275, 39, 0, NULL, '2013-07-14 23:03:51', '2013-11-11 20:20:55', '2013-11-11 20:20:55', NULL, '54742', 491, 7, 1),
(276, 39, 0, NULL, '2012-12-09 20:48:17', '2013-11-11 20:20:55', '2013-11-11 20:20:55', NULL, '39062', 1084, 6, 1),
(277, 39, 0, NULL, '2012-12-25 12:18:22', '2013-11-11 20:20:55', '2013-11-11 20:20:55', NULL, '75776', 7634, 5, 1),
(278, 39, 0, NULL, '2012-11-27 20:42:10', '2013-11-11 20:20:55', '2013-11-11 20:20:55', NULL, '54474', 5076, 1, 1),
(279, 39, 0, NULL, '2013-05-23 01:52:11', '2013-11-11 20:20:55', '2013-11-11 20:20:55', NULL, '57875', 9355, 7, 1),
(280, 39, 0, NULL, '2013-01-16 06:25:06', '2013-11-11 20:20:55', '2013-11-11 20:20:55', NULL, '90850', 8469, 6, 1),
(281, 39, 0, NULL, '2013-07-13 08:05:21', '2013-11-11 20:20:55', '2013-11-11 20:20:55', NULL, '8528', 6864, 5, 1),
(282, 39, 0, NULL, '2013-11-04 05:36:34', '2013-11-11 20:20:55', '2013-11-11 20:20:55', NULL, '74743', 3419, 7, 1),
(283, 40, 1, NULL, '2013-06-09 17:41:41', '2013-11-11 20:20:55', '2013-11-11 20:20:55', NULL, '11155', 1085, 4, 1),
(284, 40, 0, NULL, '2013-01-29 05:18:42', '2013-11-11 20:20:55', '2013-11-11 20:20:55', NULL, '38238', 7508, 9, 1),
(285, 40, 0, NULL, '2013-06-21 07:37:47', '2013-11-11 20:20:55', '2013-11-11 20:20:55', NULL, '76647', 1341, 2, 1),
(286, 40, 0, NULL, '2013-05-22 16:26:22', '2013-11-11 20:20:55', '2013-11-11 20:20:55', NULL, '54393', 3166, 4, 1),
(287, 40, 0, NULL, '2013-10-19 16:06:43', '2013-11-11 20:20:55', '2013-11-11 20:20:55', NULL, '36878', 9644, 8, 1),
(288, 40, 0, NULL, '2013-10-25 16:49:00', '2013-11-11 20:20:55', '2013-11-11 20:20:55', NULL, '37747', 771, 6, 1),
(289, 40, 0, NULL, '2013-07-02 18:32:11', '2013-11-11 20:20:55', '2013-11-11 20:20:55', NULL, '1222', 9200, 1, 1),
(290, 40, 0, NULL, '2013-03-01 01:00:44', '2013-11-11 20:20:55', '2013-11-11 20:20:55', NULL, '85384', 4119, 4, 1),
(291, 40, 0, NULL, '2012-12-06 19:08:59', '2013-11-11 20:20:55', '2013-11-11 20:20:55', NULL, '47590', 9184, 8, 1),
(292, 40, 0, NULL, '2013-11-05 03:09:37', '2013-11-11 20:20:55', '2013-11-11 20:20:55', NULL, '60061', 5407, 9, 1),
(293, 40, 0, NULL, '2013-02-09 07:11:11', '2013-11-11 20:20:55', '2013-11-11 20:20:55', NULL, '78877', 4420, 2, 1),
(294, 40, 0, NULL, '2013-10-20 23:45:58', '2013-11-11 20:20:55', '2013-11-11 20:20:55', NULL, '51522', 5687, 4, 1),
(295, 40, 0, NULL, '2012-11-18 05:54:33', '2013-11-11 20:20:55', '2013-11-11 20:20:55', NULL, '99736', 5910, 5, 1),
(296, 40, 0, NULL, '2012-12-26 06:33:27', '2013-11-11 20:20:55', '2013-11-11 20:20:55', NULL, '25002', 2249, 8, 1),
(297, 40, 0, NULL, '2013-10-18 00:20:39', '2013-11-11 20:20:55', '2013-11-11 20:20:55', NULL, '44850', 4806, 8, 1),
(298, 40, 0, NULL, '2013-02-19 07:25:16', '2013-11-11 20:20:55', '2013-11-11 20:20:55', NULL, '3247', 5788, 0, 1),
(299, 41, 1, NULL, '2013-09-20 10:51:28', '2013-11-11 20:20:57', '2013-11-11 20:20:57', NULL, '1254854155', 6497, 1, 1),
(300, 42, 1, NULL, '2013-09-30 00:47:29', '2013-11-11 20:20:57', '2013-11-11 20:20:57', NULL, '35203', 2345, 5, 1),
(301, 42, 0, NULL, '2013-01-01 03:14:36', '2013-11-11 20:20:57', '2013-11-11 20:20:57', NULL, '57721', 6932, 6, 1),
(302, 42, 0, NULL, '2013-05-11 05:20:26', '2013-11-11 20:20:57', '2013-11-11 20:20:57', NULL, '16848', 1987, 7, 1),
(303, 42, 0, NULL, '2013-08-12 11:24:35', '2013-11-11 20:20:57', '2013-11-11 20:20:57', NULL, '10236', 6026, 9, 1),
(304, 42, 0, NULL, '2013-07-14 11:30:42', '2013-11-11 20:20:57', '2013-11-11 20:20:57', NULL, '61361', 2906, 4, 1),
(305, 42, 0, NULL, '2013-08-27 13:03:20', '2013-11-11 20:20:57', '2013-11-11 20:20:57', NULL, '68879', 2945, 5, 1),
(306, 42, 0, NULL, '2013-02-25 00:01:21', '2013-11-11 20:20:57', '2013-11-11 20:20:57', NULL, '13305', 7305, 0, 1),
(307, 42, 0, NULL, '2013-01-14 10:18:20', '2013-11-11 20:20:57', '2013-11-11 20:20:57', NULL, '30715', 3112, 5, 1),
(308, 42, 0, NULL, '2013-08-28 09:54:20', '2013-11-11 20:20:57', '2013-11-11 20:20:57', NULL, '22313', 2109, 1, 1),
(309, 42, 0, NULL, '2012-12-31 05:20:17', '2013-11-11 20:20:57', '2013-11-11 20:20:57', NULL, '38346', 3587, 5, 1),
(310, 42, 0, NULL, '2013-03-24 05:07:08', '2013-11-11 20:20:57', '2013-11-11 20:20:57', NULL, '75992', 8003, 8, 1),
(311, 42, 0, NULL, '2013-01-23 07:46:06', '2013-11-11 20:20:57', '2013-11-11 20:20:57', NULL, '85747', 4907, 8, 1),
(312, 42, 0, NULL, '2012-12-28 06:28:46', '2013-11-11 20:20:57', '2013-11-11 20:20:57', NULL, '6904', 5302, 7, 1),
(313, 42, 0, NULL, '2013-05-13 03:32:55', '2013-11-11 20:20:57', '2013-11-11 20:20:57', NULL, '87802', 4376, 0, 1),
(314, 42, 0, NULL, '2013-09-21 19:41:25', '2013-11-11 20:20:57', '2013-11-11 20:20:57', NULL, '80086', 257, 1, 1),
(315, 42, 0, NULL, '2013-08-02 14:58:38', '2013-11-11 20:20:57', '2013-11-11 20:20:57', NULL, '99180', 9411, 3, 1),
(316, 43, 1, NULL, '2013-10-26 20:20:46', '2013-11-11 20:20:57', '2013-11-11 20:20:57', NULL, '44558', 6181, 7, 1),
(317, 43, 0, NULL, '2013-03-24 01:19:07', '2013-11-11 20:20:57', '2013-11-11 20:20:57', NULL, '50306', 9582, 8, 1),
(318, 43, 0, NULL, '2013-04-20 09:42:16', '2013-11-11 20:20:57', '2013-11-11 20:20:57', NULL, '2824', 407, 5, 1),
(319, 43, 0, NULL, '2013-09-23 05:23:05', '2013-11-11 20:20:57', '2013-11-11 20:20:57', NULL, '74697', 7719, 0, 1),
(320, 43, 0, NULL, '2013-11-03 12:20:57', '2013-11-11 20:20:57', '2013-11-11 20:20:57', NULL, '88780', 8127, 7, 1),
(321, 43, 0, NULL, '2013-07-20 10:19:00', '2013-11-11 20:20:57', '2013-11-11 20:20:57', NULL, '4632', 2862, 9, 1),
(322, 43, 0, NULL, '2013-04-13 23:11:34', '2013-11-11 20:20:57', '2013-11-11 20:20:57', NULL, '54426', 9753, 3, 1),
(323, 43, 0, NULL, '2013-05-03 07:28:53', '2013-11-11 20:20:57', '2013-11-11 20:20:57', NULL, '48033', 2238, 8, 1),
(324, 43, 0, NULL, '2013-02-18 09:24:29', '2013-11-11 20:20:57', '2013-11-11 20:20:57', NULL, '44686', 7809, 1, 1),
(325, 43, 0, NULL, '2013-04-29 00:06:12', '2013-11-11 20:20:57', '2013-11-11 20:20:57', NULL, '50981', 3881, 5, 1),
(326, 43, 0, NULL, '2013-06-17 15:51:49', '2013-11-11 20:20:57', '2013-11-11 20:20:57', NULL, '49617', 2417, 1, 1),
(327, 43, 0, NULL, '2013-10-19 18:55:35', '2013-11-11 20:20:57', '2013-11-11 20:20:57', NULL, '51325', 6235, 7, 1),
(328, 43, 0, NULL, '2013-10-22 22:39:58', '2013-11-11 20:20:57', '2013-11-11 20:20:57', NULL, '28589', 1613, 2, 1),
(329, 43, 0, NULL, '2012-12-18 07:44:26', '2013-11-11 20:20:57', '2013-11-11 20:20:57', NULL, '31666', 4977, 6, 1),
(330, 43, 0, NULL, '2013-10-24 19:16:00', '2013-11-11 20:20:57', '2013-11-11 20:20:57', NULL, '79997', 804, 1, 1),
(331, 43, 0, NULL, '2012-12-19 18:34:39', '2013-11-11 20:20:57', '2013-11-11 20:20:57', NULL, '7329', 6681, 4, 1),
(332, 44, 1, NULL, '2013-08-25 19:34:12', '2013-11-11 20:20:57', '2013-11-11 20:20:57', NULL, '997701688', 8483, 5, 1),
(333, 45, 1, NULL, '2013-09-22 02:16:15', '2013-11-11 20:20:57', '2013-11-11 20:20:57', NULL, '25145', 4939, 0, 1),
(334, 45, 0, NULL, '2012-12-15 15:14:32', '2013-11-11 20:20:57', '2013-11-11 20:20:57', NULL, '75918', 3626, 2, 1),
(335, 45, 0, NULL, '2013-06-21 07:30:14', '2013-11-11 20:20:57', '2013-11-11 20:20:57', NULL, '44467', 1219, 4, 1),
(336, 45, 0, NULL, '2013-04-03 14:05:31', '2013-11-11 20:20:57', '2013-11-11 20:20:57', NULL, '40873', 4722, 4, 1),
(337, 46, 1, NULL, '2013-06-09 12:49:18', '2013-11-11 20:20:57', '2013-11-11 20:20:57', NULL, '75427', 8978, 8, 1),
(338, 46, 0, NULL, '2013-05-21 04:12:16', '2013-11-11 20:20:57', '2013-11-11 20:20:57', NULL, '20258', 4580, 7, 1),
(339, 46, 0, NULL, '2013-09-02 22:00:04', '2013-11-11 20:20:57', '2013-11-11 20:20:57', NULL, '80546', 1771, 3, 1),
(340, 46, 0, NULL, '2013-04-01 14:40:39', '2013-11-11 20:20:57', '2013-11-11 20:20:57', NULL, '60803', 6429, 2, 1),
(341, 47, 1, NULL, '2013-08-09 22:28:45', '2013-11-11 20:20:57', '2013-11-11 20:20:57', NULL, '879628975', 8918, 8, 1),
(342, 48, 1, NULL, '2013-04-15 11:25:07', '2013-11-11 20:20:57', '2013-11-11 20:20:57', NULL, '71164', 20, 1, 1),
(343, 48, 0, NULL, '2012-11-27 09:05:18', '2013-11-11 20:20:57', '2013-11-11 20:20:57', NULL, '59829', 3975, 3, 1),
(344, 48, 0, NULL, '2013-03-27 19:27:37', '2013-11-11 20:20:57', '2013-11-11 20:20:57', NULL, '75361', 8755, 1, 1),
(345, 48, 0, NULL, '2013-06-09 00:52:42', '2013-11-11 20:20:57', '2013-11-11 20:20:57', NULL, '35253', 9732, 1, 1),
(346, 49, 1, NULL, '2013-04-18 19:46:20', '2013-11-11 20:20:57', '2013-11-11 20:20:57', NULL, '30253', 2619, 0, 1),
(347, 49, 0, NULL, '2013-10-20 12:34:32', '2013-11-11 20:20:57', '2013-11-11 20:20:57', NULL, '37430', 3389, 8, 1),
(348, 49, 0, NULL, '2013-01-22 09:10:40', '2013-11-11 20:20:57', '2013-11-11 20:20:57', NULL, '60024', 4341, 5, 1),
(349, 49, 0, NULL, '2012-11-16 19:17:55', '2013-11-11 20:20:57', '2013-11-11 20:20:57', NULL, '83728', 1123, 3, 1),
(350, 49, 0, NULL, '2013-01-11 10:28:12', '2013-11-11 20:20:57', '2013-11-11 20:20:57', NULL, '54226', 3129, 8, 1),
(351, 49, 0, NULL, '2013-01-16 21:15:35', '2013-11-11 20:20:57', '2013-11-11 20:20:57', NULL, '29569', 2702, 3, 1),
(352, 49, 0, NULL, '2013-10-07 16:31:27', '2013-11-11 20:20:57', '2013-11-11 20:20:57', NULL, '20839', 293, 9, 1),
(353, 49, 0, NULL, '2013-03-24 10:01:35', '2013-11-11 20:20:57', '2013-11-11 20:20:57', NULL, '13207', 7675, 9, 1),
(354, 49, 0, NULL, '2012-12-05 00:23:45', '2013-11-11 20:20:57', '2013-11-11 20:20:57', NULL, '31923', 3263, 0, 1),
(355, 49, 0, NULL, '2013-08-31 09:22:37', '2013-11-11 20:20:57', '2013-11-11 20:20:57', NULL, '28496', 1838, 0, 1),
(356, 49, 0, NULL, '2013-10-17 15:06:57', '2013-11-11 20:20:57', '2013-11-11 20:20:57', NULL, '19447', 3058, 9, 1),
(357, 49, 0, NULL, '2012-11-20 20:07:08', '2013-11-11 20:20:57', '2013-11-11 20:20:57', NULL, '22058', 6220, 8, 1),
(358, 49, 0, NULL, '2013-01-18 07:56:00', '2013-11-11 20:20:57', '2013-11-11 20:20:57', NULL, '92361', 7149, 0, 1),
(359, 49, 0, NULL, '2012-11-16 12:40:31', '2013-11-11 20:20:57', '2013-11-11 20:20:57', NULL, '17618', 6351, 0, 1),
(360, 49, 0, NULL, '2013-05-24 07:30:01', '2013-11-11 20:20:57', '2013-11-11 20:20:57', NULL, '47819', 4645, 7, 1),
(361, 49, 0, NULL, '2013-06-24 18:33:09', '2013-11-11 20:20:57', '2013-11-11 20:20:57', NULL, '64648', 2103, 8, 1),
(362, 50, 1, NULL, '2013-07-29 01:44:35', '2013-11-11 20:20:57', '2013-11-11 20:20:57', NULL, '19524', 2583, 1, 1),
(363, 50, 0, NULL, '2012-12-24 05:26:18', '2013-11-11 20:20:57', '2013-11-11 20:20:57', NULL, '65091', 2420, 2, 1),
(364, 50, 0, NULL, '2013-06-06 16:26:31', '2013-11-11 20:20:57', '2013-11-11 20:20:57', NULL, '56035', 4572, 7, 1),
(365, 50, 0, NULL, '2013-08-02 03:14:20', '2013-11-11 20:20:57', '2013-11-11 20:20:57', NULL, '56031', 7230, 0, 1),
(366, 51, 1, NULL, '2012-12-14 23:56:36', '2013-11-11 20:20:57', '2013-11-11 20:20:57', NULL, '54962', 5775, 2, 1),
(367, 51, 0, NULL, '2013-06-25 19:48:44', '2013-11-11 20:20:57', '2013-11-11 20:20:57', NULL, '23445', 9682, 7, 1),
(368, 51, 0, NULL, '2013-01-03 01:56:55', '2013-11-11 20:20:57', '2013-11-11 20:20:57', NULL, '96587', 9983, 2, 1),
(369, 51, 0, NULL, '2013-01-20 23:11:53', '2013-11-11 20:20:57', '2013-11-11 20:20:57', NULL, '42297', 8289, 0, 1),
(370, 52, 1, NULL, '2013-10-17 07:21:30', '2013-11-11 20:20:57', '2013-11-11 20:20:57', NULL, '74718', 847, 9, 1),
(371, 52, 0, NULL, '2013-03-15 12:31:10', '2013-11-11 20:20:57', '2013-11-11 20:20:57', NULL, '90970', 4576, 0, 1),
(372, 52, 0, NULL, '2013-09-30 21:00:39', '2013-11-11 20:20:57', '2013-11-11 20:20:57', NULL, '94290', 872, 9, 1),
(373, 52, 0, NULL, '2013-01-14 10:26:51', '2013-11-11 20:20:57', '2013-11-11 20:20:57', NULL, '14041', 5864, 2, 1),
(374, 53, 1, NULL, '2013-09-02 06:05:29', '2013-11-11 20:20:57', '2013-11-11 20:20:57', NULL, '573566824', 386, 1, 1),
(375, 54, 1, NULL, '2012-11-17 05:38:51', '2013-11-11 20:20:57', '2013-11-11 20:20:57', NULL, '2091', 5257, 0, 1),
(376, 54, 0, NULL, '2013-02-22 23:39:03', '2013-11-11 20:20:57', '2013-11-11 20:20:57', NULL, '24450', 4700, 4, 1),
(377, 54, 0, NULL, '2013-01-14 17:37:38', '2013-11-11 20:20:57', '2013-11-11 20:20:57', NULL, '8713', 7892, 7, 1),
(378, 54, 0, NULL, '2013-02-14 05:46:50', '2013-11-11 20:20:57', '2013-11-11 20:20:57', NULL, '56540', 2069, 2, 1),
(379, 54, 0, NULL, '2013-10-10 18:25:57', '2013-11-11 20:20:57', '2013-11-11 20:20:57', NULL, '13399', 5846, 1, 1),
(380, 54, 0, NULL, '2013-01-25 10:39:32', '2013-11-11 20:20:57', '2013-11-11 20:20:57', NULL, '24106', 5416, 8, 1),
(381, 54, 0, NULL, '2013-03-27 19:36:44', '2013-11-11 20:20:57', '2013-11-11 20:20:57', NULL, '66812', 6250, 8, 1),
(382, 54, 0, NULL, '2013-07-21 06:11:08', '2013-11-11 20:20:57', '2013-11-11 20:20:57', NULL, '88511', 5917, 7, 1),
(383, 54, 0, NULL, '2013-03-06 20:35:23', '2013-11-11 20:20:57', '2013-11-11 20:20:57', NULL, '62255', 5556, 3, 1),
(384, 54, 0, NULL, '2013-03-20 00:59:17', '2013-11-11 20:20:57', '2013-11-11 20:20:57', NULL, '26714', 5073, 7, 1),
(385, 54, 0, NULL, '2013-10-17 21:34:22', '2013-11-11 20:20:57', '2013-11-11 20:20:57', NULL, '5670', 2994, 6, 1),
(386, 54, 0, NULL, '2013-09-05 00:23:02', '2013-11-11 20:20:57', '2013-11-11 20:20:57', NULL, '27457', 4483, 1, 1),
(387, 54, 0, NULL, '2012-12-17 19:22:35', '2013-11-11 20:20:57', '2013-11-11 20:20:57', NULL, '8467', 8555, 1, 1),
(388, 54, 0, NULL, '2013-08-20 20:50:24', '2013-11-11 20:20:57', '2013-11-11 20:20:57', NULL, '75972', 8924, 1, 1),
(389, 54, 0, NULL, '2013-07-12 10:36:10', '2013-11-11 20:20:57', '2013-11-11 20:20:57', NULL, '70700', 636, 8, 1),
(390, 54, 0, NULL, '2013-08-17 13:22:58', '2013-11-11 20:20:57', '2013-11-11 20:20:57', NULL, '1707', 2139, 9, 1),
(391, 55, 1, NULL, '2013-05-08 05:41:23', '2013-11-11 20:20:57', '2013-11-11 20:20:57', NULL, '69078', 9885, 4, 1),
(392, 55, 0, NULL, '2013-08-27 22:13:51', '2013-11-11 20:20:57', '2013-11-11 20:20:57', NULL, '92324', 5951, 7, 1),
(393, 55, 0, NULL, '2013-04-01 16:49:24', '2013-11-11 20:20:57', '2013-11-11 20:20:57', NULL, '11651', 3448, 2, 1),
(394, 55, 0, NULL, '2013-01-30 12:03:02', '2013-11-11 20:20:57', '2013-11-11 20:20:57', NULL, '65689', 2658, 1, 1),
(395, 55, 0, NULL, '2012-11-15 16:49:37', '2013-11-11 20:20:57', '2013-11-11 20:20:57', NULL, '77282', 699, 7, 1),
(396, 55, 0, NULL, '2012-12-24 02:13:02', '2013-11-11 20:20:57', '2013-11-11 20:20:57', NULL, '71473', 1277, 0, 1),
(397, 55, 0, NULL, '2013-02-12 13:54:22', '2013-11-11 20:20:57', '2013-11-11 20:20:57', NULL, '5712', 2771, 2, 1),
(398, 55, 0, NULL, '2013-09-26 05:20:58', '2013-11-11 20:20:57', '2013-11-11 20:20:57', NULL, '88978', 4448, 0, 1),
(399, 55, 0, NULL, '2013-01-10 15:25:25', '2013-11-11 20:20:57', '2013-11-11 20:20:57', NULL, '64616', 1764, 8, 1),
(400, 55, 0, NULL, '2013-08-23 00:07:57', '2013-11-11 20:20:57', '2013-11-11 20:20:57', NULL, '43189', 7420, 5, 1),
(401, 55, 0, NULL, '2013-03-30 08:18:59', '2013-11-11 20:20:57', '2013-11-11 20:20:57', NULL, '32889', 4827, 4, 1),
(402, 55, 0, NULL, '2013-04-14 21:09:30', '2013-11-11 20:20:57', '2013-11-11 20:20:57', NULL, '70934', 9154, 7, 1),
(403, 55, 0, NULL, '2012-11-20 13:31:40', '2013-11-11 20:20:57', '2013-11-11 20:20:57', NULL, '85749', 7169, 2, 1),
(404, 55, 0, NULL, '2013-07-18 04:28:44', '2013-11-11 20:20:57', '2013-11-11 20:20:57', NULL, '89795', 8010, 7, 1),
(405, 55, 0, NULL, '2013-07-13 15:38:46', '2013-11-11 20:20:57', '2013-11-11 20:20:57', NULL, '68031', 8629, 0, 1),
(406, 55, 0, NULL, '2013-11-08 08:39:06', '2013-11-11 20:20:57', '2013-11-11 20:20:57', NULL, '20682', 729, 1, 1),
(407, 56, 1, NULL, '2013-03-15 22:07:18', '2013-11-11 20:20:57', '2013-11-11 20:20:57', NULL, '1125700925', 3395, 0, 1),
(408, 57, 1, NULL, '2012-12-18 21:36:25', '2013-11-11 20:20:57', '2013-11-11 20:20:57', NULL, '86135', 8940, 3, 1),
(409, 57, 0, NULL, '2013-04-30 00:30:38', '2013-11-11 20:20:57', '2013-11-11 20:20:57', NULL, '16253', 6617, 1, 1),
(410, 57, 0, NULL, '2013-06-05 22:09:43', '2013-11-11 20:20:57', '2013-11-11 20:20:57', NULL, '80824', 9620, 3, 1),
(411, 57, 0, NULL, '2013-08-27 20:02:12', '2013-11-11 20:20:57', '2013-11-11 20:20:57', NULL, '4984', 2843, 5, 1),
(412, 58, 1, NULL, '2012-12-15 07:13:58', '2013-11-11 20:20:57', '2013-11-11 20:20:57', NULL, '92175', 2055, 1, 1),
(413, 58, 0, NULL, '2013-10-22 01:09:08', '2013-11-11 20:20:57', '2013-11-11 20:20:57', NULL, '66850', 5090, 1, 1),
(414, 58, 0, NULL, '2013-09-04 06:49:26', '2013-11-11 20:20:57', '2013-11-11 20:20:57', NULL, '31067', 8231, 5, 1),
(415, 58, 0, NULL, '2013-03-10 23:16:15', '2013-11-11 20:20:57', '2013-11-11 20:20:57', NULL, '56875', 115, 5, 1),
(416, 59, 1, NULL, '2013-06-22 18:13:32', '2013-11-11 20:20:57', '2013-11-11 20:20:57', NULL, '125015004', 7445, 0, 1),
(417, 60, 1, NULL, '2013-10-31 10:15:35', '2013-11-11 20:20:57', '2013-11-11 20:20:57', NULL, '78980', 6473, 7, 1),
(418, 60, 0, NULL, '2013-07-14 07:29:29', '2013-11-11 20:20:57', '2013-11-11 20:20:57', NULL, '42061', 7210, 5, 1),
(419, 60, 0, NULL, '2013-07-24 17:58:53', '2013-11-11 20:20:57', '2013-11-11 20:20:57', NULL, '58917', 3498, 4, 1),
(420, 60, 0, NULL, '2013-05-06 13:24:52', '2013-11-11 20:20:57', '2013-11-11 20:20:57', NULL, '28102', 6263, 1, 1),
(421, 60, 0, NULL, '2013-08-06 19:15:25', '2013-11-11 20:20:57', '2013-11-11 20:20:57', NULL, '55050', 5522, 5, 1),
(422, 60, 0, NULL, '2013-05-23 06:32:42', '2013-11-11 20:20:57', '2013-11-11 20:20:57', NULL, '74393', 1099, 7, 1),
(423, 60, 0, NULL, '2013-04-27 06:16:30', '2013-11-11 20:20:57', '2013-11-11 20:20:57', NULL, '10999', 5298, 3, 1),
(424, 60, 0, NULL, '2013-05-24 00:50:20', '2013-11-11 20:20:57', '2013-11-11 20:20:57', NULL, '33673', 9128, 8, 1),
(425, 60, 0, NULL, '2012-11-23 08:16:26', '2013-11-11 20:20:57', '2013-11-11 20:20:57', NULL, '50509', 9620, 9, 1),
(426, 60, 0, NULL, '2013-11-05 15:07:26', '2013-11-11 20:20:57', '2013-11-11 20:20:57', NULL, '27980', 7909, 4, 1),
(427, 60, 0, NULL, '2013-02-05 03:29:40', '2013-11-11 20:20:57', '2013-11-11 20:20:57', NULL, '85967', 5352, 2, 1),
(428, 60, 0, NULL, '2013-06-07 10:59:06', '2013-11-11 20:20:57', '2013-11-11 20:20:57', NULL, '83611', 2913, 8, 1),
(429, 60, 0, NULL, '2012-12-18 20:25:08', '2013-11-11 20:20:57', '2013-11-11 20:20:57', NULL, '82341', 298, 9, 1),
(430, 60, 0, NULL, '2013-01-20 06:42:46', '2013-11-11 20:20:57', '2013-11-11 20:20:57', NULL, '1864', 3574, 0, 1),
(431, 60, 0, NULL, '2013-08-20 21:23:23', '2013-11-11 20:20:57', '2013-11-11 20:20:57', NULL, '57281', 2712, 6, 1),
(432, 60, 0, NULL, '2013-03-23 16:41:38', '2013-11-11 20:20:57', '2013-11-11 20:20:57', NULL, '33262', 4869, 8, 1),
(433, 61, 1, NULL, '2012-12-07 16:14:39', '2013-11-11 20:20:59', '2013-11-11 20:20:59', NULL, '73515', 6701, 0, 1),
(434, 61, 0, NULL, '2012-12-08 22:59:01', '2013-11-11 20:20:59', '2013-11-11 20:20:59', NULL, '62121', 4186, 1, 1),
(435, 61, 0, NULL, '2013-09-26 09:18:29', '2013-11-11 20:20:59', '2013-11-11 20:20:59', NULL, '6341', 6739, 2, 1),
(436, 61, 0, NULL, '2013-08-03 10:17:44', '2013-11-11 20:20:59', '2013-11-11 20:20:59', NULL, '87007', 8281, 3, 1),
(437, 62, 1, NULL, '2013-09-13 04:04:50', '2013-11-11 20:20:59', '2013-11-11 20:20:59', NULL, '38739', 2325, 3, 1),
(438, 62, 0, NULL, '2012-12-01 19:24:18', '2013-11-11 20:20:59', '2013-11-11 20:20:59', NULL, '95122', 2605, 2, 1);
INSERT INTO `sylius_variant` (`id`, `product_id`, `is_master`, `presentation`, `available_on`, `created_at`, `updated_at`, `deleted_at`, `sku`, `price`, `on_hand`, `available_on_demand`) VALUES
(439, 62, 0, NULL, '2013-02-05 22:45:47', '2013-11-11 20:20:59', '2013-11-11 20:20:59', NULL, '78844', 6235, 6, 1),
(440, 62, 0, NULL, '2013-11-06 16:13:46', '2013-11-11 20:20:59', '2013-11-11 20:20:59', NULL, '77876', 4245, 7, 1),
(441, 62, 0, NULL, '2013-01-26 06:41:36', '2013-11-11 20:20:59', '2013-11-11 20:20:59', NULL, '78644', 6022, 1, 1),
(442, 62, 0, NULL, '2013-07-10 03:46:02', '2013-11-11 20:20:59', '2013-11-11 20:20:59', NULL, '83461', 1232, 5, 1),
(443, 62, 0, NULL, '2013-02-18 13:09:01', '2013-11-11 20:20:59', '2013-11-11 20:20:59', NULL, '54331', 2003, 5, 1),
(444, 62, 0, NULL, '2013-07-14 19:14:53', '2013-11-11 20:20:59', '2013-11-11 20:20:59', NULL, '45945', 4972, 9, 1),
(445, 62, 0, NULL, '2013-07-02 15:00:27', '2013-11-11 20:20:59', '2013-11-11 20:20:59', NULL, '76894', 5997, 5, 1),
(446, 62, 0, NULL, '2013-02-26 07:25:56', '2013-11-11 20:20:59', '2013-11-11 20:20:59', NULL, '39250', 4927, 8, 1),
(447, 62, 0, NULL, '2013-08-10 15:28:25', '2013-11-11 20:20:59', '2013-11-11 20:20:59', NULL, '65558', 2098, 1, 1),
(448, 62, 0, NULL, '2013-03-28 13:04:14', '2013-11-11 20:20:59', '2013-11-11 20:20:59', NULL, '64158', 59, 0, 1),
(449, 62, 0, NULL, '2012-12-14 13:02:12', '2013-11-11 20:20:59', '2013-11-11 20:20:59', NULL, '99444', 7820, 5, 1),
(450, 62, 0, NULL, '2012-11-14 20:29:45', '2013-11-11 20:20:59', '2013-11-11 20:20:59', NULL, '30205', 3076, 1, 1),
(451, 62, 0, NULL, '2013-10-30 07:52:20', '2013-11-11 20:20:59', '2013-11-11 20:20:59', NULL, '68579', 6746, 8, 1),
(452, 62, 0, NULL, '2013-06-01 15:28:59', '2013-11-11 20:20:59', '2013-11-11 20:20:59', NULL, '63332', 2761, 8, 1),
(453, 63, 1, NULL, '2013-03-12 07:05:08', '2013-11-11 20:20:59', '2013-11-11 20:20:59', NULL, '85893', 1393, 8, 1),
(454, 63, 0, NULL, '2013-08-13 17:18:05', '2013-11-11 20:20:59', '2013-11-11 20:20:59', NULL, '80987', 5990, 8, 1),
(455, 63, 0, NULL, '2013-03-10 02:50:45', '2013-11-11 20:20:59', '2013-11-11 20:20:59', NULL, '74589', 1787, 5, 1),
(456, 63, 0, NULL, '2012-12-20 15:44:11', '2013-11-11 20:20:59', '2013-11-11 20:20:59', NULL, '80900', 1334, 1, 1),
(457, 64, 1, NULL, '2013-03-18 04:39:38', '2013-11-11 20:20:59', '2013-11-11 20:20:59', NULL, '23441', 1046, 4, 1),
(458, 64, 0, NULL, '2013-05-15 17:52:04', '2013-11-11 20:20:59', '2013-11-11 20:20:59', NULL, '21093', 4903, 7, 1),
(459, 64, 0, NULL, '2013-05-28 08:32:54', '2013-11-11 20:20:59', '2013-11-11 20:20:59', NULL, '77260', 7293, 9, 1),
(460, 64, 0, NULL, '2013-01-13 23:11:22', '2013-11-11 20:20:59', '2013-11-11 20:20:59', NULL, '13190', 5568, 7, 1),
(461, 64, 0, NULL, '2013-10-29 02:56:18', '2013-11-11 20:20:59', '2013-11-11 20:20:59', NULL, '19483', 5591, 1, 1),
(462, 64, 0, NULL, '2013-02-23 13:16:56', '2013-11-11 20:20:59', '2013-11-11 20:20:59', NULL, '53254', 4565, 9, 1),
(463, 64, 0, NULL, '2013-10-09 08:01:17', '2013-11-11 20:20:59', '2013-11-11 20:20:59', NULL, '61392', 433, 5, 1),
(464, 64, 0, NULL, '2013-04-10 12:25:47', '2013-11-11 20:20:59', '2013-11-11 20:20:59', NULL, '10075', 1046, 2, 1),
(465, 64, 0, NULL, '2013-09-01 16:49:26', '2013-11-11 20:20:59', '2013-11-11 20:20:59', NULL, '40601', 9778, 9, 1),
(466, 64, 0, NULL, '2013-09-14 02:52:16', '2013-11-11 20:20:59', '2013-11-11 20:20:59', NULL, '60517', 6204, 7, 1),
(467, 64, 0, NULL, '2013-10-29 09:59:43', '2013-11-11 20:20:59', '2013-11-11 20:20:59', NULL, '59182', 1122, 7, 1),
(468, 64, 0, NULL, '2013-08-14 09:26:20', '2013-11-11 20:20:59', '2013-11-11 20:20:59', NULL, '83352', 3429, 6, 1),
(469, 64, 0, NULL, '2013-10-29 06:34:33', '2013-11-11 20:20:59', '2013-11-11 20:20:59', NULL, '60564', 4271, 3, 1),
(470, 64, 0, NULL, '2013-11-03 01:43:00', '2013-11-11 20:20:59', '2013-11-11 20:20:59', NULL, '87321', 7022, 2, 1),
(471, 64, 0, NULL, '2012-11-19 09:28:00', '2013-11-11 20:20:59', '2013-11-11 20:20:59', NULL, '30332', 9197, 6, 1),
(472, 64, 0, NULL, '2012-12-28 22:20:53', '2013-11-11 20:20:59', '2013-11-11 20:20:59', NULL, '19802', 6957, 1, 1),
(473, 65, 1, NULL, '2013-06-03 22:43:28', '2013-11-11 20:20:59', '2013-11-11 20:20:59', NULL, '55115', 9372, 6, 1),
(474, 65, 0, NULL, '2013-05-28 22:17:59', '2013-11-11 20:20:59', '2013-11-11 20:20:59', NULL, '25098', 1422, 1, 1),
(475, 65, 0, NULL, '2013-07-24 09:14:01', '2013-11-11 20:20:59', '2013-11-11 20:20:59', NULL, '90821', 9483, 6, 1),
(476, 65, 0, NULL, '2013-05-03 08:59:53', '2013-11-11 20:20:59', '2013-11-11 20:20:59', NULL, '71278', 4395, 0, 1),
(477, 66, 1, NULL, '2013-03-11 19:41:47', '2013-11-11 20:20:59', '2013-11-11 20:20:59', NULL, '9167', 6727, 5, 1),
(478, 66, 0, NULL, '2012-11-30 01:08:45', '2013-11-11 20:20:59', '2013-11-11 20:20:59', NULL, '1191', 391, 8, 1),
(479, 66, 0, NULL, '2013-03-09 06:15:27', '2013-11-11 20:20:59', '2013-11-11 20:20:59', NULL, '33732', 215, 1, 1),
(480, 66, 0, NULL, '2013-05-24 19:33:34', '2013-11-11 20:20:59', '2013-11-11 20:20:59', NULL, '14205', 1453, 0, 1),
(481, 67, 1, NULL, '2013-04-27 23:56:17', '2013-11-11 20:20:59', '2013-11-11 20:20:59', NULL, '53159', 4958, 6, 1),
(482, 67, 0, NULL, '2013-02-07 02:28:52', '2013-11-11 20:20:59', '2013-11-11 20:20:59', NULL, '34863', 4639, 8, 1),
(483, 67, 0, NULL, '2013-09-23 13:45:20', '2013-11-11 20:20:59', '2013-11-11 20:20:59', NULL, '31772', 6783, 7, 1),
(484, 67, 0, NULL, '2013-08-19 17:34:10', '2013-11-11 20:20:59', '2013-11-11 20:20:59', NULL, '68268', 1631, 3, 1),
(485, 67, 0, NULL, '2013-06-08 21:57:28', '2013-11-11 20:20:59', '2013-11-11 20:20:59', NULL, '22810', 7267, 1, 1),
(486, 67, 0, NULL, '2013-07-31 13:23:47', '2013-11-11 20:20:59', '2013-11-11 20:20:59', NULL, '24036', 3044, 8, 1),
(487, 67, 0, NULL, '2013-05-14 02:26:18', '2013-11-11 20:20:59', '2013-11-11 20:20:59', NULL, '73624', 5182, 4, 1),
(488, 67, 0, NULL, '2013-03-11 13:26:48', '2013-11-11 20:20:59', '2013-11-11 20:20:59', NULL, '79516', 8975, 1, 1),
(489, 67, 0, NULL, '2013-09-18 01:03:00', '2013-11-11 20:20:59', '2013-11-11 20:20:59', NULL, '40474', 5810, 2, 1),
(490, 67, 0, NULL, '2013-10-24 05:17:25', '2013-11-11 20:20:59', '2013-11-11 20:20:59', NULL, '21232', 9188, 5, 1),
(491, 67, 0, NULL, '2013-09-02 21:28:35', '2013-11-11 20:20:59', '2013-11-11 20:20:59', NULL, '72461', 6945, 0, 1),
(492, 67, 0, NULL, '2013-04-30 13:53:23', '2013-11-11 20:20:59', '2013-11-11 20:20:59', NULL, '6217', 987, 7, 1),
(493, 67, 0, NULL, '2013-09-15 19:31:24', '2013-11-11 20:20:59', '2013-11-11 20:20:59', NULL, '58566', 4408, 4, 1),
(494, 67, 0, NULL, '2013-02-10 08:46:00', '2013-11-11 20:20:59', '2013-11-11 20:20:59', NULL, '78914', 2383, 5, 1),
(495, 67, 0, NULL, '2013-05-11 18:07:16', '2013-11-11 20:20:59', '2013-11-11 20:20:59', NULL, '54082', 6546, 7, 1),
(496, 67, 0, NULL, '2013-09-20 21:58:15', '2013-11-11 20:20:59', '2013-11-11 20:20:59', NULL, '40488', 7600, 3, 1),
(497, 68, 1, NULL, '2013-06-27 01:56:34', '2013-11-11 20:20:59', '2013-11-11 20:20:59', NULL, '21022', 4549, 3, 1),
(498, 68, 0, NULL, '2013-05-08 13:08:09', '2013-11-11 20:20:59', '2013-11-11 20:20:59', NULL, '14117', 5212, 4, 1),
(499, 68, 0, NULL, '2013-02-10 09:19:59', '2013-11-11 20:20:59', '2013-11-11 20:20:59', NULL, '26801', 9823, 4, 1),
(500, 68, 0, NULL, '2013-01-01 06:24:36', '2013-11-11 20:20:59', '2013-11-11 20:20:59', NULL, '52549', 6982, 7, 1),
(501, 68, 0, NULL, '2013-03-04 15:00:43', '2013-11-11 20:20:59', '2013-11-11 20:20:59', NULL, '94833', 8581, 6, 1),
(502, 68, 0, NULL, '2013-01-14 12:54:27', '2013-11-11 20:20:59', '2013-11-11 20:20:59', NULL, '22602', 5201, 3, 1),
(503, 68, 0, NULL, '2013-03-06 12:35:08', '2013-11-11 20:20:59', '2013-11-11 20:20:59', NULL, '7663', 3882, 9, 1),
(504, 68, 0, NULL, '2013-01-01 22:53:09', '2013-11-11 20:20:59', '2013-11-11 20:20:59', NULL, '13278', 9832, 3, 1),
(505, 68, 0, NULL, '2013-03-22 12:42:01', '2013-11-11 20:20:59', '2013-11-11 20:20:59', NULL, '33495', 5848, 8, 1),
(506, 68, 0, NULL, '2013-08-04 12:35:09', '2013-11-11 20:20:59', '2013-11-11 20:20:59', NULL, '96498', 7794, 0, 1),
(507, 68, 0, NULL, '2013-09-12 04:35:56', '2013-11-11 20:20:59', '2013-11-11 20:20:59', NULL, '27456', 2898, 3, 1),
(508, 68, 0, NULL, '2013-04-20 08:29:12', '2013-11-11 20:20:59', '2013-11-11 20:20:59', NULL, '30127', 5611, 0, 1),
(509, 68, 0, NULL, '2013-07-26 06:22:41', '2013-11-11 20:20:59', '2013-11-11 20:20:59', NULL, '48962', 303, 4, 1),
(510, 68, 0, NULL, '2013-05-04 09:26:31', '2013-11-11 20:20:59', '2013-11-11 20:20:59', NULL, '76859', 3676, 3, 1),
(511, 68, 0, NULL, '2013-06-27 14:50:26', '2013-11-11 20:20:59', '2013-11-11 20:20:59', NULL, '46629', 3394, 0, 1),
(512, 68, 0, NULL, '2013-03-31 18:21:19', '2013-11-11 20:20:59', '2013-11-11 20:20:59', NULL, '22248', 3650, 9, 1),
(513, 69, 1, NULL, '2013-10-13 15:07:26', '2013-11-11 20:20:59', '2013-11-11 20:20:59', NULL, '349409889', 1742, 6, 1),
(514, 70, 1, NULL, '2013-09-30 06:58:59', '2013-11-11 20:20:59', '2013-11-11 20:20:59', NULL, '1103121451', 1649, 6, 1),
(515, 71, 1, NULL, '2013-06-10 06:26:16', '2013-11-11 20:20:59', '2013-11-11 20:20:59', NULL, '14414', 9734, 0, 1),
(516, 71, 0, NULL, '2013-10-13 12:15:01', '2013-11-11 20:20:59', '2013-11-11 20:20:59', NULL, '96697', 5907, 5, 1),
(517, 71, 0, NULL, '2013-03-07 14:44:19', '2013-11-11 20:20:59', '2013-11-11 20:20:59', NULL, '72465', 9727, 3, 1),
(518, 71, 0, NULL, '2013-01-26 01:39:35', '2013-11-11 20:20:59', '2013-11-11 20:20:59', NULL, '97301', 160, 8, 1),
(519, 72, 1, NULL, '2013-02-14 21:53:15', '2013-11-11 20:20:59', '2013-11-11 20:20:59', NULL, '91658', 814, 4, 1),
(520, 72, 0, NULL, '2013-07-29 18:10:38', '2013-11-11 20:20:59', '2013-11-11 20:20:59', NULL, '64115', 5601, 3, 1),
(521, 72, 0, NULL, '2013-01-14 15:00:04', '2013-11-11 20:20:59', '2013-11-11 20:20:59', NULL, '24155', 1598, 0, 1),
(522, 72, 0, NULL, '2013-02-08 18:21:05', '2013-11-11 20:20:59', '2013-11-11 20:20:59', NULL, '38059', 5398, 7, 1),
(523, 72, 0, NULL, '2012-12-11 23:37:33', '2013-11-11 20:20:59', '2013-11-11 20:20:59', NULL, '37620', 7412, 4, 1),
(524, 72, 0, NULL, '2013-11-08 22:23:10', '2013-11-11 20:20:59', '2013-11-11 20:20:59', NULL, '60050', 6130, 0, 1),
(525, 72, 0, NULL, '2013-02-09 01:33:38', '2013-11-11 20:20:59', '2013-11-11 20:20:59', NULL, '37611', 1376, 3, 1),
(526, 72, 0, NULL, '2013-10-31 06:05:55', '2013-11-11 20:20:59', '2013-11-11 20:20:59', NULL, '63851', 6378, 6, 1),
(527, 72, 0, NULL, '2013-07-14 11:21:03', '2013-11-11 20:20:59', '2013-11-11 20:20:59', NULL, '72607', 9430, 7, 1),
(528, 72, 0, NULL, '2013-11-05 08:02:40', '2013-11-11 20:20:59', '2013-11-11 20:20:59', NULL, '37947', 6916, 6, 1),
(529, 72, 0, NULL, '2013-07-06 21:39:41', '2013-11-11 20:20:59', '2013-11-11 20:20:59', NULL, '33766', 1385, 2, 1),
(530, 72, 0, NULL, '2013-02-16 23:36:45', '2013-11-11 20:20:59', '2013-11-11 20:20:59', NULL, '76082', 1585, 9, 1),
(531, 72, 0, NULL, '2013-03-29 07:45:19', '2013-11-11 20:20:59', '2013-11-11 20:20:59', NULL, '93716', 7186, 6, 1),
(532, 72, 0, NULL, '2012-11-28 10:41:25', '2013-11-11 20:20:59', '2013-11-11 20:20:59', NULL, '41475', 8790, 1, 1),
(533, 72, 0, NULL, '2012-12-08 06:09:24', '2013-11-11 20:20:59', '2013-11-11 20:20:59', NULL, '52698', 4967, 9, 1),
(534, 72, 0, NULL, '2012-12-01 07:16:00', '2013-11-11 20:20:59', '2013-11-11 20:20:59', NULL, '73166', 8232, 2, 1),
(535, 73, 1, NULL, '2012-12-16 22:04:13', '2013-11-11 20:20:59', '2013-11-11 20:20:59', NULL, '41559', 2004, 2, 1),
(536, 73, 0, NULL, '2013-08-31 15:58:20', '2013-11-11 20:20:59', '2013-11-11 20:20:59', NULL, '21574', 8089, 8, 1),
(537, 73, 0, NULL, '2013-10-24 18:23:37', '2013-11-11 20:20:59', '2013-11-11 20:20:59', NULL, '60255', 7480, 4, 1),
(538, 73, 0, NULL, '2013-02-05 06:26:48', '2013-11-11 20:20:59', '2013-11-11 20:20:59', NULL, '4747', 8569, 7, 1),
(539, 73, 0, NULL, '2013-09-10 16:34:50', '2013-11-11 20:20:59', '2013-11-11 20:20:59', NULL, '74405', 7553, 2, 1),
(540, 73, 0, NULL, '2012-12-04 17:05:39', '2013-11-11 20:20:59', '2013-11-11 20:20:59', NULL, '25957', 4755, 2, 1),
(541, 73, 0, NULL, '2013-11-07 18:10:04', '2013-11-11 20:20:59', '2013-11-11 20:20:59', NULL, '49147', 368, 8, 1),
(542, 73, 0, NULL, '2013-09-11 22:55:13', '2013-11-11 20:20:59', '2013-11-11 20:20:59', NULL, '7403', 8574, 0, 1),
(543, 73, 0, NULL, '2013-03-25 22:21:56', '2013-11-11 20:20:59', '2013-11-11 20:20:59', NULL, '30835', 5925, 4, 1),
(544, 73, 0, NULL, '2013-01-31 10:05:15', '2013-11-11 20:20:59', '2013-11-11 20:20:59', NULL, '13966', 5058, 3, 1),
(545, 73, 0, NULL, '2013-11-03 07:19:28', '2013-11-11 20:20:59', '2013-11-11 20:20:59', NULL, '35873', 3084, 6, 1),
(546, 73, 0, NULL, '2012-12-02 01:43:06', '2013-11-11 20:20:59', '2013-11-11 20:20:59', NULL, '69436', 2231, 6, 1),
(547, 73, 0, NULL, '2013-10-24 04:18:22', '2013-11-11 20:20:59', '2013-11-11 20:20:59', NULL, '48722', 8430, 5, 1),
(548, 73, 0, NULL, '2012-12-13 14:53:55', '2013-11-11 20:20:59', '2013-11-11 20:20:59', NULL, '60562', 5674, 5, 1),
(549, 73, 0, NULL, '2013-08-05 17:24:07', '2013-11-11 20:20:59', '2013-11-11 20:20:59', NULL, '10509', 672, 8, 1),
(550, 73, 0, NULL, '2013-05-28 05:28:58', '2013-11-11 20:20:59', '2013-11-11 20:20:59', NULL, '58403', 2514, 2, 1),
(551, 74, 1, NULL, '2013-08-21 17:56:18', '2013-11-11 20:20:59', '2013-11-11 20:20:59', NULL, '45731', 8122, 4, 1),
(552, 74, 0, NULL, '2013-09-25 10:39:25', '2013-11-11 20:20:59', '2013-11-11 20:20:59', NULL, '34271', 4921, 1, 1),
(553, 74, 0, NULL, '2013-03-12 23:21:59', '2013-11-11 20:20:59', '2013-11-11 20:20:59', NULL, '50034', 5961, 0, 1),
(554, 74, 0, NULL, '2013-02-08 09:27:50', '2013-11-11 20:20:59', '2013-11-11 20:20:59', NULL, '93729', 7034, 4, 1),
(555, 74, 0, NULL, '2013-04-20 08:27:18', '2013-11-11 20:20:59', '2013-11-11 20:20:59', NULL, '7546', 1302, 2, 1),
(556, 74, 0, NULL, '2012-12-26 01:30:15', '2013-11-11 20:20:59', '2013-11-11 20:20:59', NULL, '34129', 5403, 6, 1),
(557, 74, 0, NULL, '2013-02-17 14:18:26', '2013-11-11 20:20:59', '2013-11-11 20:20:59', NULL, '46411', 9802, 5, 1),
(558, 74, 0, NULL, '2013-09-04 15:28:58', '2013-11-11 20:20:59', '2013-11-11 20:20:59', NULL, '66105', 7297, 9, 1),
(559, 74, 0, NULL, '2013-08-01 19:49:59', '2013-11-11 20:20:59', '2013-11-11 20:20:59', NULL, '59744', 5885, 0, 1),
(560, 74, 0, NULL, '2013-03-24 14:49:53', '2013-11-11 20:20:59', '2013-11-11 20:20:59', NULL, '20559', 7350, 8, 1),
(561, 74, 0, NULL, '2013-07-31 16:05:58', '2013-11-11 20:20:59', '2013-11-11 20:20:59', NULL, '97994', 354, 7, 1),
(562, 74, 0, NULL, '2013-05-15 03:53:18', '2013-11-11 20:20:59', '2013-11-11 20:20:59', NULL, '24234', 3620, 0, 1),
(563, 74, 0, NULL, '2012-12-27 19:41:08', '2013-11-11 20:20:59', '2013-11-11 20:20:59', NULL, '39303', 7772, 0, 1),
(564, 74, 0, NULL, '2013-10-14 06:32:49', '2013-11-11 20:20:59', '2013-11-11 20:20:59', NULL, '38142', 2329, 6, 1),
(565, 74, 0, NULL, '2013-05-20 21:28:09', '2013-11-11 20:20:59', '2013-11-11 20:20:59', NULL, '11071', 367, 9, 1),
(566, 74, 0, NULL, '2013-02-10 23:48:24', '2013-11-11 20:20:59', '2013-11-11 20:20:59', NULL, '88561', 2243, 0, 1),
(567, 75, 1, NULL, '2013-04-03 05:25:52', '2013-11-11 20:20:59', '2013-11-11 20:20:59', NULL, '23169', 1752, 1, 1),
(568, 75, 0, NULL, '2013-09-06 08:37:34', '2013-11-11 20:20:59', '2013-11-11 20:20:59', NULL, '22386', 4264, 4, 1),
(569, 75, 0, NULL, '2013-04-06 18:00:54', '2013-11-11 20:20:59', '2013-11-11 20:20:59', NULL, '14874', 4764, 9, 1),
(570, 75, 0, NULL, '2013-02-07 17:47:57', '2013-11-11 20:20:59', '2013-11-11 20:20:59', NULL, '4055', 3737, 9, 1),
(571, 76, 1, NULL, '2013-05-29 02:24:01', '2013-11-11 20:20:59', '2013-11-11 20:20:59', NULL, '77744', 7361, 8, 1),
(572, 76, 0, NULL, '2013-04-13 14:08:38', '2013-11-11 20:20:59', '2013-11-11 20:20:59', NULL, '60258', 6814, 5, 1),
(573, 76, 0, NULL, '2012-12-20 09:57:41', '2013-11-11 20:20:59', '2013-11-11 20:20:59', NULL, '14131', 9166, 6, 1),
(574, 76, 0, NULL, '2012-12-09 03:20:26', '2013-11-11 20:20:59', '2013-11-11 20:20:59', NULL, '626', 5612, 4, 1),
(575, 76, 0, NULL, '2013-03-04 19:16:17', '2013-11-11 20:20:59', '2013-11-11 20:20:59', NULL, '81866', 7051, 1, 1),
(576, 76, 0, NULL, '2013-01-02 14:23:54', '2013-11-11 20:20:59', '2013-11-11 20:20:59', NULL, '78902', 1435, 1, 1),
(577, 76, 0, NULL, '2013-06-13 06:41:13', '2013-11-11 20:20:59', '2013-11-11 20:20:59', NULL, '12644', 662, 4, 1),
(578, 76, 0, NULL, '2013-03-26 08:20:12', '2013-11-11 20:20:59', '2013-11-11 20:20:59', NULL, '75344', 6341, 0, 1),
(579, 76, 0, NULL, '2013-04-26 12:47:52', '2013-11-11 20:20:59', '2013-11-11 20:20:59', NULL, '45478', 7409, 7, 1),
(580, 76, 0, NULL, '2013-10-12 17:27:02', '2013-11-11 20:20:59', '2013-11-11 20:20:59', NULL, '89950', 804, 3, 1),
(581, 76, 0, NULL, '2013-04-24 07:55:48', '2013-11-11 20:20:59', '2013-11-11 20:20:59', NULL, '95692', 6713, 0, 1),
(582, 76, 0, NULL, '2013-04-19 10:51:55', '2013-11-11 20:20:59', '2013-11-11 20:20:59', NULL, '89859', 5297, 9, 1),
(583, 76, 0, NULL, '2013-09-27 15:46:27', '2013-11-11 20:20:59', '2013-11-11 20:20:59', NULL, '66256', 765, 8, 1),
(584, 76, 0, NULL, '2013-08-14 10:12:42', '2013-11-11 20:20:59', '2013-11-11 20:20:59', NULL, '25267', 7476, 3, 1),
(585, 76, 0, NULL, '2013-09-20 12:48:19', '2013-11-11 20:20:59', '2013-11-11 20:20:59', NULL, '49780', 8408, 6, 1),
(586, 76, 0, NULL, '2012-11-15 10:45:22', '2013-11-11 20:20:59', '2013-11-11 20:20:59', NULL, '47279', 3365, 5, 1),
(587, 77, 1, NULL, '2013-10-09 23:07:58', '2013-11-11 20:20:59', '2013-11-11 20:20:59', NULL, '97174', 2283, 0, 1),
(588, 77, 0, NULL, '2013-03-16 12:02:38', '2013-11-11 20:20:59', '2013-11-11 20:20:59', NULL, '95921', 8080, 4, 1),
(589, 77, 0, NULL, '2013-07-13 01:39:48', '2013-11-11 20:20:59', '2013-11-11 20:20:59', NULL, '97809', 7733, 0, 1),
(590, 77, 0, NULL, '2013-02-09 02:50:40', '2013-11-11 20:20:59', '2013-11-11 20:20:59', NULL, '66140', 3816, 9, 1),
(591, 77, 0, NULL, '2013-08-22 22:02:40', '2013-11-11 20:20:59', '2013-11-11 20:20:59', NULL, '58959', 8454, 9, 1),
(592, 77, 0, NULL, '2013-07-21 07:41:27', '2013-11-11 20:20:59', '2013-11-11 20:20:59', NULL, '81009', 866, 5, 1),
(593, 77, 0, NULL, '2013-08-15 00:08:06', '2013-11-11 20:20:59', '2013-11-11 20:20:59', NULL, '76386', 6564, 1, 1),
(594, 77, 0, NULL, '2013-08-11 02:37:27', '2013-11-11 20:20:59', '2013-11-11 20:20:59', NULL, '61762', 6082, 7, 1),
(595, 77, 0, NULL, '2013-04-14 03:04:12', '2013-11-11 20:20:59', '2013-11-11 20:20:59', NULL, '19518', 8734, 4, 1),
(596, 77, 0, NULL, '2013-04-16 11:33:46', '2013-11-11 20:20:59', '2013-11-11 20:20:59', NULL, '37222', 6488, 7, 1),
(597, 77, 0, NULL, '2012-11-14 16:45:04', '2013-11-11 20:20:59', '2013-11-11 20:20:59', NULL, '55936', 1827, 1, 1),
(598, 77, 0, NULL, '2013-07-08 17:07:44', '2013-11-11 20:20:59', '2013-11-11 20:20:59', NULL, '31943', 5740, 3, 1),
(599, 77, 0, NULL, '2013-05-12 01:52:45', '2013-11-11 20:20:59', '2013-11-11 20:20:59', NULL, '72838', 8481, 9, 1),
(600, 77, 0, NULL, '2013-06-10 14:26:02', '2013-11-11 20:20:59', '2013-11-11 20:20:59', NULL, '56886', 6480, 4, 1),
(601, 77, 0, NULL, '2013-07-24 19:10:00', '2013-11-11 20:20:59', '2013-11-11 20:20:59', NULL, '21239', 7543, 6, 1),
(602, 77, 0, NULL, '2013-03-02 06:53:17', '2013-11-11 20:20:59', '2013-11-11 20:20:59', NULL, '84348', 3643, 2, 1),
(603, 78, 1, NULL, '2013-08-15 05:54:35', '2013-11-11 20:20:59', '2013-11-11 20:20:59', NULL, '66555', 1391, 3, 1),
(604, 78, 0, NULL, '2013-10-30 15:34:09', '2013-11-11 20:20:59', '2013-11-11 20:20:59', NULL, '24177', 2218, 7, 1),
(605, 78, 0, NULL, '2013-09-26 23:39:12', '2013-11-11 20:20:59', '2013-11-11 20:20:59', NULL, '68285', 4227, 0, 1),
(606, 78, 0, NULL, '2013-10-15 15:20:11', '2013-11-11 20:20:59', '2013-11-11 20:20:59', NULL, '73823', 8269, 7, 1),
(607, 79, 1, NULL, '2013-05-10 06:52:27', '2013-11-11 20:20:59', '2013-11-11 20:20:59', NULL, '29808', 4125, 7, 1),
(608, 79, 0, NULL, '2013-02-12 23:23:12', '2013-11-11 20:20:59', '2013-11-11 20:20:59', NULL, '78354', 2880, 8, 1),
(609, 79, 0, NULL, '2013-01-29 19:20:06', '2013-11-11 20:20:59', '2013-11-11 20:20:59', NULL, '58162', 1849, 9, 1),
(610, 79, 0, NULL, '2013-09-18 00:41:03', '2013-11-11 20:20:59', '2013-11-11 20:20:59', NULL, '42093', 7948, 7, 1),
(611, 80, 1, NULL, '2013-08-10 12:14:15', '2013-11-11 20:20:59', '2013-11-11 20:20:59', NULL, '423693294', 2220, 2, 1),
(612, 81, 1, NULL, '2013-01-25 22:50:41', '2013-11-11 20:21:01', '2013-11-11 20:21:01', NULL, '89910', 3304, 3, 1),
(613, 81, 0, NULL, '2013-07-12 22:20:22', '2013-11-11 20:21:01', '2013-11-11 20:21:01', NULL, '13438', 4730, 6, 1),
(614, 81, 0, NULL, '2012-12-19 22:24:00', '2013-11-11 20:21:01', '2013-11-11 20:21:01', NULL, '39757', 3236, 7, 1),
(615, 81, 0, NULL, '2012-12-17 16:33:01', '2013-11-11 20:21:01', '2013-11-11 20:21:01', NULL, '12567', 8660, 2, 1),
(616, 82, 1, NULL, '2013-05-07 14:47:52', '2013-11-11 20:21:01', '2013-11-11 20:21:01', NULL, '73053', 2512, 9, 1),
(617, 82, 0, NULL, '2013-06-21 17:51:49', '2013-11-11 20:21:01', '2013-11-11 20:21:01', NULL, '52967', 8262, 4, 1),
(618, 82, 0, NULL, '2013-06-18 21:03:54', '2013-11-11 20:21:01', '2013-11-11 20:21:01', NULL, '25106', 5541, 9, 1),
(619, 82, 0, NULL, '2013-09-05 02:14:46', '2013-11-11 20:21:01', '2013-11-11 20:21:01', NULL, '23184', 9304, 1, 1),
(620, 83, 1, NULL, '2013-03-11 10:19:17', '2013-11-11 20:21:01', '2013-11-11 20:21:01', NULL, '52189', 4689, 9, 1),
(621, 83, 0, NULL, '2013-06-19 14:26:44', '2013-11-11 20:21:01', '2013-11-11 20:21:01', NULL, '6092', 6277, 5, 1),
(622, 83, 0, NULL, '2012-12-15 00:33:24', '2013-11-11 20:21:01', '2013-11-11 20:21:01', NULL, '62891', 8330, 8, 1),
(623, 83, 0, NULL, '2013-09-13 01:04:18', '2013-11-11 20:21:01', '2013-11-11 20:21:01', NULL, '37106', 5106, 7, 1),
(624, 83, 0, NULL, '2013-06-09 06:43:01', '2013-11-11 20:21:01', '2013-11-11 20:21:01', NULL, '63740', 7892, 9, 1),
(625, 83, 0, NULL, '2012-12-03 00:31:53', '2013-11-11 20:21:01', '2013-11-11 20:21:01', NULL, '87416', 4270, 5, 1),
(626, 83, 0, NULL, '2013-09-15 11:49:10', '2013-11-11 20:21:01', '2013-11-11 20:21:01', NULL, '35485', 4692, 2, 1),
(627, 83, 0, NULL, '2013-06-01 00:53:06', '2013-11-11 20:21:01', '2013-11-11 20:21:01', NULL, '66876', 1490, 8, 1),
(628, 83, 0, NULL, '2013-01-17 07:08:53', '2013-11-11 20:21:01', '2013-11-11 20:21:01', NULL, '8366', 8895, 2, 1),
(629, 83, 0, NULL, '2013-10-14 11:37:23', '2013-11-11 20:21:01', '2013-11-11 20:21:01', NULL, '35800', 1055, 6, 1),
(630, 83, 0, NULL, '2013-09-11 14:36:32', '2013-11-11 20:21:01', '2013-11-11 20:21:01', NULL, '88450', 5878, 2, 1),
(631, 83, 0, NULL, '2013-05-04 19:43:59', '2013-11-11 20:21:01', '2013-11-11 20:21:01', NULL, '16490', 1000, 8, 1),
(632, 83, 0, NULL, '2012-12-07 17:17:02', '2013-11-11 20:21:01', '2013-11-11 20:21:01', NULL, '75477', 9921, 6, 1),
(633, 83, 0, NULL, '2013-05-11 01:28:17', '2013-11-11 20:21:01', '2013-11-11 20:21:01', NULL, '3232', 6195, 9, 1),
(634, 83, 0, NULL, '2012-12-14 00:09:09', '2013-11-11 20:21:01', '2013-11-11 20:21:01', NULL, '70096', 9468, 7, 1),
(635, 83, 0, NULL, '2013-08-20 03:08:51', '2013-11-11 20:21:01', '2013-11-11 20:21:01', NULL, '74471', 2257, 5, 1),
(636, 84, 1, NULL, '2012-12-27 16:41:36', '2013-11-11 20:21:01', '2013-11-11 20:21:01', NULL, '16181437', 3594, 1, 1),
(637, 85, 1, NULL, '2013-09-15 11:01:19', '2013-11-11 20:21:01', '2013-11-11 20:21:01', NULL, '814', 75, 7, 1),
(638, 85, 0, NULL, '2012-12-12 11:13:46', '2013-11-11 20:21:01', '2013-11-11 20:21:01', NULL, '71245', 2646, 2, 1),
(639, 85, 0, NULL, '2013-05-25 21:10:08', '2013-11-11 20:21:01', '2013-11-11 20:21:01', NULL, '55320', 262, 9, 1),
(640, 85, 0, NULL, '2013-03-28 03:27:38', '2013-11-11 20:21:01', '2013-11-11 20:21:01', NULL, '9080', 3679, 3, 1),
(641, 86, 1, NULL, '2012-11-18 03:50:17', '2013-11-11 20:21:01', '2013-11-11 20:21:01', NULL, '24900', 4481, 7, 1),
(642, 86, 0, NULL, '2013-04-05 07:13:34', '2013-11-11 20:21:01', '2013-11-11 20:21:01', NULL, '64639', 4562, 5, 1),
(643, 86, 0, NULL, '2013-05-21 11:43:58', '2013-11-11 20:21:01', '2013-11-11 20:21:01', NULL, '28739', 9144, 7, 1),
(644, 86, 0, NULL, '2013-03-09 15:09:17', '2013-11-11 20:21:01', '2013-11-11 20:21:01', NULL, '81876', 1182, 6, 1),
(645, 87, 1, NULL, '2013-04-05 04:11:43', '2013-11-11 20:21:01', '2013-11-11 20:21:01', NULL, '38014', 903, 0, 1),
(646, 87, 0, NULL, '2012-12-29 05:32:15', '2013-11-11 20:21:01', '2013-11-11 20:21:01', NULL, '57678', 8517, 7, 1),
(647, 87, 0, NULL, '2013-11-02 19:35:59', '2013-11-11 20:21:01', '2013-11-11 20:21:01', NULL, '99181', 9477, 1, 1),
(648, 87, 0, NULL, '2013-09-29 09:11:30', '2013-11-11 20:21:01', '2013-11-11 20:21:01', NULL, '64355', 578, 3, 1),
(649, 87, 0, NULL, '2013-03-21 15:34:19', '2013-11-11 20:21:01', '2013-11-11 20:21:01', NULL, '84975', 4684, 3, 1),
(650, 87, 0, NULL, '2013-05-19 19:51:02', '2013-11-11 20:21:01', '2013-11-11 20:21:01', NULL, '14248', 6384, 0, 1),
(651, 87, 0, NULL, '2012-11-17 15:32:44', '2013-11-11 20:21:01', '2013-11-11 20:21:01', NULL, '49028', 2113, 0, 1),
(652, 87, 0, NULL, '2013-05-06 12:55:48', '2013-11-11 20:21:01', '2013-11-11 20:21:01', NULL, '61063', 1590, 0, 1),
(653, 87, 0, NULL, '2013-01-05 23:43:02', '2013-11-11 20:21:01', '2013-11-11 20:21:01', NULL, '79009', 4590, 6, 1),
(654, 87, 0, NULL, '2013-05-24 18:53:27', '2013-11-11 20:21:01', '2013-11-11 20:21:01', NULL, '41161', 6763, 5, 1),
(655, 87, 0, NULL, '2012-12-31 14:45:28', '2013-11-11 20:21:01', '2013-11-11 20:21:01', NULL, '81204', 3239, 8, 1),
(656, 87, 0, NULL, '2013-09-12 13:06:20', '2013-11-11 20:21:01', '2013-11-11 20:21:01', NULL, '21501', 9062, 0, 1),
(657, 87, 0, NULL, '2013-07-29 14:22:18', '2013-11-11 20:21:01', '2013-11-11 20:21:01', NULL, '5845', 6959, 2, 1),
(658, 87, 0, NULL, '2013-07-28 22:17:30', '2013-11-11 20:21:01', '2013-11-11 20:21:01', NULL, '39322', 3318, 7, 1),
(659, 87, 0, NULL, '2013-05-15 02:02:44', '2013-11-11 20:21:01', '2013-11-11 20:21:01', NULL, '62071', 7187, 8, 1),
(660, 87, 0, NULL, '2013-01-21 17:37:44', '2013-11-11 20:21:01', '2013-11-11 20:21:01', NULL, '82939', 820, 5, 1),
(661, 88, 1, NULL, '2013-04-10 11:26:08', '2013-11-11 20:21:01', '2013-11-11 20:21:01', NULL, '35178', 5770, 6, 1),
(662, 88, 0, NULL, '2013-10-21 02:33:14', '2013-11-11 20:21:01', '2013-11-11 20:21:01', NULL, '76936', 5485, 4, 1),
(663, 88, 0, NULL, '2013-02-16 08:03:37', '2013-11-11 20:21:01', '2013-11-11 20:21:01', NULL, '15163', 811, 7, 1),
(664, 88, 0, NULL, '2013-08-16 06:51:43', '2013-11-11 20:21:01', '2013-11-11 20:21:01', NULL, '92346', 9461, 2, 1),
(665, 88, 0, NULL, '2013-07-10 12:49:25', '2013-11-11 20:21:01', '2013-11-11 20:21:01', NULL, '76886', 2055, 4, 1),
(666, 88, 0, NULL, '2013-10-29 18:15:47', '2013-11-11 20:21:01', '2013-11-11 20:21:01', NULL, '78087', 1336, 4, 1),
(667, 88, 0, NULL, '2013-08-19 03:43:52', '2013-11-11 20:21:01', '2013-11-11 20:21:01', NULL, '58153', 5281, 4, 1),
(668, 88, 0, NULL, '2013-02-18 10:06:59', '2013-11-11 20:21:01', '2013-11-11 20:21:01', NULL, '64431', 7847, 1, 1),
(669, 88, 0, NULL, '2013-09-21 09:43:28', '2013-11-11 20:21:01', '2013-11-11 20:21:01', NULL, '13466', 2684, 2, 1),
(670, 88, 0, NULL, '2012-11-19 12:29:36', '2013-11-11 20:21:01', '2013-11-11 20:21:01', NULL, '37704', 9655, 8, 1),
(671, 88, 0, NULL, '2013-02-02 19:54:05', '2013-11-11 20:21:01', '2013-11-11 20:21:01', NULL, '56941', 6796, 3, 1),
(672, 88, 0, NULL, '2013-07-23 23:39:58', '2013-11-11 20:21:01', '2013-11-11 20:21:01', NULL, '48058', 7920, 2, 1),
(673, 88, 0, NULL, '2012-11-17 15:38:26', '2013-11-11 20:21:01', '2013-11-11 20:21:01', NULL, '52077', 7090, 4, 1),
(674, 88, 0, NULL, '2013-05-14 05:23:16', '2013-11-11 20:21:01', '2013-11-11 20:21:01', NULL, '75768', 7767, 7, 1),
(675, 88, 0, NULL, '2013-02-02 03:29:39', '2013-11-11 20:21:01', '2013-11-11 20:21:01', NULL, '84991', 6657, 4, 1),
(676, 88, 0, NULL, '2013-09-03 03:37:49', '2013-11-11 20:21:01', '2013-11-11 20:21:01', NULL, '23984', 5623, 2, 1),
(677, 89, 1, NULL, '2013-04-25 03:52:47', '2013-11-11 20:21:01', '2013-11-11 20:21:01', NULL, '445929525', 2934, 7, 1),
(678, 90, 1, NULL, '2013-06-06 13:44:33', '2013-11-11 20:21:01', '2013-11-11 20:21:01', NULL, '76486', 1464, 5, 1),
(679, 90, 0, NULL, '2013-02-19 20:46:15', '2013-11-11 20:21:01', '2013-11-11 20:21:01', NULL, '40731', 6532, 9, 1),
(680, 90, 0, NULL, '2013-06-10 06:10:21', '2013-11-11 20:21:01', '2013-11-11 20:21:01', NULL, '18679', 4842, 1, 1),
(681, 90, 0, NULL, '2013-05-24 10:31:15', '2013-11-11 20:21:01', '2013-11-11 20:21:01', NULL, '57995', 6727, 2, 1),
(682, 90, 0, NULL, '2012-11-22 12:22:54', '2013-11-11 20:21:01', '2013-11-11 20:21:01', NULL, '76914', 546, 5, 1),
(683, 90, 0, NULL, '2013-02-10 07:28:25', '2013-11-11 20:21:01', '2013-11-11 20:21:01', NULL, '44382', 2598, 3, 1),
(684, 90, 0, NULL, '2012-12-18 09:51:18', '2013-11-11 20:21:01', '2013-11-11 20:21:01', NULL, '57938', 398, 3, 1),
(685, 90, 0, NULL, '2013-05-09 10:48:42', '2013-11-11 20:21:01', '2013-11-11 20:21:01', NULL, '35305', 7730, 8, 1),
(686, 90, 0, NULL, '2013-06-11 19:11:19', '2013-11-11 20:21:01', '2013-11-11 20:21:01', NULL, '43324', 7570, 8, 1),
(687, 90, 0, NULL, '2013-04-21 01:27:42', '2013-11-11 20:21:01', '2013-11-11 20:21:01', NULL, '20330', 6595, 5, 1),
(688, 90, 0, NULL, '2013-07-07 23:11:58', '2013-11-11 20:21:01', '2013-11-11 20:21:01', NULL, '72435', 6505, 4, 1),
(689, 90, 0, NULL, '2013-08-06 09:35:49', '2013-11-11 20:21:01', '2013-11-11 20:21:01', NULL, '98606', 670, 4, 1),
(690, 90, 0, NULL, '2013-10-26 07:45:49', '2013-11-11 20:21:01', '2013-11-11 20:21:01', NULL, '6089', 8562, 1, 1),
(691, 90, 0, NULL, '2013-05-09 00:39:35', '2013-11-11 20:21:01', '2013-11-11 20:21:01', NULL, '33639', 3963, 4, 1),
(692, 90, 0, NULL, '2013-02-14 04:23:15', '2013-11-11 20:21:01', '2013-11-11 20:21:01', NULL, '1097', 7595, 2, 1),
(693, 90, 0, NULL, '2013-08-30 22:30:13', '2013-11-11 20:21:01', '2013-11-11 20:21:01', NULL, '99329', 7145, 3, 1),
(694, 91, 1, NULL, '2012-12-29 05:32:34', '2013-11-11 20:21:01', '2013-11-11 20:21:01', NULL, '14669', 7355, 9, 1),
(695, 91, 0, NULL, '2012-11-21 19:43:39', '2013-11-11 20:21:01', '2013-11-11 20:21:01', NULL, '35153', 307, 9, 1),
(696, 91, 0, NULL, '2013-11-05 01:04:09', '2013-11-11 20:21:01', '2013-11-11 20:21:01', NULL, '53422', 3466, 2, 1),
(697, 91, 0, NULL, '2013-10-19 14:29:38', '2013-11-11 20:21:01', '2013-11-11 20:21:01', NULL, '16138', 47, 3, 1),
(698, 92, 1, NULL, '2013-09-10 09:31:21', '2013-11-11 20:21:01', '2013-11-11 20:21:01', NULL, '939942800', 2602, 0, 1),
(699, 93, 1, NULL, '2013-10-11 17:41:33', '2013-11-11 20:21:01', '2013-11-11 20:21:01', NULL, '829251465', 1025, 6, 1),
(700, 94, 1, NULL, '2012-12-08 10:18:48', '2013-11-11 20:21:01', '2013-11-11 20:21:01', NULL, '73863', 6447, 9, 1),
(701, 94, 0, NULL, '2013-10-25 18:26:14', '2013-11-11 20:21:01', '2013-11-11 20:21:01', NULL, '43684', 8646, 8, 1),
(702, 94, 0, NULL, '2012-11-20 07:25:00', '2013-11-11 20:21:01', '2013-11-11 20:21:01', NULL, '74130', 8224, 0, 1),
(703, 94, 0, NULL, '2013-07-12 22:07:32', '2013-11-11 20:21:01', '2013-11-11 20:21:01', NULL, '42963', 2001, 4, 1),
(704, 95, 1, NULL, '2013-01-31 04:04:09', '2013-11-11 20:21:01', '2013-11-11 20:21:01', NULL, '47753', 881, 0, 1),
(705, 95, 0, NULL, '2013-04-26 22:50:19', '2013-11-11 20:21:01', '2013-11-11 20:21:01', NULL, '16833', 9709, 5, 1),
(706, 95, 0, NULL, '2013-04-18 08:56:15', '2013-11-11 20:21:01', '2013-11-11 20:21:01', NULL, '56116', 4015, 0, 1),
(707, 95, 0, NULL, '2013-05-27 13:51:37', '2013-11-11 20:21:01', '2013-11-11 20:21:01', NULL, '46891', 4466, 7, 1),
(708, 96, 1, NULL, '2013-07-06 18:51:39', '2013-11-11 20:21:01', '2013-11-11 20:21:01', NULL, '618199306', 4254, 3, 1),
(709, 97, 1, NULL, '2013-08-12 10:48:16', '2013-11-11 20:21:01', '2013-11-11 20:21:01', NULL, '1810', 9654, 6, 1),
(710, 97, 0, NULL, '2013-09-06 04:24:28', '2013-11-11 20:21:01', '2013-11-11 20:21:01', NULL, '1225', 9981, 6, 1),
(711, 97, 0, NULL, '2012-11-25 12:27:20', '2013-11-11 20:21:01', '2013-11-11 20:21:01', NULL, '60946', 8317, 2, 1),
(712, 97, 0, NULL, '2012-12-31 00:54:48', '2013-11-11 20:21:01', '2013-11-11 20:21:01', NULL, '72679', 3119, 9, 1),
(713, 98, 1, NULL, '2013-02-12 18:49:44', '2013-11-11 20:21:01', '2013-11-11 20:21:01', NULL, '23114', 6460, 1, 1),
(714, 98, 0, NULL, '2013-10-27 14:12:06', '2013-11-11 20:21:01', '2013-11-11 20:21:01', NULL, '89959', 5667, 5, 1),
(715, 98, 0, NULL, '2013-07-14 20:39:40', '2013-11-11 20:21:01', '2013-11-11 20:21:01', NULL, '58758', 8928, 7, 1),
(716, 98, 0, NULL, '2013-03-18 19:12:31', '2013-11-11 20:21:01', '2013-11-11 20:21:01', NULL, '6667', 7064, 5, 1),
(717, 99, 1, NULL, '2013-04-08 05:40:36', '2013-11-11 20:21:01', '2013-11-11 20:21:01', NULL, '319548057', 8867, 9, 1),
(718, 100, 1, NULL, '2013-08-25 20:18:03', '2013-11-11 20:21:01', '2013-11-11 20:21:01', NULL, '1199762595', 4813, 3, 1),
(719, 101, 1, NULL, '2013-05-23 05:52:01', '2013-11-11 20:21:03', '2013-11-11 20:21:03', NULL, '131700681', 8987, 1, 1),
(720, 102, 1, NULL, '2013-09-29 21:47:15', '2013-11-11 20:21:03', '2013-11-11 20:21:03', NULL, '11928', 3993, 3, 1),
(721, 102, 0, NULL, '2013-06-28 13:06:45', '2013-11-11 20:21:03', '2013-11-11 20:21:03', NULL, '18670', 2372, 5, 1),
(722, 102, 0, NULL, '2013-03-14 09:54:16', '2013-11-11 20:21:03', '2013-11-11 20:21:03', NULL, '30807', 2091, 0, 1),
(723, 102, 0, NULL, '2013-08-10 10:37:21', '2013-11-11 20:21:03', '2013-11-11 20:21:03', NULL, '64489', 8863, 5, 1),
(724, 103, 1, NULL, '2013-04-06 04:59:02', '2013-11-11 20:21:03', '2013-11-11 20:21:03', NULL, '42416', 7892, 7, 1),
(725, 103, 0, NULL, '2013-03-11 18:56:16', '2013-11-11 20:21:03', '2013-11-11 20:21:03', NULL, '86674', 2401, 9, 1),
(726, 103, 0, NULL, '2013-01-19 03:41:23', '2013-11-11 20:21:03', '2013-11-11 20:21:03', NULL, '87338', 8291, 5, 1),
(727, 103, 0, NULL, '2013-05-09 16:42:29', '2013-11-11 20:21:03', '2013-11-11 20:21:03', NULL, '12865', 8144, 5, 1),
(728, 103, 0, NULL, '2013-02-16 03:39:09', '2013-11-11 20:21:03', '2013-11-11 20:21:03', NULL, '19851', 3013, 2, 1),
(729, 103, 0, NULL, '2012-12-18 13:53:28', '2013-11-11 20:21:03', '2013-11-11 20:21:03', NULL, '72872', 1439, 5, 1),
(730, 103, 0, NULL, '2013-09-23 06:49:01', '2013-11-11 20:21:03', '2013-11-11 20:21:03', NULL, '40924', 3637, 6, 1),
(731, 103, 0, NULL, '2012-12-28 06:05:01', '2013-11-11 20:21:03', '2013-11-11 20:21:03', NULL, '91329', 9544, 0, 1),
(732, 103, 0, NULL, '2013-05-29 22:53:07', '2013-11-11 20:21:03', '2013-11-11 20:21:03', NULL, '53574', 9166, 7, 1),
(733, 103, 0, NULL, '2013-09-16 09:24:41', '2013-11-11 20:21:03', '2013-11-11 20:21:03', NULL, '8257', 3061, 9, 1),
(734, 103, 0, NULL, '2013-03-15 15:21:17', '2013-11-11 20:21:03', '2013-11-11 20:21:03', NULL, '89321', 118, 7, 1),
(735, 103, 0, NULL, '2013-06-13 10:41:32', '2013-11-11 20:21:03', '2013-11-11 20:21:03', NULL, '55358', 1459, 6, 1),
(736, 103, 0, NULL, '2013-01-23 12:04:00', '2013-11-11 20:21:03', '2013-11-11 20:21:03', NULL, '85605', 865, 5, 1),
(737, 103, 0, NULL, '2013-10-25 18:56:36', '2013-11-11 20:21:03', '2013-11-11 20:21:03', NULL, '61764', 5567, 2, 1),
(738, 103, 0, NULL, '2013-10-02 04:20:04', '2013-11-11 20:21:03', '2013-11-11 20:21:03', NULL, '71305', 1711, 1, 1),
(739, 103, 0, NULL, '2013-10-19 17:47:18', '2013-11-11 20:21:03', '2013-11-11 20:21:03', NULL, '51319', 7212, 4, 1),
(740, 104, 1, NULL, '2013-05-26 01:15:17', '2013-11-11 20:21:03', '2013-11-11 20:21:03', NULL, '5431', 1012, 3, 1),
(741, 104, 0, NULL, '2013-04-14 21:19:11', '2013-11-11 20:21:03', '2013-11-11 20:21:03', NULL, '71062', 7753, 4, 1),
(742, 104, 0, NULL, '2013-11-09 12:31:22', '2013-11-11 20:21:03', '2013-11-11 20:21:03', NULL, '88445', 4633, 4, 1),
(743, 104, 0, NULL, '2013-06-22 20:25:44', '2013-11-11 20:21:03', '2013-11-11 20:21:03', NULL, '14945', 2473, 6, 1),
(744, 104, 0, NULL, '2012-12-05 18:53:37', '2013-11-11 20:21:03', '2013-11-11 20:21:03', NULL, '72281', 4981, 0, 1),
(745, 104, 0, NULL, '2013-08-31 03:07:58', '2013-11-11 20:21:03', '2013-11-11 20:21:03', NULL, '38219', 9182, 6, 1),
(746, 104, 0, NULL, '2013-04-24 03:41:46', '2013-11-11 20:21:03', '2013-11-11 20:21:03', NULL, '41257', 7560, 1, 1),
(747, 104, 0, NULL, '2013-01-01 21:37:55', '2013-11-11 20:21:03', '2013-11-11 20:21:03', NULL, '8715', 8440, 5, 1),
(748, 104, 0, NULL, '2013-01-30 05:34:40', '2013-11-11 20:21:03', '2013-11-11 20:21:03', NULL, '69838', 572, 2, 1),
(749, 104, 0, NULL, '2013-03-04 10:06:47', '2013-11-11 20:21:03', '2013-11-11 20:21:03', NULL, '83436', 4292, 0, 1),
(750, 104, 0, NULL, '2012-11-12 16:44:28', '2013-11-11 20:21:03', '2013-11-11 20:21:03', NULL, '30720', 9252, 5, 1),
(751, 104, 0, NULL, '2013-03-19 06:30:55', '2013-11-11 20:21:03', '2013-11-11 20:21:03', NULL, '98212', 1565, 2, 1),
(752, 104, 0, NULL, '2013-07-04 04:02:59', '2013-11-11 20:21:03', '2013-11-11 20:21:03', NULL, '98037', 5068, 2, 1),
(753, 104, 0, NULL, '2013-08-16 04:39:04', '2013-11-11 20:21:03', '2013-11-11 20:21:03', NULL, '79782', 6286, 6, 1),
(754, 104, 0, NULL, '2013-05-12 05:43:49', '2013-11-11 20:21:03', '2013-11-11 20:21:03', NULL, '74312', 8868, 8, 1),
(755, 104, 0, NULL, '2013-07-05 06:12:10', '2013-11-11 20:21:03', '2013-11-11 20:21:03', NULL, '66158', 9119, 1, 1),
(756, 105, 1, NULL, '2013-03-08 01:13:58', '2013-11-11 20:21:03', '2013-11-11 20:21:03', NULL, '33797', 2074, 8, 1),
(757, 105, 0, NULL, '2013-09-01 15:49:57', '2013-11-11 20:21:03', '2013-11-11 20:21:03', NULL, '82810', 5282, 2, 1),
(758, 105, 0, NULL, '2013-08-17 20:09:07', '2013-11-11 20:21:03', '2013-11-11 20:21:03', NULL, '22405', 38, 9, 1),
(759, 105, 0, NULL, '2013-08-10 21:17:43', '2013-11-11 20:21:03', '2013-11-11 20:21:03', NULL, '63048', 8225, 1, 1),
(760, 106, 1, NULL, '2013-06-26 16:11:18', '2013-11-11 20:21:03', '2013-11-11 20:21:03', NULL, '65242', 4351, 9, 1),
(761, 106, 0, NULL, '2013-05-07 19:58:16', '2013-11-11 20:21:03', '2013-11-11 20:21:03', NULL, '46617', 7650, 0, 1),
(762, 106, 0, NULL, '2013-01-20 19:40:35', '2013-11-11 20:21:03', '2013-11-11 20:21:03', NULL, '87143', 8429, 8, 1),
(763, 106, 0, NULL, '2013-05-06 11:14:38', '2013-11-11 20:21:03', '2013-11-11 20:21:03', NULL, '34226', 5959, 5, 1),
(764, 107, 1, NULL, '2013-01-22 19:12:16', '2013-11-11 20:21:03', '2013-11-11 20:21:03', NULL, '60256', 1702, 0, 1),
(765, 107, 0, NULL, '2013-04-15 12:33:41', '2013-11-11 20:21:03', '2013-11-11 20:21:03', NULL, '29491', 5644, 3, 1),
(766, 107, 0, NULL, '2013-01-23 11:02:46', '2013-11-11 20:21:03', '2013-11-11 20:21:03', NULL, '82849', 9980, 3, 1),
(767, 107, 0, NULL, '2013-06-06 13:16:42', '2013-11-11 20:21:03', '2013-11-11 20:21:03', NULL, '82513', 3960, 2, 1),
(768, 108, 1, NULL, '2013-10-13 07:53:36', '2013-11-11 20:21:03', '2013-11-11 20:21:03', NULL, '49760', 9016, 4, 1),
(769, 108, 0, NULL, '2013-03-08 19:36:55', '2013-11-11 20:21:03', '2013-11-11 20:21:03', NULL, '60503', 2610, 1, 1),
(770, 108, 0, NULL, '2013-10-08 07:14:59', '2013-11-11 20:21:03', '2013-11-11 20:21:03', NULL, '9459', 5649, 2, 1),
(771, 108, 0, NULL, '2013-07-02 12:36:03', '2013-11-11 20:21:03', '2013-11-11 20:21:03', NULL, '33422', 2398, 3, 1),
(772, 109, 1, NULL, '2013-03-10 21:46:29', '2013-11-11 20:21:03', '2013-11-11 20:21:03', NULL, '53622', 4849, 8, 1),
(773, 109, 0, NULL, '2013-11-09 06:04:45', '2013-11-11 20:21:03', '2013-11-11 20:21:03', NULL, '46004', 8474, 0, 1),
(774, 109, 0, NULL, '2013-06-06 09:46:54', '2013-11-11 20:21:03', '2013-11-11 20:21:03', NULL, '64797', 8016, 3, 1),
(775, 109, 0, NULL, '2012-12-09 12:19:04', '2013-11-11 20:21:03', '2013-11-11 20:21:03', NULL, '48458', 419, 6, 1),
(776, 109, 0, NULL, '2013-01-30 02:10:22', '2013-11-11 20:21:03', '2013-11-11 20:21:03', NULL, '46331', 9917, 4, 1),
(777, 109, 0, NULL, '2013-08-07 03:38:35', '2013-11-11 20:21:03', '2013-11-11 20:21:03', NULL, '66316', 6541, 6, 1),
(778, 109, 0, NULL, '2013-01-15 08:59:14', '2013-11-11 20:21:03', '2013-11-11 20:21:03', NULL, '51578', 7369, 9, 1),
(779, 109, 0, NULL, '2012-12-06 15:22:42', '2013-11-11 20:21:03', '2013-11-11 20:21:03', NULL, '47896', 494, 6, 1),
(780, 109, 0, NULL, '2013-04-19 22:56:45', '2013-11-11 20:21:03', '2013-11-11 20:21:03', NULL, '16956', 4470, 1, 1),
(781, 109, 0, NULL, '2013-09-26 03:26:13', '2013-11-11 20:21:03', '2013-11-11 20:21:03', NULL, '26210', 2276, 5, 1),
(782, 109, 0, NULL, '2013-02-14 22:10:24', '2013-11-11 20:21:03', '2013-11-11 20:21:03', NULL, '28801', 4486, 3, 1),
(783, 109, 0, NULL, '2013-09-08 09:53:03', '2013-11-11 20:21:03', '2013-11-11 20:21:03', NULL, '21421', 4514, 1, 1),
(784, 109, 0, NULL, '2013-06-16 16:31:26', '2013-11-11 20:21:03', '2013-11-11 20:21:03', NULL, '37067', 2983, 8, 1),
(785, 109, 0, NULL, '2013-09-28 05:11:59', '2013-11-11 20:21:03', '2013-11-11 20:21:03', NULL, '6077', 7484, 7, 1),
(786, 109, 0, NULL, '2013-07-11 17:10:45', '2013-11-11 20:21:03', '2013-11-11 20:21:03', NULL, '96119', 9322, 7, 1),
(787, 109, 0, NULL, '2012-12-16 23:11:04', '2013-11-11 20:21:03', '2013-11-11 20:21:03', NULL, '17039', 2440, 8, 1),
(788, 110, 1, NULL, '2013-01-18 04:28:03', '2013-11-11 20:21:03', '2013-11-11 20:21:03', NULL, '60820', 7995, 9, 1),
(789, 110, 0, NULL, '2012-12-18 18:22:08', '2013-11-11 20:21:03', '2013-11-11 20:21:03', NULL, '37109', 6836, 6, 1),
(790, 110, 0, NULL, '2013-10-21 08:38:04', '2013-11-11 20:21:03', '2013-11-11 20:21:03', NULL, '18235', 6436, 1, 1),
(791, 110, 0, NULL, '2013-06-22 11:48:18', '2013-11-11 20:21:03', '2013-11-11 20:21:03', NULL, '79225', 6782, 3, 1),
(792, 111, 1, NULL, '2013-06-30 08:34:40', '2013-11-11 20:21:03', '2013-11-11 20:21:03', NULL, '359141447', 4515, 6, 1),
(793, 112, 1, NULL, '2013-09-25 09:37:55', '2013-11-11 20:21:03', '2013-11-11 20:21:03', NULL, '15123', 5331, 5, 1),
(794, 112, 0, NULL, '2013-01-20 15:31:02', '2013-11-11 20:21:03', '2013-11-11 20:21:03', NULL, '46255', 1597, 0, 1),
(795, 112, 0, NULL, '2013-11-05 11:56:09', '2013-11-11 20:21:03', '2013-11-11 20:21:03', NULL, '38356', 7418, 6, 1),
(796, 112, 0, NULL, '2013-07-03 04:10:22', '2013-11-11 20:21:03', '2013-11-11 20:21:03', NULL, '14240', 1983, 7, 1),
(797, 113, 1, NULL, '2012-11-24 11:23:46', '2013-11-11 20:21:03', '2013-11-11 20:21:03', NULL, '263657828', 6993, 2, 1),
(798, 114, 1, NULL, '2013-08-28 10:07:56', '2013-11-11 20:21:03', '2013-11-11 20:21:03', NULL, '162913555', 3177, 5, 1),
(799, 115, 1, NULL, '2013-05-17 10:19:04', '2013-11-11 20:21:03', '2013-11-11 20:21:03', NULL, '902958583', 872, 6, 1),
(800, 116, 1, NULL, '2013-08-02 04:48:58', '2013-11-11 20:21:03', '2013-11-11 20:21:03', NULL, '25827', 6975, 5, 1),
(801, 116, 0, NULL, '2012-11-20 12:39:51', '2013-11-11 20:21:03', '2013-11-11 20:21:03', NULL, '36550', 6190, 0, 1),
(802, 116, 0, NULL, '2012-12-12 02:16:07', '2013-11-11 20:21:03', '2013-11-11 20:21:03', NULL, '10606', 1030, 6, 1),
(803, 116, 0, NULL, '2013-05-24 15:21:56', '2013-11-11 20:21:03', '2013-11-11 20:21:03', NULL, '68052', 8157, 6, 1),
(804, 117, 1, NULL, '2012-12-08 04:56:56', '2013-11-11 20:21:03', '2013-11-11 20:21:03', NULL, '178755671', 49, 8, 1),
(805, 118, 1, NULL, '2013-04-12 00:01:12', '2013-11-11 20:21:03', '2013-11-11 20:21:03', NULL, '80328', 8594, 8, 1),
(806, 118, 0, NULL, '2013-03-07 05:36:58', '2013-11-11 20:21:03', '2013-11-11 20:21:03', NULL, '64605', 2511, 1, 1),
(807, 118, 0, NULL, '2013-03-31 14:47:55', '2013-11-11 20:21:03', '2013-11-11 20:21:03', NULL, '95305', 9205, 4, 1),
(808, 118, 0, NULL, '2012-12-30 16:25:47', '2013-11-11 20:21:03', '2013-11-11 20:21:03', NULL, '3422', 3789, 0, 1),
(809, 119, 1, NULL, '2013-09-28 07:44:18', '2013-11-11 20:21:03', '2013-11-11 20:21:03', NULL, '66368', 7899, 9, 1),
(810, 119, 0, NULL, '2013-09-19 00:17:19', '2013-11-11 20:21:03', '2013-11-11 20:21:03', NULL, '13373', 4450, 0, 1),
(811, 119, 0, NULL, '2013-10-25 10:18:41', '2013-11-11 20:21:03', '2013-11-11 20:21:03', NULL, '21701', 8492, 4, 1),
(812, 119, 0, NULL, '2013-08-04 18:04:05', '2013-11-11 20:21:03', '2013-11-11 20:21:03', NULL, '39160', 9494, 2, 1),
(813, 119, 0, NULL, '2013-07-12 11:24:47', '2013-11-11 20:21:03', '2013-11-11 20:21:03', NULL, '2801', 6609, 6, 1),
(814, 119, 0, NULL, '2013-11-07 02:52:18', '2013-11-11 20:21:03', '2013-11-11 20:21:03', NULL, '83544', 9272, 0, 1),
(815, 119, 0, NULL, '2013-01-06 23:58:29', '2013-11-11 20:21:03', '2013-11-11 20:21:03', NULL, '58739', 2211, 7, 1),
(816, 119, 0, NULL, '2013-10-16 16:23:44', '2013-11-11 20:21:03', '2013-11-11 20:21:03', NULL, '85398', 7722, 1, 1),
(817, 119, 0, NULL, '2013-01-07 02:12:40', '2013-11-11 20:21:03', '2013-11-11 20:21:03', NULL, '82885', 3967, 7, 1),
(818, 119, 0, NULL, '2012-11-27 05:24:47', '2013-11-11 20:21:03', '2013-11-11 20:21:03', NULL, '79994', 171, 8, 1),
(819, 119, 0, NULL, '2013-10-13 04:08:48', '2013-11-11 20:21:03', '2013-11-11 20:21:03', NULL, '56865', 5470, 4, 1),
(820, 119, 0, NULL, '2013-02-23 06:08:54', '2013-11-11 20:21:03', '2013-11-11 20:21:03', NULL, '90672', 6891, 1, 1),
(821, 119, 0, NULL, '2013-03-11 21:31:57', '2013-11-11 20:21:03', '2013-11-11 20:21:03', NULL, '8154', 2366, 4, 1),
(822, 119, 0, NULL, '2013-10-05 11:44:21', '2013-11-11 20:21:03', '2013-11-11 20:21:03', NULL, '90611', 275, 7, 1),
(823, 119, 0, NULL, '2013-09-06 13:37:11', '2013-11-11 20:21:03', '2013-11-11 20:21:03', NULL, '27700', 3350, 2, 1),
(824, 119, 0, NULL, '2013-01-22 08:32:32', '2013-11-11 20:21:03', '2013-11-11 20:21:03', NULL, '20545', 5040, 0, 1),
(825, 120, 1, NULL, '2013-05-15 22:42:14', '2013-11-11 20:21:03', '2013-11-11 20:21:03', NULL, '46188', 8693, 0, 1),
(826, 120, 0, NULL, '2013-05-24 03:00:56', '2013-11-11 20:21:03', '2013-11-11 20:21:03', NULL, '66815', 3504, 4, 1),
(827, 120, 0, NULL, '2013-06-14 17:06:29', '2013-11-11 20:21:03', '2013-11-11 20:21:03', NULL, '9748', 1845, 6, 1),
(828, 120, 0, NULL, '2012-12-30 09:25:31', '2013-11-11 20:21:03', '2013-11-11 20:21:03', NULL, '35657', 560, 3, 1),
(829, 120, 0, NULL, '2013-01-04 14:56:05', '2013-11-11 20:21:03', '2013-11-11 20:21:03', NULL, '58512', 902, 4, 1),
(830, 120, 0, NULL, '2013-04-30 09:31:43', '2013-11-11 20:21:03', '2013-11-11 20:21:03', NULL, '3332', 5021, 6, 1),
(831, 120, 0, NULL, '2013-02-27 10:31:10', '2013-11-11 20:21:03', '2013-11-11 20:21:03', NULL, '64088', 7521, 7, 1),
(832, 120, 0, NULL, '2013-01-25 19:55:50', '2013-11-11 20:21:03', '2013-11-11 20:21:03', NULL, '75591', 6366, 4, 1),
(833, 120, 0, NULL, '2012-12-03 23:54:32', '2013-11-11 20:21:03', '2013-11-11 20:21:03', NULL, '59649', 4937, 4, 1),
(834, 120, 0, NULL, '2012-11-21 04:47:15', '2013-11-11 20:21:03', '2013-11-11 20:21:03', NULL, '22369', 9762, 8, 1),
(835, 120, 0, NULL, '2013-10-20 09:02:17', '2013-11-11 20:21:03', '2013-11-11 20:21:03', NULL, '22718', 6420, 3, 1),
(836, 120, 0, NULL, '2013-03-10 02:49:02', '2013-11-11 20:21:03', '2013-11-11 20:21:03', NULL, '26316', 3954, 5, 1),
(837, 120, 0, NULL, '2013-04-21 11:58:52', '2013-11-11 20:21:03', '2013-11-11 20:21:03', NULL, '10073', 4559, 0, 1),
(838, 120, 0, NULL, '2013-09-10 03:05:04', '2013-11-11 20:21:03', '2013-11-11 20:21:03', NULL, '94302', 6158, 4, 1),
(839, 120, 0, NULL, '2013-06-15 09:45:14', '2013-11-11 20:21:03', '2013-11-11 20:21:03', NULL, '54934', 6483, 1, 1),
(840, 120, 0, NULL, '2013-09-19 00:05:03', '2013-11-11 20:21:03', '2013-11-11 20:21:03', NULL, '47193', 8265, 7, 1);

-- --------------------------------------------------------

--
-- Table structure for table `sylius_variant_image`
--

CREATE TABLE IF NOT EXISTS `sylius_variant_image` (
  `id` int(11) NOT NULL AUTO_INCREMENT,
  `variant_id` int(11) DEFAULT NULL,
  `path` varchar(255) COLLATE utf8_unicode_ci NOT NULL,
  `created_at` datetime NOT NULL,
  `updated_at` datetime DEFAULT NULL,
  PRIMARY KEY (`id`),
  KEY `IDX_A910AF2C3B69A9AF` (`variant_id`)
) ENGINE=InnoDB  DEFAULT CHARSET=utf8 COLLATE=utf8_unicode_ci AUTO_INCREMENT=125 ;

--
-- Dumping data for table `sylius_variant_image`
--

INSERT INTO `sylius_variant_image` (`id`, `variant_id`, `path`, `created_at`, `updated_at`) VALUES
(1, NULL, '81/92/1291d3f5a0f2fcacf4cc198bd8de.jpeg', '2013-11-11 20:20:52', '2013-11-11 20:20:52'),
(2, NULL, '25/d5/af427dfe959e234683c64d3d59af.jpeg', '2013-11-11 20:20:52', '2013-11-11 20:20:52'),
(3, NULL, '14/d3/a483f511d88d70ee4f9f251d2cbc.jpeg', '2013-11-11 20:20:52', '2013-11-11 20:20:52'),
(4, NULL, '7c/1c/13ce692431ee680b8a776fec7a20.jpeg', '2013-11-11 20:20:52', '2013-11-11 20:20:52'),
(5, 1, '81/92/1291d3f5a0f2fcacf4cc198bd8de.jpeg', '2013-11-11 20:20:52', '2013-11-11 20:20:52'),
(6, 17, '7c/1c/13ce692431ee680b8a776fec7a20.jpeg', '2013-11-11 20:20:52', '2013-11-11 20:20:52'),
(7, 21, '14/d3/a483f511d88d70ee4f9f251d2cbc.jpeg', '2013-11-11 20:20:52', '2013-11-11 20:20:52'),
(8, 25, '7c/1c/13ce692431ee680b8a776fec7a20.jpeg', '2013-11-11 20:20:52', '2013-11-11 20:20:52'),
(9, 29, '81/92/1291d3f5a0f2fcacf4cc198bd8de.jpeg', '2013-11-11 20:20:52', '2013-11-11 20:20:52'),
(10, 45, '81/92/1291d3f5a0f2fcacf4cc198bd8de.jpeg', '2013-11-11 20:20:52', '2013-11-11 20:20:52'),
(11, 61, '25/d5/af427dfe959e234683c64d3d59af.jpeg', '2013-11-11 20:20:52', '2013-11-11 20:20:52'),
(12, 62, '81/92/1291d3f5a0f2fcacf4cc198bd8de.jpeg', '2013-11-11 20:20:52', '2013-11-11 20:20:52'),
(13, 78, '81/92/1291d3f5a0f2fcacf4cc198bd8de.jpeg', '2013-11-11 20:20:52', '2013-11-11 20:20:52'),
(14, 94, '14/d3/a483f511d88d70ee4f9f251d2cbc.jpeg', '2013-11-11 20:20:52', '2013-11-11 20:20:52'),
(15, 98, '81/92/1291d3f5a0f2fcacf4cc198bd8de.jpeg', '2013-11-11 20:20:52', '2013-11-11 20:20:52'),
(16, 114, '14/d3/a483f511d88d70ee4f9f251d2cbc.jpeg', '2013-11-11 20:20:52', '2013-11-11 20:20:52'),
(17, 118, '7c/1c/13ce692431ee680b8a776fec7a20.jpeg', '2013-11-11 20:20:52', '2013-11-11 20:20:52'),
(18, 122, '14/d3/a483f511d88d70ee4f9f251d2cbc.jpeg', '2013-11-11 20:20:52', '2013-11-11 20:20:52'),
(19, 126, '7c/1c/13ce692431ee680b8a776fec7a20.jpeg', '2013-11-11 20:20:52', '2013-11-11 20:20:52'),
(20, 130, '7c/1c/13ce692431ee680b8a776fec7a20.jpeg', '2013-11-11 20:20:52', '2013-11-11 20:20:52'),
(21, 134, '7c/1c/13ce692431ee680b8a776fec7a20.jpeg', '2013-11-11 20:20:52', '2013-11-11 20:20:52'),
(22, 138, '25/d5/af427dfe959e234683c64d3d59af.jpeg', '2013-11-11 20:20:52', '2013-11-11 20:20:52'),
(23, 139, '14/d3/a483f511d88d70ee4f9f251d2cbc.jpeg', '2013-11-11 20:20:52', '2013-11-11 20:20:52'),
(24, 143, '81/92/1291d3f5a0f2fcacf4cc198bd8de.jpeg', '2013-11-11 20:20:52', '2013-11-11 20:20:52'),
(25, 159, '7c/1c/13ce692431ee680b8a776fec7a20.jpeg', '2013-11-11 20:20:52', '2013-11-11 20:20:52'),
(26, 163, '7c/1c/13ce692431ee680b8a776fec7a20.jpeg', '2013-11-11 20:20:52', '2013-11-11 20:20:52'),
(27, 167, '7c/1c/13ce692431ee680b8a776fec7a20.jpeg', '2013-11-11 20:20:52', '2013-11-11 20:20:52'),
(28, 171, '81/92/1291d3f5a0f2fcacf4cc198bd8de.jpeg', '2013-11-11 20:20:52', '2013-11-11 20:20:52'),
(29, 187, '7c/1c/13ce692431ee680b8a776fec7a20.jpeg', '2013-11-11 20:20:52', '2013-11-11 20:20:52'),
(30, 191, '25/d5/af427dfe959e234683c64d3d59af.jpeg', '2013-11-11 20:20:52', '2013-11-11 20:20:52'),
(31, 192, '81/92/1291d3f5a0f2fcacf4cc198bd8de.jpeg', '2013-11-11 20:20:52', '2013-11-11 20:20:52'),
(32, 208, '25/d5/af427dfe959e234683c64d3d59af.jpeg', '2013-11-11 20:20:52', '2013-11-11 20:20:52'),
(33, 209, '14/d3/a483f511d88d70ee4f9f251d2cbc.jpeg', '2013-11-11 20:20:52', '2013-11-11 20:20:52'),
(34, 213, '14/d3/a483f511d88d70ee4f9f251d2cbc.jpeg', '2013-11-11 20:20:52', '2013-11-11 20:20:52'),
(35, 217, '14/d3/a483f511d88d70ee4f9f251d2cbc.jpeg', '2013-11-11 20:20:52', '2013-11-11 20:20:52'),
(36, 221, '81/92/1291d3f5a0f2fcacf4cc198bd8de.jpeg', '2013-11-11 20:20:52', '2013-11-11 20:20:52'),
(37, 237, '25/d5/af427dfe959e234683c64d3d59af.jpeg', '2013-11-11 20:20:52', '2013-11-11 20:20:52'),
(38, 238, '14/d3/a483f511d88d70ee4f9f251d2cbc.jpeg', '2013-11-11 20:20:52', '2013-11-11 20:20:52'),
(39, 242, '7c/1c/13ce692431ee680b8a776fec7a20.jpeg', '2013-11-11 20:20:52', '2013-11-11 20:20:52'),
(40, 246, '81/92/1291d3f5a0f2fcacf4cc198bd8de.jpeg', '2013-11-11 20:20:52', '2013-11-11 20:20:52'),
(41, 262, '25/d5/af427dfe959e234683c64d3d59af.jpeg', '2013-11-11 20:20:52', '2013-11-11 20:20:52'),
(42, 263, '14/d3/a483f511d88d70ee4f9f251d2cbc.jpeg', '2013-11-11 20:20:52', '2013-11-11 20:20:52'),
(43, 267, '81/92/1291d3f5a0f2fcacf4cc198bd8de.jpeg', '2013-11-11 20:20:52', '2013-11-11 20:20:52'),
(44, 283, '81/92/1291d3f5a0f2fcacf4cc198bd8de.jpeg', '2013-11-11 20:20:52', '2013-11-11 20:20:52'),
(45, 299, '25/d5/af427dfe959e234683c64d3d59af.jpeg', '2013-11-11 20:20:52', '2013-11-11 20:20:52'),
(46, 300, '81/92/1291d3f5a0f2fcacf4cc198bd8de.jpeg', '2013-11-11 20:20:52', '2013-11-11 20:20:52'),
(47, 316, '81/92/1291d3f5a0f2fcacf4cc198bd8de.jpeg', '2013-11-11 20:20:52', '2013-11-11 20:20:52'),
(48, 332, '25/d5/af427dfe959e234683c64d3d59af.jpeg', '2013-11-11 20:20:52', '2013-11-11 20:20:52'),
(49, 333, '7c/1c/13ce692431ee680b8a776fec7a20.jpeg', '2013-11-11 20:20:52', '2013-11-11 20:20:52'),
(50, 337, '14/d3/a483f511d88d70ee4f9f251d2cbc.jpeg', '2013-11-11 20:20:52', '2013-11-11 20:20:52'),
(51, 341, '25/d5/af427dfe959e234683c64d3d59af.jpeg', '2013-11-11 20:20:52', '2013-11-11 20:20:52'),
(52, 342, '7c/1c/13ce692431ee680b8a776fec7a20.jpeg', '2013-11-11 20:20:52', '2013-11-11 20:20:52'),
(53, 346, '81/92/1291d3f5a0f2fcacf4cc198bd8de.jpeg', '2013-11-11 20:20:52', '2013-11-11 20:20:52'),
(54, 362, '7c/1c/13ce692431ee680b8a776fec7a20.jpeg', '2013-11-11 20:20:52', '2013-11-11 20:20:52'),
(55, 366, '7c/1c/13ce692431ee680b8a776fec7a20.jpeg', '2013-11-11 20:20:52', '2013-11-11 20:20:52'),
(56, 370, '7c/1c/13ce692431ee680b8a776fec7a20.jpeg', '2013-11-11 20:20:52', '2013-11-11 20:20:52'),
(57, 374, '25/d5/af427dfe959e234683c64d3d59af.jpeg', '2013-11-11 20:20:52', '2013-11-11 20:20:52'),
(58, 375, '81/92/1291d3f5a0f2fcacf4cc198bd8de.jpeg', '2013-11-11 20:20:52', '2013-11-11 20:20:52'),
(59, 391, '81/92/1291d3f5a0f2fcacf4cc198bd8de.jpeg', '2013-11-11 20:20:52', '2013-11-11 20:20:52'),
(60, 407, '25/d5/af427dfe959e234683c64d3d59af.jpeg', '2013-11-11 20:20:52', '2013-11-11 20:20:52'),
(61, 408, '14/d3/a483f511d88d70ee4f9f251d2cbc.jpeg', '2013-11-11 20:20:52', '2013-11-11 20:20:52'),
(62, 412, '14/d3/a483f511d88d70ee4f9f251d2cbc.jpeg', '2013-11-11 20:20:52', '2013-11-11 20:20:52'),
(63, 416, '25/d5/af427dfe959e234683c64d3d59af.jpeg', '2013-11-11 20:20:52', '2013-11-11 20:20:52'),
(64, 417, '81/92/1291d3f5a0f2fcacf4cc198bd8de.jpeg', '2013-11-11 20:20:52', '2013-11-11 20:20:52'),
(65, 433, '14/d3/a483f511d88d70ee4f9f251d2cbc.jpeg', '2013-11-11 20:20:52', '2013-11-11 20:20:52'),
(66, 437, '81/92/1291d3f5a0f2fcacf4cc198bd8de.jpeg', '2013-11-11 20:20:52', '2013-11-11 20:20:52'),
(67, 453, '7c/1c/13ce692431ee680b8a776fec7a20.jpeg', '2013-11-11 20:20:52', '2013-11-11 20:20:52'),
(68, 457, '81/92/1291d3f5a0f2fcacf4cc198bd8de.jpeg', '2013-11-11 20:20:52', '2013-11-11 20:20:52'),
(69, 473, '7c/1c/13ce692431ee680b8a776fec7a20.jpeg', '2013-11-11 20:20:52', '2013-11-11 20:20:52'),
(70, 477, '14/d3/a483f511d88d70ee4f9f251d2cbc.jpeg', '2013-11-11 20:20:52', '2013-11-11 20:20:52'),
(71, 481, '81/92/1291d3f5a0f2fcacf4cc198bd8de.jpeg', '2013-11-11 20:20:52', '2013-11-11 20:20:52'),
(72, 497, '81/92/1291d3f5a0f2fcacf4cc198bd8de.jpeg', '2013-11-11 20:20:52', '2013-11-11 20:20:52'),
(73, 513, '25/d5/af427dfe959e234683c64d3d59af.jpeg', '2013-11-11 20:20:52', '2013-11-11 20:20:52'),
(74, 514, '25/d5/af427dfe959e234683c64d3d59af.jpeg', '2013-11-11 20:20:52', '2013-11-11 20:20:52'),
(75, 515, '14/d3/a483f511d88d70ee4f9f251d2cbc.jpeg', '2013-11-11 20:20:52', '2013-11-11 20:20:52'),
(76, 519, '81/92/1291d3f5a0f2fcacf4cc198bd8de.jpeg', '2013-11-11 20:20:52', '2013-11-11 20:20:52'),
(77, 535, '81/92/1291d3f5a0f2fcacf4cc198bd8de.jpeg', '2013-11-11 20:20:52', '2013-11-11 20:20:52'),
(78, 551, '81/92/1291d3f5a0f2fcacf4cc198bd8de.jpeg', '2013-11-11 20:20:52', '2013-11-11 20:20:52'),
(79, 567, '7c/1c/13ce692431ee680b8a776fec7a20.jpeg', '2013-11-11 20:20:52', '2013-11-11 20:20:52'),
(80, 571, '81/92/1291d3f5a0f2fcacf4cc198bd8de.jpeg', '2013-11-11 20:20:52', '2013-11-11 20:20:52'),
(81, 587, '81/92/1291d3f5a0f2fcacf4cc198bd8de.jpeg', '2013-11-11 20:20:52', '2013-11-11 20:20:52'),
(82, 603, '14/d3/a483f511d88d70ee4f9f251d2cbc.jpeg', '2013-11-11 20:20:52', '2013-11-11 20:20:52'),
(83, 607, '14/d3/a483f511d88d70ee4f9f251d2cbc.jpeg', '2013-11-11 20:20:52', '2013-11-11 20:20:52'),
(84, 611, '25/d5/af427dfe959e234683c64d3d59af.jpeg', '2013-11-11 20:20:52', '2013-11-11 20:20:52'),
(85, 612, '14/d3/a483f511d88d70ee4f9f251d2cbc.jpeg', '2013-11-11 20:20:52', '2013-11-11 20:20:52'),
(86, 616, '7c/1c/13ce692431ee680b8a776fec7a20.jpeg', '2013-11-11 20:20:52', '2013-11-11 20:20:52'),
(87, 620, '81/92/1291d3f5a0f2fcacf4cc198bd8de.jpeg', '2013-11-11 20:20:52', '2013-11-11 20:20:52'),
(88, 636, '25/d5/af427dfe959e234683c64d3d59af.jpeg', '2013-11-11 20:20:52', '2013-11-11 20:20:52'),
(89, 637, '7c/1c/13ce692431ee680b8a776fec7a20.jpeg', '2013-11-11 20:20:52', '2013-11-11 20:20:52'),
(90, 641, '7c/1c/13ce692431ee680b8a776fec7a20.jpeg', '2013-11-11 20:20:52', '2013-11-11 20:20:52'),
(91, 645, '81/92/1291d3f5a0f2fcacf4cc198bd8de.jpeg', '2013-11-11 20:20:52', '2013-11-11 20:20:52'),
(92, 661, '81/92/1291d3f5a0f2fcacf4cc198bd8de.jpeg', '2013-11-11 20:20:52', '2013-11-11 20:20:52'),
(93, 677, '25/d5/af427dfe959e234683c64d3d59af.jpeg', '2013-11-11 20:20:52', '2013-11-11 20:20:52'),
(94, 678, '81/92/1291d3f5a0f2fcacf4cc198bd8de.jpeg', '2013-11-11 20:20:52', '2013-11-11 20:20:52'),
(95, 694, '7c/1c/13ce692431ee680b8a776fec7a20.jpeg', '2013-11-11 20:20:52', '2013-11-11 20:20:52'),
(96, 698, '25/d5/af427dfe959e234683c64d3d59af.jpeg', '2013-11-11 20:20:52', '2013-11-11 20:20:52'),
(97, 699, '25/d5/af427dfe959e234683c64d3d59af.jpeg', '2013-11-11 20:20:52', '2013-11-11 20:20:52'),
(98, 700, '7c/1c/13ce692431ee680b8a776fec7a20.jpeg', '2013-11-11 20:20:52', '2013-11-11 20:20:52'),
(99, 704, '7c/1c/13ce692431ee680b8a776fec7a20.jpeg', '2013-11-11 20:20:52', '2013-11-11 20:20:52'),
(100, 708, '25/d5/af427dfe959e234683c64d3d59af.jpeg', '2013-11-11 20:20:52', '2013-11-11 20:20:52'),
(101, 709, '14/d3/a483f511d88d70ee4f9f251d2cbc.jpeg', '2013-11-11 20:20:52', '2013-11-11 20:20:52'),
(102, 713, '7c/1c/13ce692431ee680b8a776fec7a20.jpeg', '2013-11-11 20:20:52', '2013-11-11 20:20:52'),
(103, 717, '25/d5/af427dfe959e234683c64d3d59af.jpeg', '2013-11-11 20:20:52', '2013-11-11 20:20:52'),
(104, 718, '25/d5/af427dfe959e234683c64d3d59af.jpeg', '2013-11-11 20:20:52', '2013-11-11 20:20:52'),
(105, 719, '25/d5/af427dfe959e234683c64d3d59af.jpeg', '2013-11-11 20:20:52', '2013-11-11 20:20:52'),
(106, 720, '7c/1c/13ce692431ee680b8a776fec7a20.jpeg', '2013-11-11 20:20:52', '2013-11-11 20:20:52'),
(107, 724, '81/92/1291d3f5a0f2fcacf4cc198bd8de.jpeg', '2013-11-11 20:20:52', '2013-11-11 20:20:52'),
(108, 740, '81/92/1291d3f5a0f2fcacf4cc198bd8de.jpeg', '2013-11-11 20:20:52', '2013-11-11 20:20:52'),
(109, 756, '7c/1c/13ce692431ee680b8a776fec7a20.jpeg', '2013-11-11 20:20:52', '2013-11-11 20:20:52'),
(110, 760, '14/d3/a483f511d88d70ee4f9f251d2cbc.jpeg', '2013-11-11 20:20:52', '2013-11-11 20:20:52'),
(111, 764, '14/d3/a483f511d88d70ee4f9f251d2cbc.jpeg', '2013-11-11 20:20:52', '2013-11-11 20:20:52'),
(112, 768, '7c/1c/13ce692431ee680b8a776fec7a20.jpeg', '2013-11-11 20:20:52', '2013-11-11 20:20:52'),
(113, 772, '81/92/1291d3f5a0f2fcacf4cc198bd8de.jpeg', '2013-11-11 20:20:52', '2013-11-11 20:20:52'),
(114, 788, '14/d3/a483f511d88d70ee4f9f251d2cbc.jpeg', '2013-11-11 20:20:52', '2013-11-11 20:20:52'),
(115, 792, '25/d5/af427dfe959e234683c64d3d59af.jpeg', '2013-11-11 20:20:52', '2013-11-11 20:20:52'),
(116, 793, '14/d3/a483f511d88d70ee4f9f251d2cbc.jpeg', '2013-11-11 20:20:52', '2013-11-11 20:20:52'),
(117, 797, '25/d5/af427dfe959e234683c64d3d59af.jpeg', '2013-11-11 20:20:52', '2013-11-11 20:20:52'),
(118, 798, '25/d5/af427dfe959e234683c64d3d59af.jpeg', '2013-11-11 20:20:52', '2013-11-11 20:20:52'),
(119, 799, '25/d5/af427dfe959e234683c64d3d59af.jpeg', '2013-11-11 20:20:52', '2013-11-11 20:20:52'),
(120, 800, '7c/1c/13ce692431ee680b8a776fec7a20.jpeg', '2013-11-11 20:20:52', '2013-11-11 20:20:52'),
(121, 804, '25/d5/af427dfe959e234683c64d3d59af.jpeg', '2013-11-11 20:20:52', '2013-11-11 20:20:52'),
(122, 805, '14/d3/a483f511d88d70ee4f9f251d2cbc.jpeg', '2013-11-11 20:20:52', '2013-11-11 20:20:52'),
(123, 809, '81/92/1291d3f5a0f2fcacf4cc198bd8de.jpeg', '2013-11-11 20:20:52', '2013-11-11 20:20:52'),
(124, 825, '81/92/1291d3f5a0f2fcacf4cc198bd8de.jpeg', '2013-11-11 20:20:52', '2013-11-11 20:20:52');

-- --------------------------------------------------------

--
-- Table structure for table `sylius_variant_option_value`
--

CREATE TABLE IF NOT EXISTS `sylius_variant_option_value` (
  `variant_id` int(11) NOT NULL,
  `option_value_id` int(11) NOT NULL,
  PRIMARY KEY (`variant_id`,`option_value_id`),
  KEY `IDX_C2666DC93B69A9AF` (`variant_id`),
  KEY `IDX_C2666DC9D957CA06` (`option_value_id`)
) ENGINE=InnoDB DEFAULT CHARSET=utf8 COLLATE=utf8_unicode_ci;

--
-- Dumping data for table `sylius_variant_option_value`
--

INSERT INTO `sylius_variant_option_value` (`variant_id`, `option_value_id`) VALUES
(2, 1),
(2, 6),
(3, 1),
(3, 7),
(4, 1),
(4, 8),
(5, 2),
(5, 6),
(6, 2),
(6, 7),
(7, 2),
(7, 8),
(8, 3),
(8, 6),
(9, 3),
(9, 7),
(10, 3),
(10, 8),
(11, 4),
(11, 6),
(12, 4),
(12, 7),
(13, 4),
(13, 8),
(14, 5),
(14, 6),
(15, 5),
(15, 7),
(16, 5),
(16, 8),
(18, 12),
(19, 13),
(20, 14),
(22, 9),
(23, 10),
(24, 11),
(26, 12),
(27, 13),
(28, 14),
(30, 1),
(30, 6),
(31, 1),
(31, 7),
(32, 1),
(32, 8),
(33, 2),
(33, 6),
(34, 2),
(34, 7),
(35, 2),
(35, 8),
(36, 3),
(36, 6),
(37, 3),
(37, 7),
(38, 3),
(38, 8),
(39, 4),
(39, 6),
(40, 4),
(40, 7),
(41, 4),
(41, 8),
(42, 5),
(42, 6),
(43, 5),
(43, 7),
(44, 5),
(44, 8),
(46, 1),
(46, 6),
(47, 1),
(47, 7),
(48, 1),
(48, 8),
(49, 2),
(49, 6),
(50, 2),
(50, 7),
(51, 2),
(51, 8),
(52, 3),
(52, 6),
(53, 3),
(53, 7),
(54, 3),
(54, 8),
(55, 4),
(55, 6),
(56, 4),
(56, 7),
(57, 4),
(57, 8),
(58, 5),
(58, 6),
(59, 5),
(59, 7),
(60, 5),
(60, 8),
(63, 1),
(63, 6),
(64, 1),
(64, 7),
(65, 1),
(65, 8),
(66, 2),
(66, 6),
(67, 2),
(67, 7),
(68, 2),
(68, 8),
(69, 3),
(69, 6),
(70, 3),
(70, 7),
(71, 3),
(71, 8),
(72, 4),
(72, 6),
(73, 4),
(73, 7),
(74, 4),
(74, 8),
(75, 5),
(75, 6),
(76, 5),
(76, 7),
(77, 5),
(77, 8),
(79, 1),
(79, 6),
(80, 1),
(80, 7),
(81, 1),
(81, 8),
(82, 2),
(82, 6),
(83, 2),
(83, 7),
(84, 2),
(84, 8),
(85, 3),
(85, 6),
(86, 3),
(86, 7),
(87, 3),
(87, 8),
(88, 4),
(88, 6),
(89, 4),
(89, 7),
(90, 4),
(90, 8),
(91, 5),
(91, 6),
(92, 5),
(92, 7),
(93, 5),
(93, 8),
(95, 9),
(96, 10),
(97, 11),
(99, 1),
(99, 6),
(100, 1),
(100, 7),
(101, 1),
(101, 8),
(102, 2),
(102, 6),
(103, 2),
(103, 7),
(104, 2),
(104, 8),
(105, 3),
(105, 6),
(106, 3),
(106, 7),
(107, 3),
(107, 8),
(108, 4),
(108, 6),
(109, 4),
(109, 7),
(110, 4),
(110, 8),
(111, 5),
(111, 6),
(112, 5),
(112, 7),
(113, 5),
(113, 8),
(115, 9),
(116, 10),
(117, 11),
(119, 12),
(120, 13),
(121, 14),
(123, 9),
(124, 10),
(125, 11),
(127, 12),
(128, 13),
(129, 14),
(131, 12),
(132, 13),
(133, 14),
(135, 12),
(136, 13),
(137, 14),
(140, 9),
(141, 10),
(142, 11),
(144, 1),
(144, 6),
(145, 1),
(145, 7),
(146, 1),
(146, 8),
(147, 2),
(147, 6),
(148, 2),
(148, 7),
(149, 2),
(149, 8),
(150, 3),
(150, 6),
(151, 3),
(151, 7),
(152, 3),
(152, 8),
(153, 4),
(153, 6),
(154, 4),
(154, 7),
(155, 4),
(155, 8),
(156, 5),
(156, 6),
(157, 5),
(157, 7),
(158, 5),
(158, 8),
(160, 12),
(161, 13),
(162, 14),
(164, 12),
(165, 13),
(166, 14),
(168, 12),
(169, 13),
(170, 14),
(172, 1),
(172, 6),
(173, 1),
(173, 7),
(174, 1),
(174, 8),
(175, 2),
(175, 6),
(176, 2),
(176, 7),
(177, 2),
(177, 8),
(178, 3),
(178, 6),
(179, 3),
(179, 7),
(180, 3),
(180, 8),
(181, 4),
(181, 6),
(182, 4),
(182, 7),
(183, 4),
(183, 8),
(184, 5),
(184, 6),
(185, 5),
(185, 7),
(186, 5),
(186, 8),
(188, 12),
(189, 13),
(190, 14),
(193, 1),
(193, 6),
(194, 1),
(194, 7),
(195, 1),
(195, 8),
(196, 2),
(196, 6),
(197, 2),
(197, 7),
(198, 2),
(198, 8),
(199, 3),
(199, 6),
(200, 3),
(200, 7),
(201, 3),
(201, 8),
(202, 4),
(202, 6),
(203, 4),
(203, 7),
(204, 4),
(204, 8),
(205, 5),
(205, 6),
(206, 5),
(206, 7),
(207, 5),
(207, 8),
(210, 9),
(211, 10),
(212, 11),
(214, 9),
(215, 10),
(216, 11),
(218, 9),
(219, 10),
(220, 11),
(222, 1),
(222, 6),
(223, 1),
(223, 7),
(224, 1),
(224, 8),
(225, 2),
(225, 6),
(226, 2),
(226, 7),
(227, 2),
(227, 8),
(228, 3),
(228, 6),
(229, 3),
(229, 7),
(230, 3),
(230, 8),
(231, 4),
(231, 6),
(232, 4),
(232, 7),
(233, 4),
(233, 8),
(234, 5),
(234, 6),
(235, 5),
(235, 7),
(236, 5),
(236, 8),
(239, 9),
(240, 10),
(241, 11),
(243, 12),
(244, 13),
(245, 14),
(247, 1),
(247, 6),
(248, 1),
(248, 7),
(249, 1),
(249, 8),
(250, 2),
(250, 6),
(251, 2),
(251, 7),
(252, 2),
(252, 8),
(253, 3),
(253, 6),
(254, 3),
(254, 7),
(255, 3),
(255, 8),
(256, 4),
(256, 6),
(257, 4),
(257, 7),
(258, 4),
(258, 8),
(259, 5),
(259, 6),
(260, 5),
(260, 7),
(261, 5),
(261, 8),
(264, 9),
(265, 10),
(266, 11),
(268, 1),
(268, 6),
(269, 1),
(269, 7),
(270, 1),
(270, 8),
(271, 2),
(271, 6),
(272, 2),
(272, 7),
(273, 2),
(273, 8),
(274, 3),
(274, 6),
(275, 3),
(275, 7),
(276, 3),
(276, 8),
(277, 4),
(277, 6),
(278, 4),
(278, 7),
(279, 4),
(279, 8),
(280, 5),
(280, 6),
(281, 5),
(281, 7),
(282, 5),
(282, 8),
(284, 1),
(284, 6),
(285, 1),
(285, 7),
(286, 1),
(286, 8),
(287, 2),
(287, 6),
(288, 2),
(288, 7),
(289, 2),
(289, 8),
(290, 3),
(290, 6),
(291, 3),
(291, 7),
(292, 3),
(292, 8),
(293, 4),
(293, 6),
(294, 4),
(294, 7),
(295, 4),
(295, 8),
(296, 5),
(296, 6),
(297, 5),
(297, 7),
(298, 5),
(298, 8),
(301, 1),
(301, 6),
(302, 1),
(302, 7),
(303, 1),
(303, 8),
(304, 2),
(304, 6),
(305, 2),
(305, 7),
(306, 2),
(306, 8),
(307, 3),
(307, 6),
(308, 3),
(308, 7),
(309, 3),
(309, 8),
(310, 4),
(310, 6),
(311, 4),
(311, 7),
(312, 4),
(312, 8),
(313, 5),
(313, 6),
(314, 5),
(314, 7),
(315, 5),
(315, 8),
(317, 1),
(317, 6),
(318, 1),
(318, 7),
(319, 1),
(319, 8),
(320, 2),
(320, 6),
(321, 2),
(321, 7),
(322, 2),
(322, 8),
(323, 3),
(323, 6),
(324, 3),
(324, 7),
(325, 3),
(325, 8),
(326, 4),
(326, 6),
(327, 4),
(327, 7),
(328, 4),
(328, 8),
(329, 5),
(329, 6),
(330, 5),
(330, 7),
(331, 5),
(331, 8),
(334, 12),
(335, 13),
(336, 14),
(338, 9),
(339, 10),
(340, 11),
(343, 12),
(344, 13),
(345, 14),
(347, 1),
(347, 6),
(348, 1),
(348, 7),
(349, 1),
(349, 8),
(350, 2),
(350, 6),
(351, 2),
(351, 7),
(352, 2),
(352, 8),
(353, 3),
(353, 6),
(354, 3),
(354, 7),
(355, 3),
(355, 8),
(356, 4),
(356, 6),
(357, 4),
(357, 7),
(358, 4),
(358, 8),
(359, 5),
(359, 6),
(360, 5),
(360, 7),
(361, 5),
(361, 8),
(363, 12),
(364, 13),
(365, 14),
(367, 12),
(368, 13),
(369, 14),
(371, 12),
(372, 13),
(373, 14),
(376, 1),
(376, 6),
(377, 1),
(377, 7),
(378, 1),
(378, 8),
(379, 2),
(379, 6),
(380, 2),
(380, 7),
(381, 2),
(381, 8),
(382, 3),
(382, 6),
(383, 3),
(383, 7),
(384, 3),
(384, 8),
(385, 4),
(385, 6),
(386, 4),
(386, 7),
(387, 4),
(387, 8),
(388, 5),
(388, 6),
(389, 5),
(389, 7),
(390, 5),
(390, 8),
(392, 1),
(392, 6),
(393, 1),
(393, 7),
(394, 1),
(394, 8),
(395, 2),
(395, 6),
(396, 2),
(396, 7),
(397, 2),
(397, 8),
(398, 3),
(398, 6),
(399, 3),
(399, 7),
(400, 3),
(400, 8),
(401, 4),
(401, 6),
(402, 4),
(402, 7),
(403, 4),
(403, 8),
(404, 5),
(404, 6),
(405, 5),
(405, 7),
(406, 5),
(406, 8),
(409, 9),
(410, 10),
(411, 11),
(413, 9),
(414, 10),
(415, 11),
(418, 1),
(418, 6),
(419, 1),
(419, 7),
(420, 1),
(420, 8),
(421, 2),
(421, 6),
(422, 2),
(422, 7),
(423, 2),
(423, 8),
(424, 3),
(424, 6),
(425, 3),
(425, 7),
(426, 3),
(426, 8),
(427, 4),
(427, 6),
(428, 4),
(428, 7),
(429, 4),
(429, 8),
(430, 5),
(430, 6),
(431, 5),
(431, 7),
(432, 5),
(432, 8),
(434, 9),
(435, 10),
(436, 11),
(438, 1),
(438, 6),
(439, 1),
(439, 7),
(440, 1),
(440, 8),
(441, 2),
(441, 6),
(442, 2),
(442, 7),
(443, 2),
(443, 8),
(444, 3),
(444, 6),
(445, 3),
(445, 7),
(446, 3),
(446, 8),
(447, 4),
(447, 6),
(448, 4),
(448, 7),
(449, 4),
(449, 8),
(450, 5),
(450, 6),
(451, 5),
(451, 7),
(452, 5),
(452, 8),
(454, 12),
(455, 13),
(456, 14),
(458, 1),
(458, 6),
(459, 1),
(459, 7),
(460, 1),
(460, 8),
(461, 2),
(461, 6),
(462, 2),
(462, 7),
(463, 2),
(463, 8),
(464, 3),
(464, 6),
(465, 3),
(465, 7),
(466, 3),
(466, 8),
(467, 4),
(467, 6),
(468, 4),
(468, 7),
(469, 4),
(469, 8),
(470, 5),
(470, 6),
(471, 5),
(471, 7),
(472, 5),
(472, 8),
(474, 12),
(475, 13),
(476, 14),
(478, 9),
(479, 10),
(480, 11),
(482, 1),
(482, 6),
(483, 1),
(483, 7),
(484, 1),
(484, 8),
(485, 2),
(485, 6),
(486, 2),
(486, 7),
(487, 2),
(487, 8),
(488, 3),
(488, 6),
(489, 3),
(489, 7),
(490, 3),
(490, 8),
(491, 4),
(491, 6),
(492, 4),
(492, 7),
(493, 4),
(493, 8),
(494, 5),
(494, 6),
(495, 5),
(495, 7),
(496, 5),
(496, 8),
(498, 1),
(498, 6),
(499, 1),
(499, 7),
(500, 1),
(500, 8),
(501, 2),
(501, 6),
(502, 2),
(502, 7),
(503, 2),
(503, 8),
(504, 3),
(504, 6),
(505, 3),
(505, 7),
(506, 3),
(506, 8),
(507, 4),
(507, 6),
(508, 4),
(508, 7),
(509, 4),
(509, 8),
(510, 5),
(510, 6),
(511, 5),
(511, 7),
(512, 5),
(512, 8),
(516, 9),
(517, 10),
(518, 11),
(520, 1),
(520, 6),
(521, 1),
(521, 7),
(522, 1),
(522, 8),
(523, 2),
(523, 6),
(524, 2),
(524, 7),
(525, 2),
(525, 8),
(526, 3),
(526, 6),
(527, 3),
(527, 7),
(528, 3),
(528, 8),
(529, 4),
(529, 6),
(530, 4),
(530, 7),
(531, 4),
(531, 8),
(532, 5),
(532, 6),
(533, 5),
(533, 7),
(534, 5),
(534, 8),
(536, 1),
(536, 6),
(537, 1),
(537, 7),
(538, 1),
(538, 8),
(539, 2),
(539, 6),
(540, 2),
(540, 7),
(541, 2),
(541, 8),
(542, 3),
(542, 6),
(543, 3),
(543, 7),
(544, 3),
(544, 8),
(545, 4),
(545, 6),
(546, 4),
(546, 7),
(547, 4),
(547, 8),
(548, 5),
(548, 6),
(549, 5),
(549, 7),
(550, 5),
(550, 8),
(552, 1),
(552, 6),
(553, 1),
(553, 7),
(554, 1),
(554, 8),
(555, 2),
(555, 6),
(556, 2),
(556, 7),
(557, 2),
(557, 8),
(558, 3),
(558, 6),
(559, 3),
(559, 7),
(560, 3),
(560, 8),
(561, 4),
(561, 6),
(562, 4),
(562, 7),
(563, 4),
(563, 8),
(564, 5),
(564, 6),
(565, 5),
(565, 7),
(566, 5),
(566, 8),
(568, 12),
(569, 13),
(570, 14),
(572, 1),
(572, 6),
(573, 1),
(573, 7),
(574, 1),
(574, 8),
(575, 2),
(575, 6),
(576, 2),
(576, 7),
(577, 2),
(577, 8),
(578, 3),
(578, 6),
(579, 3),
(579, 7),
(580, 3),
(580, 8),
(581, 4),
(581, 6),
(582, 4),
(582, 7),
(583, 4),
(583, 8),
(584, 5),
(584, 6),
(585, 5),
(585, 7),
(586, 5),
(586, 8),
(588, 1),
(588, 6),
(589, 1),
(589, 7),
(590, 1),
(590, 8),
(591, 2),
(591, 6),
(592, 2),
(592, 7),
(593, 2),
(593, 8),
(594, 3),
(594, 6),
(595, 3),
(595, 7),
(596, 3),
(596, 8),
(597, 4),
(597, 6),
(598, 4),
(598, 7),
(599, 4),
(599, 8),
(600, 5),
(600, 6),
(601, 5),
(601, 7),
(602, 5),
(602, 8),
(604, 9),
(605, 10),
(606, 11),
(608, 9),
(609, 10),
(610, 11),
(613, 9),
(614, 10),
(615, 11),
(617, 12),
(618, 13),
(619, 14),
(621, 1),
(621, 6),
(622, 1),
(622, 7),
(623, 1),
(623, 8),
(624, 2),
(624, 6),
(625, 2),
(625, 7),
(626, 2),
(626, 8),
(627, 3),
(627, 6),
(628, 3),
(628, 7),
(629, 3),
(629, 8),
(630, 4),
(630, 6),
(631, 4),
(631, 7),
(632, 4),
(632, 8),
(633, 5),
(633, 6),
(634, 5),
(634, 7),
(635, 5),
(635, 8),
(638, 12),
(639, 13),
(640, 14),
(642, 12),
(643, 13),
(644, 14),
(646, 1),
(646, 6),
(647, 1),
(647, 7),
(648, 1),
(648, 8),
(649, 2),
(649, 6),
(650, 2),
(650, 7),
(651, 2),
(651, 8),
(652, 3),
(652, 6),
(653, 3),
(653, 7),
(654, 3),
(654, 8),
(655, 4),
(655, 6),
(656, 4),
(656, 7),
(657, 4),
(657, 8),
(658, 5),
(658, 6),
(659, 5),
(659, 7),
(660, 5),
(660, 8),
(662, 1),
(662, 6),
(663, 1),
(663, 7),
(664, 1),
(664, 8),
(665, 2),
(665, 6),
(666, 2),
(666, 7),
(667, 2),
(667, 8),
(668, 3),
(668, 6),
(669, 3),
(669, 7),
(670, 3),
(670, 8),
(671, 4),
(671, 6),
(672, 4),
(672, 7),
(673, 4),
(673, 8),
(674, 5),
(674, 6),
(675, 5),
(675, 7),
(676, 5),
(676, 8),
(679, 1),
(679, 6),
(680, 1),
(680, 7),
(681, 1),
(681, 8),
(682, 2),
(682, 6),
(683, 2),
(683, 7),
(684, 2),
(684, 8),
(685, 3),
(685, 6),
(686, 3),
(686, 7),
(687, 3),
(687, 8),
(688, 4),
(688, 6),
(689, 4),
(689, 7),
(690, 4),
(690, 8),
(691, 5),
(691, 6),
(692, 5),
(692, 7),
(693, 5),
(693, 8),
(695, 12),
(696, 13),
(697, 14),
(701, 12),
(702, 13),
(703, 14),
(705, 12),
(706, 13),
(707, 14),
(710, 9),
(711, 10),
(712, 11),
(714, 12),
(715, 13),
(716, 14),
(721, 12),
(722, 13),
(723, 14),
(725, 1),
(725, 6),
(726, 1),
(726, 7),
(727, 1),
(727, 8),
(728, 2),
(728, 6),
(729, 2),
(729, 7),
(730, 2),
(730, 8),
(731, 3),
(731, 6),
(732, 3),
(732, 7),
(733, 3),
(733, 8),
(734, 4),
(734, 6),
(735, 4),
(735, 7),
(736, 4),
(736, 8),
(737, 5),
(737, 6),
(738, 5),
(738, 7),
(739, 5),
(739, 8),
(741, 1),
(741, 6),
(742, 1),
(742, 7),
(743, 1),
(743, 8),
(744, 2),
(744, 6),
(745, 2),
(745, 7),
(746, 2),
(746, 8),
(747, 3),
(747, 6),
(748, 3),
(748, 7),
(749, 3),
(749, 8),
(750, 4),
(750, 6),
(751, 4),
(751, 7),
(752, 4),
(752, 8),
(753, 5),
(753, 6),
(754, 5),
(754, 7),
(755, 5),
(755, 8),
(757, 12),
(758, 13),
(759, 14),
(761, 9),
(762, 10),
(763, 11),
(765, 9),
(766, 10),
(767, 11),
(769, 12),
(770, 13),
(771, 14),
(773, 1),
(773, 6),
(774, 1),
(774, 7),
(775, 1),
(775, 8),
(776, 2),
(776, 6),
(777, 2),
(777, 7),
(778, 2),
(778, 8),
(779, 3),
(779, 6),
(780, 3),
(780, 7),
(781, 3),
(781, 8),
(782, 4),
(782, 6),
(783, 4),
(783, 7),
(784, 4),
(784, 8),
(785, 5),
(785, 6),
(786, 5),
(786, 7),
(787, 5),
(787, 8),
(789, 9),
(790, 10),
(791, 11),
(794, 9),
(795, 10),
(796, 11),
(801, 12),
(802, 13),
(803, 14),
(806, 9),
(807, 10),
(808, 11),
(810, 1),
(810, 6),
(811, 1),
(811, 7),
(812, 1),
(812, 8),
(813, 2),
(813, 6),
(814, 2),
(814, 7),
(815, 2),
(815, 8),
(816, 3),
(816, 6),
(817, 3),
(817, 7),
(818, 3),
(818, 8),
(819, 4),
(819, 6),
(820, 4),
(820, 7),
(821, 4),
(821, 8),
(822, 5),
(822, 6),
(823, 5),
(823, 7),
(824, 5),
(824, 8),
(826, 1),
(826, 6),
(827, 1),
(827, 7),
(828, 1),
(828, 8),
(829, 2),
(829, 6),
(830, 2),
(830, 7),
(831, 2),
(831, 8),
(832, 3),
(832, 6),
(833, 3),
(833, 7),
(834, 3),
(834, 8),
(835, 4),
(835, 6),
(836, 4),
(836, 7),
(837, 4),
(837, 8),
(838, 5),
(838, 6),
(839, 5),
(839, 7),
(840, 5),
(840, 8);

-- --------------------------------------------------------

--
-- Table structure for table `sylius_zone`
--

CREATE TABLE IF NOT EXISTS `sylius_zone` (
  `id` int(11) NOT NULL AUTO_INCREMENT,
  `name` varchar(255) COLLATE utf8_unicode_ci NOT NULL,
  `type` varchar(8) COLLATE utf8_unicode_ci NOT NULL,
  PRIMARY KEY (`id`)
) ENGINE=InnoDB  DEFAULT CHARSET=utf8 COLLATE=utf8_unicode_ci AUTO_INCREMENT=5 ;

--
-- Dumping data for table `sylius_zone`
--

INSERT INTO `sylius_zone` (`id`, `name`, `type`) VALUES
(1, 'EU', 'country'),
(2, 'USA', 'country'),
(3, 'EU + USA', 'zone'),
(4, 'Rest of World', 'country');

-- --------------------------------------------------------

--
-- Table structure for table `sylius_zone_member`
--

CREATE TABLE IF NOT EXISTS `sylius_zone_member` (
  `id` int(11) NOT NULL AUTO_INCREMENT,
  `belongs_to` int(11) DEFAULT NULL,
  `country_id` int(11) DEFAULT NULL,
  `province_id` int(11) DEFAULT NULL,
  `zone_id` int(11) DEFAULT NULL,
  `type` varchar(8) COLLATE utf8_unicode_ci NOT NULL,
  PRIMARY KEY (`id`),
  KEY `IDX_E8B5ABF34B0E929B` (`belongs_to`),
  KEY `IDX_E8B5ABF3F92F3E70` (`country_id`),
  KEY `IDX_E8B5ABF3E946114A` (`province_id`),
  KEY `IDX_E8B5ABF39F2C3FAB` (`zone_id`)
) ENGINE=InnoDB  DEFAULT CHARSET=utf8 COLLATE=utf8_unicode_ci AUTO_INCREMENT=290 ;

--
-- Dumping data for table `sylius_zone_member`
--

INSERT INTO `sylius_zone_member` (`id`, `belongs_to`, `country_id`, `province_id`, `zone_id`, `type`) VALUES
(1, 1, 23, NULL, NULL, 'country'),
(2, 1, 36, NULL, NULL, 'country'),
(3, 1, 65, NULL, NULL, 'country'),
(4, 1, 66, NULL, NULL, 'country'),
(5, 1, 90, NULL, NULL, 'country'),
(6, 1, 76, NULL, NULL, 'country'),
(7, 1, 113, NULL, NULL, 'country'),
(8, 1, 93, NULL, NULL, 'country'),
(9, 1, 217, NULL, NULL, 'country'),
(10, 1, 83, NULL, NULL, 'country'),
(11, 1, 116, NULL, NULL, 'country'),
(12, 1, 64, NULL, NULL, 'country'),
(13, 1, 127, NULL, NULL, 'country'),
(14, 1, 127, NULL, NULL, 'country'),
(15, 1, 133, NULL, NULL, 'country'),
(16, 1, 134, NULL, NULL, 'country'),
(17, 1, 107, NULL, NULL, 'country'),
(18, 1, 142, NULL, NULL, 'country'),
(19, 1, 161, NULL, NULL, 'country'),
(20, 1, 16, NULL, NULL, 'country'),
(21, 1, 184, NULL, NULL, 'country'),
(22, 1, 185, NULL, NULL, 'country'),
(23, 1, 189, NULL, NULL, 'country'),
(24, 1, 210, NULL, NULL, 'country'),
(25, 1, 209, NULL, NULL, 'country'),
(26, 1, 82, NULL, NULL, 'country'),
(27, 1, 223, NULL, NULL, 'country'),
(28, 1, 246, NULL, NULL, 'country'),
(29, 2, 247, NULL, NULL, 'country'),
(30, 4, NULL, NULL, NULL, 'country'),
(31, 4, NULL, NULL, NULL, 'country'),
(32, 4, NULL, NULL, NULL, 'country'),
(33, 4, NULL, NULL, NULL, 'country'),
(34, 4, NULL, NULL, NULL, 'country'),
(35, 4, NULL, NULL, NULL, 'country'),
(36, 4, NULL, NULL, NULL, 'country'),
(37, 4, NULL, NULL, NULL, 'country'),
(38, 4, NULL, NULL, NULL, 'country'),
(39, 4, NULL, NULL, NULL, 'country'),
(40, 4, NULL, NULL, NULL, 'country'),
(41, 4, NULL, NULL, NULL, 'country'),
(42, 4, NULL, NULL, NULL, 'country'),
(43, 4, NULL, NULL, NULL, 'country'),
(44, 4, NULL, NULL, NULL, 'country'),
(45, 4, NULL, NULL, NULL, 'country'),
(46, 4, NULL, NULL, NULL, 'country'),
(47, 4, NULL, NULL, NULL, 'country'),
(48, 4, NULL, NULL, NULL, 'country'),
(49, 4, NULL, NULL, NULL, 'country'),
(50, 4, NULL, NULL, NULL, 'country'),
(51, 4, NULL, NULL, NULL, 'country'),
(52, 4, NULL, NULL, NULL, 'country'),
(53, 4, NULL, NULL, NULL, 'country'),
(54, 4, NULL, NULL, NULL, 'country'),
(55, 4, NULL, NULL, NULL, 'country'),
(56, 4, NULL, NULL, NULL, 'country'),
(57, 4, NULL, NULL, NULL, 'country'),
(58, 4, NULL, NULL, NULL, 'country'),
(59, 4, NULL, NULL, NULL, 'country'),
(60, 4, NULL, NULL, NULL, 'country'),
(61, 4, NULL, NULL, NULL, 'country'),
(62, 4, NULL, NULL, NULL, 'country'),
(63, 4, NULL, NULL, NULL, 'country'),
(64, 4, NULL, NULL, NULL, 'country'),
(65, 4, NULL, NULL, NULL, 'country'),
(66, 4, NULL, NULL, NULL, 'country'),
(67, 4, NULL, NULL, NULL, 'country'),
(68, 4, NULL, NULL, NULL, 'country'),
(69, 4, NULL, NULL, NULL, 'country'),
(70, 4, NULL, NULL, NULL, 'country'),
(71, 4, NULL, NULL, NULL, 'country'),
(72, 4, NULL, NULL, NULL, 'country'),
(73, 4, NULL, NULL, NULL, 'country'),
(74, 4, NULL, NULL, NULL, 'country'),
(75, 4, NULL, NULL, NULL, 'country'),
(76, 4, NULL, NULL, NULL, 'country'),
(77, 4, NULL, NULL, NULL, 'country'),
(78, 4, NULL, NULL, NULL, 'country'),
(79, 4, NULL, NULL, NULL, 'country'),
(80, 4, NULL, NULL, NULL, 'country'),
(81, 4, NULL, NULL, NULL, 'country'),
(82, 4, NULL, NULL, NULL, 'country'),
(83, 4, NULL, NULL, NULL, 'country'),
(84, 4, NULL, NULL, NULL, 'country'),
(85, 4, NULL, NULL, NULL, 'country'),
(86, 4, NULL, NULL, NULL, 'country'),
(87, 4, NULL, NULL, NULL, 'country'),
(88, 4, NULL, NULL, NULL, 'country'),
(89, 4, NULL, NULL, NULL, 'country'),
(90, 4, NULL, NULL, NULL, 'country'),
(91, 4, NULL, NULL, NULL, 'country'),
(92, 4, NULL, NULL, NULL, 'country'),
(93, 4, NULL, NULL, NULL, 'country'),
(94, 4, NULL, NULL, NULL, 'country'),
(95, 4, NULL, NULL, NULL, 'country'),
(96, 4, NULL, NULL, NULL, 'country'),
(97, 4, NULL, NULL, NULL, 'country'),
(98, 4, NULL, NULL, NULL, 'country'),
(99, 4, NULL, NULL, NULL, 'country'),
(100, 4, NULL, NULL, NULL, 'country'),
(101, 4, NULL, NULL, NULL, 'country'),
(102, 4, NULL, NULL, NULL, 'country'),
(103, 4, NULL, NULL, NULL, 'country'),
(104, 4, NULL, NULL, NULL, 'country'),
(105, 4, NULL, NULL, NULL, 'country'),
(106, 4, NULL, NULL, NULL, 'country'),
(107, 4, NULL, NULL, NULL, 'country'),
(108, 4, NULL, NULL, NULL, 'country'),
(109, 4, NULL, NULL, NULL, 'country'),
(110, 4, NULL, NULL, NULL, 'country'),
(111, 4, NULL, NULL, NULL, 'country'),
(112, 4, NULL, NULL, NULL, 'country'),
(113, 4, NULL, NULL, NULL, 'country'),
(114, 4, NULL, NULL, NULL, 'country'),
(115, 4, NULL, NULL, NULL, 'country'),
(116, 4, NULL, NULL, NULL, 'country'),
(117, 4, NULL, NULL, NULL, 'country'),
(118, 4, NULL, NULL, NULL, 'country'),
(119, 4, NULL, NULL, NULL, 'country'),
(120, 4, NULL, NULL, NULL, 'country'),
(121, 4, NULL, NULL, NULL, 'country'),
(122, 4, NULL, NULL, NULL, 'country'),
(123, 4, NULL, NULL, NULL, 'country'),
(124, 4, NULL, NULL, NULL, 'country'),
(125, 4, NULL, NULL, NULL, 'country'),
(126, 4, NULL, NULL, NULL, 'country'),
(127, 4, NULL, NULL, NULL, 'country'),
(128, 4, NULL, NULL, NULL, 'country'),
(129, 4, NULL, NULL, NULL, 'country'),
(130, 4, NULL, NULL, NULL, 'country'),
(131, 4, NULL, NULL, NULL, 'country'),
(132, 4, NULL, NULL, NULL, 'country'),
(133, 4, NULL, NULL, NULL, 'country'),
(134, 4, NULL, NULL, NULL, 'country'),
(135, 4, NULL, NULL, NULL, 'country'),
(136, 4, NULL, NULL, NULL, 'country'),
(137, 4, NULL, NULL, NULL, 'country'),
(138, 4, NULL, NULL, NULL, 'country'),
(139, 4, NULL, NULL, NULL, 'country'),
(140, 4, NULL, NULL, NULL, 'country'),
(141, 4, NULL, NULL, NULL, 'country'),
(142, 4, NULL, NULL, NULL, 'country'),
(143, 4, NULL, NULL, NULL, 'country'),
(144, 4, NULL, NULL, NULL, 'country'),
(145, 4, NULL, NULL, NULL, 'country'),
(146, 4, NULL, NULL, NULL, 'country'),
(147, 4, NULL, NULL, NULL, 'country'),
(148, 4, NULL, NULL, NULL, 'country'),
(149, 4, NULL, NULL, NULL, 'country'),
(150, 4, NULL, NULL, NULL, 'country'),
(151, 4, NULL, NULL, NULL, 'country'),
(152, 4, NULL, NULL, NULL, 'country'),
(153, 4, NULL, NULL, NULL, 'country'),
(154, 4, NULL, NULL, NULL, 'country'),
(155, 4, NULL, NULL, NULL, 'country'),
(156, 4, NULL, NULL, NULL, 'country'),
(157, 4, NULL, NULL, NULL, 'country'),
(158, 4, NULL, NULL, NULL, 'country'),
(159, 4, NULL, NULL, NULL, 'country'),
(160, 4, NULL, NULL, NULL, 'country'),
(161, 4, NULL, NULL, NULL, 'country'),
(162, 4, NULL, NULL, NULL, 'country'),
(163, 4, NULL, NULL, NULL, 'country'),
(164, 4, NULL, NULL, NULL, 'country'),
(165, 4, NULL, NULL, NULL, 'country'),
(166, 4, NULL, NULL, NULL, 'country'),
(167, 4, NULL, NULL, NULL, 'country'),
(168, 4, NULL, NULL, NULL, 'country'),
(169, 4, NULL, NULL, NULL, 'country'),
(170, 4, NULL, NULL, NULL, 'country'),
(171, 4, NULL, NULL, NULL, 'country'),
(172, 4, NULL, NULL, NULL, 'country'),
(173, 4, NULL, NULL, NULL, 'country'),
(174, 4, NULL, NULL, NULL, 'country'),
(175, 4, NULL, NULL, NULL, 'country'),
(176, 4, NULL, NULL, NULL, 'country'),
(177, 4, NULL, NULL, NULL, 'country'),
(178, 4, NULL, NULL, NULL, 'country'),
(179, 4, NULL, NULL, NULL, 'country'),
(180, 4, NULL, NULL, NULL, 'country'),
(181, 4, NULL, NULL, NULL, 'country'),
(182, 4, NULL, NULL, NULL, 'country'),
(183, 4, NULL, NULL, NULL, 'country'),
(184, 4, NULL, NULL, NULL, 'country'),
(185, 4, NULL, NULL, NULL, 'country'),
(186, 4, NULL, NULL, NULL, 'country'),
(187, 4, NULL, NULL, NULL, 'country'),
(188, 4, NULL, NULL, NULL, 'country'),
(189, 4, NULL, NULL, NULL, 'country'),
(190, 4, NULL, NULL, NULL, 'country'),
(191, 4, NULL, NULL, NULL, 'country'),
(192, 4, NULL, NULL, NULL, 'country'),
(193, 4, NULL, NULL, NULL, 'country'),
(194, 4, NULL, NULL, NULL, 'country'),
(195, 4, NULL, NULL, NULL, 'country'),
(196, 4, NULL, NULL, NULL, 'country'),
(197, 4, NULL, NULL, NULL, 'country'),
(198, 4, NULL, NULL, NULL, 'country'),
(199, 4, NULL, NULL, NULL, 'country'),
(200, 4, NULL, NULL, NULL, 'country'),
(201, 4, NULL, NULL, NULL, 'country'),
(202, 4, NULL, NULL, NULL, 'country'),
(203, 4, NULL, NULL, NULL, 'country'),
(204, 4, NULL, NULL, NULL, 'country'),
(205, 4, NULL, NULL, NULL, 'country'),
(206, 4, NULL, NULL, NULL, 'country'),
(207, 4, NULL, NULL, NULL, 'country'),
(208, 4, NULL, NULL, NULL, 'country'),
(209, 4, NULL, NULL, NULL, 'country'),
(210, 4, NULL, NULL, NULL, 'country'),
(211, 4, NULL, NULL, NULL, 'country'),
(212, 4, NULL, NULL, NULL, 'country'),
(213, 4, NULL, NULL, NULL, 'country'),
(214, 4, NULL, NULL, NULL, 'country'),
(215, 4, NULL, NULL, NULL, 'country'),
(216, 4, NULL, NULL, NULL, 'country'),
(217, 4, NULL, NULL, NULL, 'country'),
(218, 4, NULL, NULL, NULL, 'country'),
(219, 4, NULL, NULL, NULL, 'country'),
(220, 4, NULL, NULL, NULL, 'country'),
(221, 4, NULL, NULL, NULL, 'country'),
(222, 4, NULL, NULL, NULL, 'country'),
(223, 4, NULL, NULL, NULL, 'country'),
(224, 4, NULL, NULL, NULL, 'country'),
(225, 4, NULL, NULL, NULL, 'country'),
(226, 4, NULL, NULL, NULL, 'country'),
(227, 4, NULL, NULL, NULL, 'country'),
(228, 4, NULL, NULL, NULL, 'country'),
(229, 4, NULL, NULL, NULL, 'country'),
(230, 4, NULL, NULL, NULL, 'country'),
(231, 4, NULL, NULL, NULL, 'country'),
(232, 4, NULL, NULL, NULL, 'country'),
(233, 4, NULL, NULL, NULL, 'country'),
(234, 4, NULL, NULL, NULL, 'country'),
(235, 4, NULL, NULL, NULL, 'country'),
(236, 4, NULL, NULL, NULL, 'country'),
(237, 4, NULL, NULL, NULL, 'country'),
(238, 4, NULL, NULL, NULL, 'country'),
(239, 4, NULL, NULL, NULL, 'country'),
(240, 4, NULL, NULL, NULL, 'country'),
(241, 4, NULL, NULL, NULL, 'country'),
(242, 4, NULL, NULL, NULL, 'country'),
(243, 4, NULL, NULL, NULL, 'country'),
(244, 4, NULL, NULL, NULL, 'country'),
(245, 4, NULL, NULL, NULL, 'country'),
(246, 4, NULL, NULL, NULL, 'country'),
(247, 4, NULL, NULL, NULL, 'country'),
(248, 4, NULL, NULL, NULL, 'country'),
(249, 4, NULL, NULL, NULL, 'country'),
(250, 4, NULL, NULL, NULL, 'country'),
(251, 4, NULL, NULL, NULL, 'country'),
(252, 4, NULL, NULL, NULL, 'country'),
(253, 4, NULL, NULL, NULL, 'country'),
(254, 4, NULL, NULL, NULL, 'country'),
(255, 4, NULL, NULL, NULL, 'country'),
(256, 4, NULL, NULL, NULL, 'country'),
(257, 4, NULL, NULL, NULL, 'country'),
(258, 4, NULL, NULL, NULL, 'country'),
(259, 4, NULL, NULL, NULL, 'country'),
(260, 4, NULL, NULL, NULL, 'country'),
(261, 4, NULL, NULL, NULL, 'country'),
(262, 4, NULL, NULL, NULL, 'country'),
(263, 4, NULL, NULL, NULL, 'country'),
(264, 4, NULL, NULL, NULL, 'country'),
(265, 4, NULL, NULL, NULL, 'country'),
(266, 4, NULL, NULL, NULL, 'country'),
(267, 4, NULL, NULL, NULL, 'country'),
(268, 4, NULL, NULL, NULL, 'country'),
(269, 4, NULL, NULL, NULL, 'country'),
(270, 4, NULL, NULL, NULL, 'country'),
(271, 4, NULL, NULL, NULL, 'country'),
(272, 4, NULL, NULL, NULL, 'country'),
(273, 4, NULL, NULL, NULL, 'country'),
(274, 4, NULL, NULL, NULL, 'country'),
(275, 4, NULL, NULL, NULL, 'country'),
(276, 4, NULL, NULL, NULL, 'country'),
(277, 4, NULL, NULL, NULL, 'country'),
(278, 4, NULL, NULL, NULL, 'country'),
(279, 4, NULL, NULL, NULL, 'country'),
(280, 4, NULL, NULL, NULL, 'country'),
(281, 4, NULL, NULL, NULL, 'country'),
(282, 4, NULL, NULL, NULL, 'country'),
(283, 4, NULL, NULL, NULL, 'country'),
(284, 4, NULL, NULL, NULL, 'country'),
(285, 4, NULL, NULL, NULL, 'country'),
(286, 4, NULL, NULL, NULL, 'country'),
(287, 4, NULL, NULL, NULL, 'country'),
(288, 3, NULL, NULL, 1, 'zone'),
(289, 3, NULL, NULL, 2, 'zone');

--
-- Constraints for dumped tables
--

--
-- Constraints for table `sylius_address`
--
ALTER TABLE `sylius_address`
  ADD CONSTRAINT `FK_B97FF058E946114A` FOREIGN KEY (`province_id`) REFERENCES `sylius_province` (`id`),
  ADD CONSTRAINT `FK_B97FF058F92F3E70` FOREIGN KEY (`country_id`) REFERENCES `sylius_country` (`id`);

--
-- Constraints for table `sylius_adjustment`
--
ALTER TABLE `sylius_adjustment`
  ADD CONSTRAINT `FK_ACA6E0F28D9F6D38` FOREIGN KEY (`order_id`) REFERENCES `sylius_order` (`id`),
  ADD CONSTRAINT `FK_ACA6E0F2E415FB15` FOREIGN KEY (`order_item_id`) REFERENCES `sylius_order_item` (`id`);

--
-- Constraints for table `sylius_inventory_unit`
--
ALTER TABLE `sylius_inventory_unit`
  ADD CONSTRAINT `FK_4A2769867BE036FC` FOREIGN KEY (`shipment_id`) REFERENCES `sylius_shipment` (`id`),
  ADD CONSTRAINT `FK_4A2769868D9F6D38` FOREIGN KEY (`order_id`) REFERENCES `sylius_order` (`id`),
  ADD CONSTRAINT `FK_4A276986FBE8234` FOREIGN KEY (`stockable_id`) REFERENCES `sylius_variant` (`id`);

--
-- Constraints for table `sylius_option_value`
--
ALTER TABLE `sylius_option_value`
  ADD CONSTRAINT `FK_E05AED9DA7C41D6F` FOREIGN KEY (`option_id`) REFERENCES `sylius_option` (`id`);

--
-- Constraints for table `sylius_order`
--
ALTER TABLE `sylius_order`
  ADD CONSTRAINT `FK_6196A1F94C3A3BB` FOREIGN KEY (`payment_id`) REFERENCES `sylius_payment` (`id`),
  ADD CONSTRAINT `FK_6196A1F94D4CFF2B` FOREIGN KEY (`shipping_address_id`) REFERENCES `sylius_address` (`id`),
  ADD CONSTRAINT `FK_6196A1F979D0C0E4` FOREIGN KEY (`billing_address_id`) REFERENCES `sylius_address` (`id`),
  ADD CONSTRAINT `FK_6196A1F9A76ED395` FOREIGN KEY (`user_id`) REFERENCES `sylius_user` (`id`);

--
-- Constraints for table `sylius_order_item`
--
ALTER TABLE `sylius_order_item`
  ADD CONSTRAINT `FK_77B587ED3B69A9AF` FOREIGN KEY (`variant_id`) REFERENCES `sylius_variant` (`id`),
  ADD CONSTRAINT `FK_77B587ED8D9F6D38` FOREIGN KEY (`order_id`) REFERENCES `sylius_order` (`id`);

--
-- Constraints for table `sylius_payment`
--
ALTER TABLE `sylius_payment`
  ADD CONSTRAINT `FK_D9191BD419883967` FOREIGN KEY (`method_id`) REFERENCES `sylius_payment_method` (`id`) ON DELETE SET NULL,
  ADD CONSTRAINT `FK_D9191BD47048FD0F` FOREIGN KEY (`credit_card_id`) REFERENCES `sylius_credit_card` (`id`) ON DELETE SET NULL;

--
-- Constraints for table `sylius_payment_log`
--
ALTER TABLE `sylius_payment_log`
  ADD CONSTRAINT `FK_1F1ED0084C3A3BB` FOREIGN KEY (`payment_id`) REFERENCES `sylius_payment` (`id`);

--
-- Constraints for table `sylius_product`
--
ALTER TABLE `sylius_product`
  ADD CONSTRAINT `FK_677B9B749DF894ED` FOREIGN KEY (`tax_category_id`) REFERENCES `sylius_tax_category` (`id`),
  ADD CONSTRAINT `FK_677B9B749E2D1A41` FOREIGN KEY (`shipping_category_id`) REFERENCES `sylius_shipping_category` (`id`);

--
-- Constraints for table `sylius_product_option`
--
ALTER TABLE `sylius_product_option`
  ADD CONSTRAINT `FK_E4C0EBEF4584665A` FOREIGN KEY (`product_id`) REFERENCES `sylius_product` (`id`) ON DELETE CASCADE,
  ADD CONSTRAINT `FK_E4C0EBEFA7C41D6F` FOREIGN KEY (`option_id`) REFERENCES `sylius_option` (`id`) ON DELETE CASCADE;

--
-- Constraints for table `sylius_product_property`
--
ALTER TABLE `sylius_product_property`
  ADD CONSTRAINT `FK_8109D8F34584665A` FOREIGN KEY (`product_id`) REFERENCES `sylius_product` (`id`),
  ADD CONSTRAINT `FK_8109D8F3549213EC` FOREIGN KEY (`property_id`) REFERENCES `sylius_property` (`id`);

--
-- Constraints for table `sylius_product_taxon`
--
ALTER TABLE `sylius_product_taxon`
  ADD CONSTRAINT `FK_169C6CD94584665A` FOREIGN KEY (`product_id`) REFERENCES `sylius_product` (`id`) ON DELETE CASCADE,
  ADD CONSTRAINT `FK_169C6CD9DE13F470` FOREIGN KEY (`taxon_id`) REFERENCES `sylius_taxon` (`id`) ON DELETE CASCADE;

--
-- Constraints for table `sylius_promotion_action`
--
ALTER TABLE `sylius_promotion_action`
  ADD CONSTRAINT `FK_933D0915139DF194` FOREIGN KEY (`promotion_id`) REFERENCES `sylius_promotion` (`id`);

--
-- Constraints for table `sylius_promotion_coupon`
--
ALTER TABLE `sylius_promotion_coupon`
  ADD CONSTRAINT `FK_B04EBA85139DF194` FOREIGN KEY (`promotion_id`) REFERENCES `sylius_promotion` (`id`);

--
-- Constraints for table `sylius_promotion_rule`
--
ALTER TABLE `sylius_promotion_rule`
  ADD CONSTRAINT `FK_2C188EA8139DF194` FOREIGN KEY (`promotion_id`) REFERENCES `sylius_promotion` (`id`);

--
-- Constraints for table `sylius_prototype_option`
--
ALTER TABLE `sylius_prototype_option`
  ADD CONSTRAINT `FK_B458391B25998077` FOREIGN KEY (`prototype_id`) REFERENCES `sylius_prototype` (`id`),
  ADD CONSTRAINT `FK_B458391BA7C41D6F` FOREIGN KEY (`option_id`) REFERENCES `sylius_option` (`id`);

--
-- Constraints for table `sylius_prototype_property`
--
ALTER TABLE `sylius_prototype_property`
  ADD CONSTRAINT `FK_99041F2A25998077` FOREIGN KEY (`prototype_id`) REFERENCES `sylius_prototype` (`id`),
  ADD CONSTRAINT `FK_99041F2A549213EC` FOREIGN KEY (`property_id`) REFERENCES `sylius_property` (`id`);

--
-- Constraints for table `sylius_province`
--
ALTER TABLE `sylius_province`
  ADD CONSTRAINT `FK_B5618FE4F92F3E70` FOREIGN KEY (`country_id`) REFERENCES `sylius_country` (`id`);

--
-- Constraints for table `sylius_shipment`
--
ALTER TABLE `sylius_shipment`
  ADD CONSTRAINT `FK_FD707B3319883967` FOREIGN KEY (`method_id`) REFERENCES `sylius_shipping_method` (`id`),
  ADD CONSTRAINT `FK_FD707B338D9F6D38` FOREIGN KEY (`order_id`) REFERENCES `sylius_order` (`id`);

--
-- Constraints for table `sylius_shipping_method`
--
ALTER TABLE `sylius_shipping_method`
  ADD CONSTRAINT `FK_5FB0EE1112469DE2` FOREIGN KEY (`category_id`) REFERENCES `sylius_shipping_category` (`id`),
  ADD CONSTRAINT `FK_5FB0EE119F2C3FAB` FOREIGN KEY (`zone_id`) REFERENCES `sylius_zone` (`id`);

--
-- Constraints for table `sylius_shipping_rule`
--
ALTER TABLE `sylius_shipping_rule`
  ADD CONSTRAINT `FK_3BC30EE019883967` FOREIGN KEY (`method_id`) REFERENCES `sylius_shipping_method` (`id`);

--
-- Constraints for table `sylius_taxon`
--
ALTER TABLE `sylius_taxon`
  ADD CONSTRAINT `FK_CFD811CA727ACA70` FOREIGN KEY (`parent_id`) REFERENCES `sylius_taxon` (`id`) ON DELETE CASCADE,
  ADD CONSTRAINT `FK_CFD811CA9557E6F6` FOREIGN KEY (`taxonomy_id`) REFERENCES `sylius_taxonomy` (`id`) ON DELETE SET NULL;

--
-- Constraints for table `sylius_taxonomy`
--
ALTER TABLE `sylius_taxonomy`
  ADD CONSTRAINT `FK_2A9E3D279066886` FOREIGN KEY (`root_id`) REFERENCES `sylius_taxon` (`id`) ON DELETE SET NULL;

--
-- Constraints for table `sylius_tax_rate`
--
ALTER TABLE `sylius_tax_rate`
  ADD CONSTRAINT `FK_3CD86B2E12469DE2` FOREIGN KEY (`category_id`) REFERENCES `sylius_tax_category` (`id`),
  ADD CONSTRAINT `FK_3CD86B2E9F2C3FAB` FOREIGN KEY (`zone_id`) REFERENCES `sylius_zone` (`id`);

--
-- Constraints for table `sylius_user`
--
ALTER TABLE `sylius_user`
  ADD CONSTRAINT `FK_569A33C04D4CFF2B` FOREIGN KEY (`shipping_address_id`) REFERENCES `sylius_address` (`id`),
  ADD CONSTRAINT `FK_569A33C079D0C0E4` FOREIGN KEY (`billing_address_id`) REFERENCES `sylius_address` (`id`);

--
-- Constraints for table `sylius_user_address`
--
ALTER TABLE `sylius_user_address`
  ADD CONSTRAINT `FK_9185794AA76ED395` FOREIGN KEY (`user_id`) REFERENCES `sylius_user` (`id`) ON DELETE CASCADE,
  ADD CONSTRAINT `FK_9185794AF5B7AF75` FOREIGN KEY (`address_id`) REFERENCES `sylius_address` (`id`) ON DELETE CASCADE;

--
-- Constraints for table `sylius_user_group`
--
ALTER TABLE `sylius_user_group`
  ADD CONSTRAINT `FK_AA5D2779A76ED395` FOREIGN KEY (`user_id`) REFERENCES `sylius_user` (`id`) ON DELETE CASCADE,
  ADD CONSTRAINT `FK_AA5D2779FE54D947` FOREIGN KEY (`group_id`) REFERENCES `sylius_group` (`id`) ON DELETE CASCADE;

--
-- Constraints for table `sylius_variant`
--
ALTER TABLE `sylius_variant`
  ADD CONSTRAINT `FK_457220744584665A` FOREIGN KEY (`product_id`) REFERENCES `sylius_product` (`id`);

--
-- Constraints for table `sylius_variant_image`
--
ALTER TABLE `sylius_variant_image`
  ADD CONSTRAINT `FK_A910AF2C3B69A9AF` FOREIGN KEY (`variant_id`) REFERENCES `sylius_variant` (`id`);

--
-- Constraints for table `sylius_variant_option_value`
--
ALTER TABLE `sylius_variant_option_value`
  ADD CONSTRAINT `FK_C2666DC93B69A9AF` FOREIGN KEY (`variant_id`) REFERENCES `sylius_variant` (`id`) ON DELETE CASCADE,
  ADD CONSTRAINT `FK_C2666DC9D957CA06` FOREIGN KEY (`option_value_id`) REFERENCES `sylius_option_value` (`id`) ON DELETE CASCADE;

--
-- Constraints for table `sylius_zone_member`
--
ALTER TABLE `sylius_zone_member`
  ADD CONSTRAINT `FK_E8B5ABF34B0E929B` FOREIGN KEY (`belongs_to`) REFERENCES `sylius_zone` (`id`),
  ADD CONSTRAINT `FK_E8B5ABF39F2C3FAB` FOREIGN KEY (`zone_id`) REFERENCES `sylius_zone` (`id`),
  ADD CONSTRAINT `FK_E8B5ABF3E946114A` FOREIGN KEY (`province_id`) REFERENCES `sylius_province` (`id`),
  ADD CONSTRAINT `FK_E8B5ABF3F92F3E70` FOREIGN KEY (`country_id`) REFERENCES `sylius_country` (`id`);

/*!40101 SET CHARACTER_SET_CLIENT=@OLD_CHARACTER_SET_CLIENT */;
/*!40101 SET CHARACTER_SET_RESULTS=@OLD_CHARACTER_SET_RESULTS */;
/*!40101 SET COLLATION_CONNECTION=@OLD_COLLATION_CONNECTION */;
